window_s,sigma_mult,max_hold_s,n,win_rate,mean_r,median_r,total_r,max_r,min_r,mean_mfe_r,mean_cost_r,median_hold_s,stop_rate,p_ge_1r,p_ge_2r,p_ge_3r,p_ge_5r,p_ge_10r,profit_factor,stratum
3,4.0,900,3833,0.12809809548656406,-1.5508609298006102,-2.1038257539492347,-5944.449943925739,20.436461675935004,-13.155946740588606,1.9358811584221467,1.4572825096511304,822.0,0.5134359509522567,0.06183146360553091,0.03182885468301591,0.021132272371510566,0.009392121054004696,0.001826245760500913,0.12404600370503717,align:counter_trend
3,4.0,3600,3805,0.15374507227332457,-1.5751021911675924,-2.138126294632973,-5993.263837392689,51.20445207868692,-13.155946740588606,3.8819406234659244,1.4589112163092655,806.0,0.7151116951379763,0.10223390275952694,0.0683311432325887,0.04336399474375821,0.022076215505913273,0.006570302233902759,0.21176290572782108,align:counter_trend
3,4.0,14400,3762,0.10473152578415737,-1.5642130212242407,-2.1893500937861443,-5884.569385845593,52.57559189968335,-13.155946740588606,8.240047142082464,1.4624376414857834,785.5,0.8692185007974481,0.0834662413609782,0.06804891015417332,0.05688463583200425,0.04093567251461988,0.024455077086656035,0.30776100277744706,align:counter_trend
3,4.0,86400,3660,0.03278688524590164,-1.257255233185373,-2.2202560177747657,-4601.554153458465,184.0942047526187,-13.155946740588606,25.04227558602907,1.4687570722638226,719.0,0.9666666666666667,0.03224043715846994,0.03114754098360656,0.030054644808743168,0.027868852459016394,0.023224043715846996,0.4920570462454882,align:counter_trend
3,6.0,900,1187,0.11288963774220724,-1.7122682726400207,-1.7844204750407686,-2032.4624396237045,9.089586001866532,-13.155946740588606,1.617450965449877,1.584204781701003,900.0,0.4700926705981466,0.04296545914069082,0.017691659646166806,0.010951979780960405,0.003369839932603201,0.0,0.06968830596952136,align:counter_trend
3,6.0,3600,1178,0.14431239388794567,-1.7605294139686245,-2.1437782895325865,-2073.9036496550398,13.922371748713157,-13.155946740588606,3.1831148732959984,1.5854600127926297,1080.0,0.6689303904923599,0.07640067911714771,0.04838709677419355,0.031409168081494056,0.014431239388794566,0.003395585738539898,0.14365901762896174,align:counter_trend
3,6.0,14400,1156,0.10553633217993079,-1.798450649901503,-2.20864119053386,-2079.0089512861373,50.68788768911063,-13.155946740588606,7.2478634805728435,1.593812958268181,1026.0,0.8529411764705882,0.08044982698961937,0.0657439446366782,0.05103806228373702,0.03546712802768166,0.01643598615916955,0.23650316184792883,align:counter_trend
3,6.0,86400,1113,0.036837376460017966,-1.4460427344094984,-2.246493810592073,-1609.4455633977716,89.2134107245736,-13.155946740588606,22.037026331773646,1.6050679862753552,896.0,0.963162623539982,0.03593890386343217,0.034141958670260555,0.03324348607367475,0.029649595687331536,0.02336028751123091,0.4418850235666355,align:counter_trend
5,4.0,900,2578,0.1408068269976726,-1.5419040532407047,-2.102552349203402,-3975.0286492545365,20.558871469822805,-21.994500181806266,1.9020189918374992,1.513199432363529,841.5,0.5069821567106284,0.06788207913110939,0.03917765709852599,0.02482544608223429,0.01047323506594259,0.0027152831652443757,0.13859010158896803,align:counter_trend
5,4.0,3600,2561,0.15579851620460758,-1.548044581566729,-2.1536478524135165,-3964.542173392393,44.1751025905435,-21.994500181806266,3.778462213997306,1.5151400011989435,825.0,0.7063647012885591,0.10269426005466614,0.06755173760249902,0.04763764154627099,0.026552128074970715,0.008199921905505662,0.23090672553410294,align:counter_trend
5,4.0,14400,2528,0.1060126582278481,-1.5837067059919696,-2.203744701800787,-4003.6105527476993,50.71967963066207,-21.994500181806266,7.8984344562311835,1.5193912232285456,788.5,0.8619462025316456,0.08267405063291139,0.0668512658227848,0.055379746835443035,0.03916139240506329,0.023734177215189875,0.3073144463576394,align:counter_trend
5,4.0,86400,2449,0.031849734585545124,-1.5126136436788133,-2.2442111267441702,-3704.390813369414,89.2134107245736,-21.994500181806266,22.826182270628205,1.5258290033941415,714.0,0.9681502654144549,0.03144140465496121,0.030624744793793384,0.030216414863209473,0.02735810534912209,0.021641486320947326,0.3994030283413349,align:counter_trend
5,6.0,900,673,0.1426448736998514,-1.6785132115745072,-1.7236892893820488,-1129.6393913896434,7.824243055358114,-21.994500181806266,1.7832901503692602,1.716896784903382,900.0,0.4472511144130758,0.06835066864784546,0.02823179791976226,0.019316493313521546,0.007429420505200594,0.0,0.10683407577526875,align:counter_trend
5,6.0,3600,669,0.16292974588938713,-1.7163805854818868,-2.1477706071084834,-1148.2586116873822,13.922371748713157,-21.994500181806266,3.2195558785922453,1.7183007928741223,1278.0,0.6442451420029895,0.10164424514200299,0.059790732436472344,0.04633781763826607,0.025411061285500747,0.004484304932735426,0.18938948889887303,align:counter_trend
5,6.0,14400,657,0.1156773211567732,-1.7813683111563938,-2.2520978027268255,-1170.3589804297508,35.1564029904027,-21.994500181806266,6.400902563482076,1.7266097346278424,1195.0,0.8295281582952816,0.0898021308980213,0.076103500761035,0.0654490106544901,0.045662100456621,0.0182648401826484,0.27179759903459316,align:counter_trend
5,6.0,86400,631,0.0491283676703645,-1.1097630874036408,-2.3108997260554407,-700.2605081516973,89.2134107245736,-21.994500181806266,20.362365667999853,1.7429087185606948,1039.0,0.9508716323296355,0.0491283676703645,0.04595879556259905,0.044374009508716325,0.03803486529318542,0.028526148969889066,0.590729698404119,align:counter_trend
10,4.0,900,1504,0.1735372340425532,-1.389069827062766,-1.7014190951402357,-2089.1610199024,18.823315386911137,-15.920912412998952,2.0848846938805647,1.4960626234675778,900.0,0.47273936170212766,0.09375,0.0538563829787234,0.02925531914893617,0.007313829787234043,0.0013297872340425532,0.1760995467507633,align:counter_trend
10,4.0,3600,1493,0.17883456128600134,-1.4302358078908877,-2.1256960335621096,-2135.3420611810952,22.41502582388244,-15.920912412998952,3.7868255508317716,1.4981020604283453,1033.0,0.6758204956463496,0.12525117213663764,0.08506363027461487,0.05626255860683188,0.030810448760884127,0.009377093101138647,0.2653896565919786,align:counter_trend
10,4.0,14400,1472,0.12024456521739131,-1.4432265989184074,-2.192070143686004,-2124.4295536078957,50.68788768911063,-15.920912412998952,7.604808931713365,1.5025925618180513,994.5,0.8389945652173914,0.09986413043478261,0.08627717391304347,0.07201086956521739,0.04619565217391304,0.022418478260869564,0.3553609449296518,align:counter_trend
10,4.0,86400,1412,0.03541076487252125,-1.3699533828757011,-2.2463923932752654,-1934.37417662049,89.68431663184946,-15.920912412998952,21.44118792472727,1.5074852875167726,874.5,0.9624645892351275,0.03541076487252125,0.03328611898016997,0.032577903682719546,0.02903682719546742,0.0226628895184136,0.45336628118598515,align:counter_trend
10,6.0,900,334,0.19161676646706588,-1.3980532504003138,-1.4657321739435756,-466.94978563370483,7.001710503975577,-15.920912412998952,2.05145200011952,1.7153040160267556,900.0,0.41317365269461076,0.08682634730538923,0.05389221556886228,0.038922155688622756,0.008982035928143712,0.0,0.18230058990034703,align:counter_trend
10,6.0,3600,334,0.19461077844311378,-1.3900636443399061,-2.1084433181573576,-464.2812572095287,22.41502582388244,-15.920912412998952,3.58268573368062,1.7153040160267556,1409.5,0.6347305389221557,0.1347305389221557,0.08982035928143713,0.06287425149700598,0.041916167664670656,0.023952095808383235,0.32928034808140216,align:counter_trend
10,6.0,14400,326,0.1411042944785276,-1.5564978260882822,-2.1833812513802218,-507.41829130478004,30.361382624458127,-15.920912412998952,6.691906231775265,1.7275730738820716,1355.5,0.7944785276073619,0.10736196319018405,0.10122699386503067,0.07668711656441718,0.05521472392638037,0.02147239263803681,0.3436791006554102,align:counter_trend
10,6.0,86400,308,0.048701298701298704,-1.341521730546968,-2.2513199017742087,-413.18869300846615,84.23984686370099,-15.920912412998952,17.713493304599563,1.7456440565868496,1211.5,0.9415584415584416,0.048701298701298704,0.048701298701298704,0.045454545454545456,0.045454545454545456,0.03896103896103896,0.5052956502540885,align:counter_trend
3,4.0,900,1066,0.14915572232645402,-1.2394485877759498,-1.5769233437437804,-1321.2521945691624,8.880475707455362,-6.809168837737778,1.408243247560606,1.268987006577048,900.0,0.4352720450281426,0.07129455909943715,0.04221388367729831,0.02345215759849906,0.00375234521575985,0.0,0.15348695559092404,align:unknown
3,4.0,3600,1066,0.2026266416510319,-1.1638101377979106,-2.1072919876342646,-1240.6216068925728,19.70116720918958,-6.809168837737778,2.877089622864518,1.268987006577048,1385.0,0.649155722326454,0.13133208255159476,0.0900562851782364,0.06378986866791744,0.027204502814258912,0.0009380863039399625,0.29455030370206947,align:unknown
3,4.0,14400,1066,0.15196998123827393,-1.175491692863239,-2.126091703510655,-1253.0741445922129,33.762626605146316,-6.809168837737778,5.247410863086297,1.268987006577048,1385.0,0.7964352720450282,0.12288930581613508,0.10600375234521577,0.09380863039399624,0.07129455909943715,0.008442776735459663,0.3767974686829463,align:unknown
3,4.0,86400,1066,0.09099437148217636,-0.6766760543077707,-2.1538397970387777,-721.3366738920836,107.62456648927592,-6.809168837737778,23.014995876659118,1.268987006577048,1385.0,0.900562851782364,0.07598499061913697,0.0675422138836773,0.06660412757973734,0.0647279549718574,0.06378986866791744,0.6782693416593625,align:unknown
3,6.0,900,373,0.12332439678284182,-1.4003315726256327,-1.4942041716722472,-522.323676589361,4.096698582256034,-7.595225036398501,1.3401116014629422,1.4298527950543984,900.0,0.38337801608579086,0.06970509383378017,0.040214477211796246,0.013404825737265416,0.0,0.0,0.11263421546503771,align:unknown
3,6.0,3600,373,0.18498659517426275,-1.4201726049961556,-2.1108320888798864,-529.7243816635661,8.03677696165925,-7.595225036398501,2.545827896329648,1.4298527950543984,1762.0,0.613941018766756,0.10455764075067024,0.064343163538874,0.040214477211796246,0.01876675603217158,0.0,0.19939567339351713,align:unknown
3,6.0,14400,373,0.14745308310991956,-1.29954897233629,-2.166927422859665,-484.7317666814362,33.762626605146316,-7.595225036398501,4.764715916563514,1.4298527950543984,1762.0,0.7721179624664879,0.11528150134048257,0.10187667560321716,0.09651474530831099,0.06702412868632708,0.005361930294906166,0.34859214176901915,align:unknown
3,6.0,86400,373,0.10723860589812333,-0.7420308365543871,-2.193065173383513,-276.7775020347864,52.913944081018755,-7.595225036398501,21.51138752982627,1.4298527950543984,1762.0,0.8793565683646113,0.09115281501340483,0.08847184986595175,0.08847184986595175,0.08310991957104558,0.08042895442359249,0.665894000556866,align:unknown
5,4.0,900,718,0.149025069637883,-1.2096992746826278,-1.4928463747086504,-868.5640792221268,10.209117913671632,-6.754607881309341,1.5848736073198513,1.3191653447195106,900.0,0.4025069637883008,0.08495821727019498,0.05153203342618384,0.026462395543175487,0.005571030640668524,0.001392757660167131,0.17772851925494543,align:unknown
5,4.0,3600,718,0.1991643454038997,-1.1551824500041525,-2.1103494983935613,-829.4209991029815,20.127134185465888,-6.754607881309341,3.0664059269732222,1.3191653447195106,1689.0,0.6295264623955432,0.12813370473537605,0.0905292479108635,0.06685236768802229,0.033426183844011144,0.002785515320334262,0.3121254528892008,align:unknown
5,4.0,14400,718,0.15459610027855153,-1.2029364353847711,-2.151042934255095,-863.7083606062656,30.241403084583336,-6.754607881309341,5.25671134955358,1.3191653447195106,1689.0,0.7938718662952646,0.12256267409470752,0.11142061281337047,0.09192200557103064,0.06963788300835655,0.008356545961002786,0.37684959851985667,align:unknown
5,4.0,86400,718,0.08495821727019498,-0.6691807373971516,-2.178749188129939,-480.47176945115484,110.10079936088975,-6.754607881309341,22.203692581357267,1.3191653447195106,1689.0,0.903899721448468,0.06963788300835655,0.06545961002785515,0.06267409470752089,0.05988857938718663,0.0584958217270195,0.6905086351296501,align:unknown
5,6.0,900,223,0.1210762331838565,-1.5450309661621389,-1.6259298785754874,-344.54190545415696,3.800169894879071,-7.595225036398501,1.4942559652842347,1.5209991987882348,900.0,0.4260089686098655,0.07623318385650224,0.03587443946188341,0.008968609865470852,0.0,0.0,0.09880760037979408,align:unknown
5,6.0,3600,223,0.17937219730941703,-1.5286735357876302,-2.1616937475984463,-340.89419848064153,8.760359226979858,-7.595225036398501,2.5464073225048747,1.5209991987882348,1444.0,0.6322869955156951,0.11210762331838565,0.07174887892376682,0.04035874439461883,0.017937219730941704,0.0,0.19514038433715764,align:unknown
5,6.0,14400,223,0.17040358744394618,-1.337414478238057,-2.2045359375565026,-298.2434286470867,30.241403084583336,-7.595225036398501,4.816864664524295,1.5209991987882348,1444.0,0.7802690582959642,0.13452914798206278,0.11210762331838565,0.1031390134529148,0.05829596412556054,0.004484304932735426,0.3510094466450914,align:unknown
5,6.0,86400,223,0.09865470852017937,-0.5684598827676223,-2.275973432981173,-126.76655385717977,110.10079936088975,-7.595225036398501,24.710533728585773,1.5209991987882348,1444.0,0.8923766816143498,0.08071748878923767,0.08071748878923767,0.08071748878923767,0.07623318385650224,0.07174887892376682,0.7560412077016263,align:unknown
10,4.0,900,408,0.17892156862745098,-1.1445169134785524,-1.4056443955400806,-466.9629006992494,10.420357648429837,-5.597025823336596,1.7083555910713568,1.3239056581047854,900.0,0.39215686274509803,0.1053921568627451,0.051470588235294115,0.0196078431372549,0.004901960784313725,0.0024509803921568627,0.19688240784315872,align:unknown
10,4.0,3600,408,0.23039215686274508,-1.0420526038634448,-2.1058716351239544,-425.1574623762855,19.016861807390157,-5.597025823336596,3.0883036884735837,1.3239056581047854,1747.0,0.6078431372549019,0.14215686274509803,0.10294117647058823,0.07107843137254902,0.03431372549019608,0.004901960784313725,0.3597843157345554,align:unknown
10,4.0,14400,408,0.17401960784313725,-0.9952760833139319,-2.1435226320830196,-406.07264199208424,30.241403084583336,-5.597025823336596,5.2568080575352125,1.3239056581047854,1747.0,0.7647058823529411,0.14215686274509803,0.12990196078431374,0.11029411764705882,0.07107843137254902,0.012254901960784314,0.4672404589592137,align:unknown
10,4.0,86400,408,0.09803921568627451,-0.2502839583362318,-2.1734534009995423,-102.11585500118257,110.10079936088975,-5.597025823336596,23.62776054414308,1.3239056581047854,1747.0,0.8897058823529411,0.08333333333333333,0.08088235294117647,0.08088235294117647,0.07598039215686274,0.07352941176470588,0.882552130660243,align:unknown
10,6.0,900,105,0.14285714285714285,-1.4273875986591913,-1.4914885777450537,-149.87569785921508,3.769886024355641,-5.597025823336596,1.7660451154102237,1.461154685410132,900.0,0.3619047619047619,0.0761904761904762,0.02857142857142857,0.009523809523809525,0.0,0.0,0.11526441281967635,align:unknown
10,6.0,3600,105,0.13333333333333333,-1.6698266416873497,-2.1081614543034135,-175.3317973771717,5.321799762794665,-5.597025823336596,2.7734271954938667,1.461154685410132,1862.0,0.6476190476190476,0.08571428571428572,0.047619047619047616,0.02857142857142857,0.009523809523809525,0.0,0.1333032584636787,align:unknown
10,6.0,14400,105,0.14285714285714285,-1.6338581132098817,-2.150657967164238,-171.55510188703758,6.373841733129858,-5.597025823336596,4.653785153310451,1.461154685410132,1862.0,0.7904761904761904,0.10476190476190476,0.08571428571428572,0.08571428571428572,0.02857142857142857,0.0,0.2154545687573956,align:unknown
10,6.0,86400,105,0.08571428571428572,-1.2490868077146924,-2.239521628421147,-131.1541148100427,23.809899623181906,-5.597025823336596,22.822000531641677,1.461154685410132,1862.0,0.8952380952380953,0.06666666666666667,0.06666666666666667,0.06666666666666667,0.06666666666666667,0.05714285714285714,0.4544574509368148,align:unknown
3,4.0,900,4767,0.1474722047409272,-1.3515901068405407,-2.103850740527016,-6443.030039308857,73.90102200391978,-28.444869940877236,2.692915370316991,1.483911150361646,779.0,0.5246486259702119,0.09125235997482693,0.05894692678833648,0.042794210195091255,0.024124187119781832,0.007342143906020558,0.241229466100294,align:with_trend
3,4.0,3600,4736,0.14780405405405406,-1.358804019730116,-2.1301222408543,-6435.2958374418295,59.59819161919336,-28.444869940877236,5.272466683932511,1.4859987780611614,763.0,0.7286739864864865,0.11000844594594594,0.08086993243243243,0.06313344594594594,0.03885135135135135,0.014991554054054054,0.3270072496193007,align:with_trend
3,4.0,14400,4703,0.10801615989793749,-1.1432510095383233,-2.169561747912056,-5376.709497858735,99.20789521304401,-28.444869940877236,10.480767090042562,1.4873671623947353,748.0,0.8632787582394217,0.09632149691686158,0.08398894322772699,0.06910482670635765,0.054433340421007864,0.03231979587497342,0.48941324886704585,align:with_trend
3,4.0,86400,4556,0.03753292361720808,-0.6173629799216799,-2.211407360555671,-2812.7057365231735,144.29644760329936,-28.444869940877236,29.430628459847316,1.4939624816327932,679.0,0.9620280948200176,0.036215978928884986,0.03533801580333626,0.03511852502194908,0.03446005267778753,0.030728709394205442,0.7494952511469591,align:with_trend
3,6.0,900,1653,0.13006654567453116,-1.5973584673378483,-2.1043374132242514,-2640.433546509463,26.111217573980916,-18.028505433090487,2.799876407185845,1.717212051508828,842.0,0.5075620084694494,0.08106473079249849,0.0544464609800363,0.041742286751361164,0.018148820326678767,0.008469449485783424,0.19913823366783096,align:with_trend
3,6.0,3600,1641,0.14198659354052406,-1.5642444941603355,-2.186816944421794,-2566.9252149171107,37.58213438642764,-18.028505433090487,5.239048195892759,1.7204152567533064,831.0,0.7050578915295551,0.10847044485070079,0.07678244972577697,0.0591102985984156,0.03656307129798903,0.017062766605728214,0.2909290892424275,align:with_trend
3,6.0,14400,1627,0.11800860479409957,-1.3312748804173768,-2.245698714827563,-2165.9842304390722,81.84802673614078,-18.028505433090487,9.139153706460228,1.722203478613277,814.0,0.8371235402581438,0.10141364474492932,0.09157959434542103,0.0743700061462815,0.05716041794714198,0.034419176398279044,0.4467369297779654,align:with_trend
3,6.0,86400,1572,0.04007633587786259,-0.8859724148133925,-2.3137317330988623,-1392.748636086653,130.9371632414119,-18.028505433090487,26.88134374004334,1.73414219141505,726.0,0.9592875318066157,0.03880407124681934,0.03816793893129771,0.03816793893129771,0.037531806615776084,0.03307888040712468,0.6715033424111249,align:with_trend
5,4.0,900,3251,0.15164564749307904,-1.3401302395135215,-2.103772216998884,-4356.7634086584585,38.341064505830985,-14.778470374779944,2.935950270308882,1.530387942736859,812.0,0.5167640725930482,0.09843125192248539,0.06613349738541988,0.048908028298984926,0.028606582589972316,0.008305136880959704,0.2581353873894096,align:with_trend
5,4.0,3600,3229,0.1492722205017033,-1.3471416691605067,-2.1551270607322826,-4349.920449719276,59.59819161919336,-14.778470374779944,5.409174328302184,1.5327327923218959,791.0,0.7203468566119542,0.11241870548157325,0.08113967172499226,0.06348714772375348,0.0387116754413131,0.01734283059770827,0.3442947983452865,align:with_trend
5,4.0,14400,3200,0.1165625,-1.1040207204580257,-2.2035967585503577,-3532.866305465682,84.89977494252655,-14.778470374779944,10.8412739538671,1.5355587129437098,765.0,0.8534375,0.1053125,0.09,0.0753125,0.0590625,0.0378125,0.5122682753392628,align:with_trend
5,4.0,86400,3095,0.041033925686591276,-0.5928270031135738,-2.251510317168858,-1834.799574636511,129.75542155482756,-14.778470374779944,29.181720924256833,1.5427449246806457,698.0,0.9583198707592891,0.039418416801292405,0.03877221324717286,0.03812600969305331,0.03683360258481422,0.03231017770597738,0.7631137198924405,align:with_trend
5,6.0,900,1074,0.15363128491620112,-1.581475481679248,-2.1036686399584905,-1698.5046673235124,32.754478225590965,-14.778470374779944,3.0129711395978536,1.7484963174590507,839.0,0.5121042830540037,0.09031657355679702,0.05865921787709497,0.04748603351955307,0.024208566108007448,0.0074487895716946,0.2101711653128675,align:with_trend
5,6.0,3600,1067,0.15182755388940955,-1.4492619498800479,-2.195620618648845,-1546.362500522011,59.59819161919336,-14.778470374779944,5.497573547387875,1.750107638733486,824.0,0.6954076850984068,0.11715089034676664,0.08528584817244611,0.06560449859418932,0.04029990627928772,0.020618556701030927,0.34563348936083826,align:with_trend
5,6.0,14400,1059,0.12936732766761094,-1.2714446763071972,-2.270627487012354,-1346.4599122093218,40.25392438789986,-14.778470374779944,9.505328612194864,1.7553233634574323,805.0,0.8281397544853636,0.10764872521246459,0.09442870632672333,0.0821529745042493,0.06326723323890462,0.03777148253068933,0.4726360190518914,align:with_trend
5,6.0,86400,1021,0.050930460333006855,-0.5548280832779587,-2.364396626361921,-566.4794730267959,125.50350338336176,-14.778470374779944,24.873150328162513,1.7630828391207567,733.0,0.9480901077375122,0.047992164544564155,0.04701273261508325,0.04603330068560235,0.04505386875612145,0.04211557296767875,0.7939094502848392,align:with_trend
10,4.0,900,2000,0.193,-1.1627606185081658,-1.8437345121498945,-2325.5212370163317,34.84257695655881,-13.036819921842676,3.1789652897120826,1.5198006127891621,900.0,0.488,0.12,0.078,0.055,0.0315,0.011,0.3215662260518689,align:with_trend
10,4.0,3600,1987,0.17614494212380474,-1.153242298374645,-2.1326680546319747,-2291.49244687042,59.59819161919336,-13.036819921842676,5.809455823056945,1.5216697938746013,952.0,0.7010568696527428,0.13789632611977856,0.10065425264217413,0.07750377453447409,0.04932058379466533,0.019124308002013084,0.4214117523612,align:with_trend
10,4.0,14400,1965,0.13027989821882952,-0.9375554775088141,-2.1911150787826954,-1842.2965133048197,80.0671629251131,-13.036819921842676,11.034465518625893,1.5239916059168301,928.0,0.8402035623409669,0.11501272264631043,0.10127226463104326,0.08753180661577609,0.06615776081424936,0.04071246819338423,0.5787313359934425,align:with_trend
10,4.0,86400,1901,0.05049973698053656,-0.33694327438764227,-2.2430402122718096,-640.529164610908,129.75542155482756,-13.036819921842676,29.71757503653423,1.527760969085633,831.0,0.9484481851657023,0.047869542346133616,0.04734350341925302,0.04681746449237244,0.04523934771173067,0.04050499736980537,0.8637864789852273,align:with_trend
10,6.0,900,591,0.22504230118443316,-1.1358475708712032,-1.5571665661413012,-671.2859143848812,19.12572947158591,-12.580970701942713,3.2483770003853927,1.6159580035040007,900.0,0.4179357021996616,0.1404399323181049,0.08967851099830795,0.06260575296108291,0.030456852791878174,0.00676818950930626,0.33276278144132704,align:with_trend
10,6.0,3600,588,0.2108843537414966,-1.1457475929386782,-2.129539526246388,-673.6995846479429,32.00464528152296,-12.580970701942713,5.506362623208046,1.620317051487998,1344.5,0.6649659863945578,0.1598639455782313,0.11734693877551021,0.09013605442176871,0.05612244897959184,0.01870748299319728,0.4281085149825662,align:with_trend
10,6.0,14400,582,0.17525773195876287,-0.6745386388821702,-2.193937447484852,-392.58148782942305,38.2159260868741,-12.580970701942713,9.757691419908538,1.6257291447450133,1322.5,0.7938144329896907,0.15463917525773196,0.14261168384879724,0.11855670103092783,0.08762886597938144,0.05326460481099656,0.6952704666690888,align:with_trend
10,6.0,86400,560,0.07678571428571429,0.10077126735810177,-2.279097668980115,56.43190972053699,126.87197648714515,-12.580970701942713,21.985879167780826,1.6199510730890434,1188.0,0.9196428571428571,0.07321428571428572,0.07321428571428572,0.07321428571428572,0.06785714285714285,0.0625,1.0402207104984191,align:with_trend
3,4.0,900,1019,0.12168792934249265,-1.4630889337542556,-1.988802981462749,-1490.8876234955865,15.690621412740608,-7.463253303660872,1.5988771435149678,1.3416839748050284,900.0,0.492639842983317,0.05299313052011776,0.021589793915603533,0.013738959764474975,0.0068694798822374874,0.0009813542688910696,0.10914836285921915,align_x_vol:counter_trend|unknown
3,4.0,3600,1019,0.16879293424926398,-1.4181393845044878,-2.126292695404311,-1445.084032810073,13.922371748713157,-7.463253303660872,3.191253498773891,1.3416839748050284,941.0,0.704612365063788,0.11874386653581943,0.07948969578017664,0.04906771344455348,0.020608439646712464,0.002944062806673209,0.23098791466090351,align_x_vol:counter_trend|unknown
3,4.0,14400,1019,0.11678115799803729,-1.3144060045144925,-2.17220173506493,-1339.3797186002678,37.354299968721946,-7.463253303660872,7.294284735726852,1.3416839748050284,941.0,0.8469087340529932,0.07850834151128558,0.06869479882237488,0.05789990186457311,0.04612365063788027,0.038272816486751716,0.3716640244119741,align_x_vol:counter_trend|unknown
3,4.0,86400,1019,0.052011776251226695,-0.27194225352026025,-2.1880319599006537,-277.1091563371452,184.0942047526187,-7.463253303660872,28.46412884033537,1.3416839748050284,941.0,0.9479882237487733,0.052011776251226695,0.052011776251226695,0.052011776251226695,0.052011776251226695,0.045142296368989206,0.8817112594455827,align_x_vol:counter_trend|unknown
3,6.0,900,322,0.12422360248447205,-1.5407554659448093,-1.5530098230000102,-496.12326003422857,6.915596496138638,-7.513776799106795,1.4453677226986297,1.4616299458270272,900.0,0.4192546583850932,0.040372670807453416,0.009316770186335404,0.003105590062111801,0.003105590062111801,0.0,0.06939076552960088,align_x_vol:counter_trend|unknown
3,6.0,3600,322,0.17391304347826086,-1.4671645597654042,-2.126886759137106,-472.4269882444602,13.922371748713157,-7.513776799106795,2.7784438990538596,1.4616299458270272,1332.5,0.65527950310559,0.10248447204968944,0.06832298136645963,0.049689440993788817,0.021739130434782608,0.003105590062111801,0.215735519372715,align_x_vol:counter_trend|unknown
3,6.0,14400,322,0.12422360248447205,-1.3721816912103795,-2.190198944240751,-441.8425045697422,30.361382624458127,-7.513776799106795,6.560611075419976,1.4616299458270272,1332.5,0.8136645962732919,0.06832298136645963,0.06832298136645963,0.059006211180124224,0.040372670807453416,0.031055900621118012,0.3545408834968214,align_x_vol:counter_trend|unknown
3,6.0,86400,322,0.06521739130434782,-0.2816348370868556,-2.202696054891219,-90.6864175419675,89.2134107245736,-7.513776799106795,24.10708873051186,1.4616299458270272,1332.5,0.9347826086956522,0.06521739130434782,0.06521739130434782,0.06521739130434782,0.06521739130434782,0.052795031055900624,0.8805028014560514,align_x_vol:counter_trend|unknown
5,4.0,900,687,0.12954876273653565,-1.5082032110654462,-2.049348361762995,-1036.1356060019616,15.690621412740608,-7.463253303660872,1.6601962104285044,1.4025963407204018,900.0,0.4978165938864629,0.048034934497816595,0.02911208151382824,0.01455604075691412,0.004366812227074236,0.001455604075691412,0.10505770705981168,align_x_vol:counter_trend|unknown
5,4.0,3600,687,0.1703056768558952,-1.4344882009837105,-2.1432310808302595,-985.4933940758092,14.148240075656519,-7.463253303660872,3.2215937145044866,1.4025963407204018,928.0,0.7045123726346434,0.11353711790393013,0.07132459970887918,0.049490538573508006,0.023289665211062592,0.00727802037845706,0.24038775303949897,align_x_vol:counter_trend|unknown
5,4.0,14400,687,0.11499272197962154,-1.4344586827248893,-2.1919441826036508,-985.473115031999,33.59008245129598,-7.463253303660872,6.974050356794715,1.4025963407204018,928.0,0.8500727802037845,0.06986899563318777,0.06259097525473072,0.049490538573508006,0.033478893740902474,0.03056768558951965,0.332314664842353,align_x_vol:counter_trend|unknown
5,4.0,86400,687,0.049490538573508006,-0.9636082398471449,-2.2219490198975578,-661.9988607749885,89.2134107245736,-7.463253303660872,24.46856109884359,1.4025963407204018,928.0,0.950509461426492,0.049490538573508006,0.049490538573508006,0.049490538573508006,0.046579330422125184,0.036390101892285295,0.5911445589645242,align_x_vol:counter_trend|unknown
5,6.0,900,192,0.140625,-1.5947256002015473,-1.6738895935626612,-306.18731523869707,4.945682692242161,-7.463253303660872,1.5121260760576452,1.5326863469769896,900.0,0.4479166666666667,0.046875,0.005208333333333333,0.005208333333333333,0.0,0.0,0.07241656156384293,align_x_vol:counter_trend|unknown
5,6.0,3600,192,0.17708333333333334,-1.4719202202618218,-2.179438464747261,-282.60868229026977,13.922371748713157,-7.463253303660872,2.8412429761202866,1.5326863469769896,1262.0,0.65625,0.11979166666666667,0.0625,0.046875,0.03125,0.005208333333333333,0.23826281765460325,align_x_vol:counter_trend|unknown
5,6.0,14400,192,0.11458333333333333,-1.5235800868092337,-2.236592875339288,-292.5273766673729,30.361382624458127,-7.463253303660872,6.164109746652541,1.5326863469769896,1262.0,0.8125,0.0625,0.057291666666666664,0.046875,0.03125,0.026041666666666668,0.3086533866115954,align_x_vol:counter_trend|unknown
5,6.0,86400,192,0.0625,-0.18701435507776498,-2.261048333232294,-35.90675617493088,89.2134107245736,-7.463253303660872,23.009527722280414,1.5326863469769896,1262.0,0.9375,0.0625,0.0625,0.0625,0.0625,0.052083333333333336,0.9235379119340771,align_x_vol:counter_trend|unknown
10,4.0,900,409,0.15892420537897312,-1.3914699409114084,-1.7851959689802972,-569.111205832766,6.915596496138638,-7.463253303660872,1.8858527828248277,1.3942034436350976,900.0,0.48166259168704156,0.07579462102689487,0.04156479217603912,0.019559902200488997,0.007334963325183374,0.0,0.14818290538265966,align_x_vol:counter_trend|unknown
10,4.0,3600,409,0.1980440097799511,-1.3036063219764848,-2.1338228958409013,-533.1749856883823,13.922371748713157,-7.463253303660872,3.403218967430697,1.3942034436350976,1004.0,0.6797066014669927,0.13202933985330073,0.08557457212713937,0.05867970660146699,0.03178484107579462,0.004889975550122249,0.28668636988284846,align_x_vol:counter_trend|unknown
10,4.0,14400,409,0.12469437652811736,-1.265382364062068,-2.1979562605185197,-517.5413869013859,30.361382624458127,-7.463253303660872,6.804041055733256,1.3942034436350976,1004.0,0.8288508557457213,0.08557457212713937,0.08557457212713937,0.06601466992665037,0.039119804400977995,0.034229828850855744,0.3984237562672941,align_x_vol:counter_trend|unknown
10,4.0,86400,409,0.05867970660146699,-0.6789663705318676,-2.228054869135734,-277.69724554753384,89.68431663184946,-7.463253303660872,22.201925434340573,1.3942034436350976,1004.0,0.941320293398533,0.05867970660146699,0.05867970660146699,0.05867970660146699,0.05867970660146699,0.04645476772616137,0.7082126096031299,align_x_vol:counter_trend|unknown
10,6.0,900,89,0.1797752808988764,-1.4580829018110613,-1.48245589508698,-129.76937826118444,5.880492987355872,-10.761079908651181,2.0156787685739013,1.7216942509200184,900.0,0.39325842696629215,0.06741573033707865,0.0449438202247191,0.033707865168539325,0.011235955056179775,0.0,0.15850911891427158,align_x_vol:counter_trend|unknown
10,6.0,3600,89,0.24719101123595505,-1.0953788333687342,-2.1454783807881017,-97.48871616981734,13.922371748713157,-10.761079908651181,3.619076353235812,1.7216942509200184,1325.0,0.6292134831460674,0.19101123595505617,0.14606741573033707,0.0898876404494382,0.0449438202247191,0.02247191011235955,0.44714506369696255,align_x_vol:counter_trend|unknown
10,6.0,14400,89,0.14606741573033707,-1.0034615296971245,-2.2160203143373813,-89.30807614304408,30.361382624458127,-10.761079908651181,7.526972611382979,1.7216942509200184,1325.0,0.797752808988764,0.11235955056179775,0.10112359550561797,0.07865168539325842,0.056179775280898875,0.0449438202247191,0.56419216679539,align_x_vol:counter_trend|unknown
10,6.0,86400,89,0.10112359550561797,0.03277478187407809,-2.247935158954751,2.91695558679295,84.23984686370099,-10.761079908651181,22.215702729104713,1.7216942509200184,1325.0,0.898876404494382,0.10112359550561797,0.10112359550561797,0.10112359550561797,0.10112359550561797,0.07865168539325842,1.0129273564451733,align_x_vol:counter_trend|unknown
3,4.0,900,218,0.12385321100917432,-2.752989625809286,-2.5954077599204526,-600.1517384264243,8.24838327468149,-11.625154219268753,4.7601412297911665,2.39916080049523,63.5,0.7706422018348624,0.07339449541284404,0.05045871559633028,0.04128440366972477,0.009174311926605505,0.0,0.0873833143223106,align_x_vol:counter_trend|vol_extreme
3,4.0,3600,215,0.11627906976744186,-2.4807957075553086,-2.6394117968576825,-533.3710771243914,51.20445207868692,-11.625154219268753,9.72449913580535,2.415924076045094,62.0,0.827906976744186,0.07906976744186046,0.06511627906976744,0.05581395348837209,0.037209302325581395,0.013953488372093023,0.20010352935483414,align_x_vol:counter_trend|vol_extreme
3,4.0,14400,215,0.07441860465116279,-2.617770119188587,-2.6993513187139606,-562.8205756255462,31.91389244047324,-11.625154219268753,13.992525867520136,2.415924076045094,62.0,0.9116279069767442,0.07441860465116279,0.06511627906976744,0.06046511627906977,0.05116279069767442,0.013953488372093023,0.20243991368781236,align_x_vol:counter_trend|vol_extreme
3,4.0,86400,211,0.023696682464454975,-2.3564207252893308,-2.7747601241253728,-497.20477303604883,121.18951224181379,-11.625154219268753,29.692556716304328,2.4356976807434525,59.0,0.976303317535545,0.023696682464454975,0.018957345971563982,0.018957345971563982,0.018957345971563982,0.014218009478672985,0.3199475382767005,align_x_vol:counter_trend|vol_extreme
3,6.0,900,50,0.12,-3.1943181210781613,-2.869690273309187,-159.71590605390807,4.624733266191208,-11.625154219268753,4.437719273464013,2.8162283232275884,41.0,0.72,0.1,0.02,0.02,0.0,0.0,0.05941656634989675,align_x_vol:counter_trend|vol_extreme
3,6.0,3600,50,0.12,-3.1977488718872387,-2.8566950380200806,-159.88744359436194,6.091035044972853,-11.625154219268753,8.986507496928208,2.8162283232275884,41.0,0.78,0.06,0.06,0.04,0.02,0.0,0.07656317109608174,align_x_vol:counter_trend|vol_extreme
3,6.0,14400,50,0.1,-3.0016174940195315,-2.869690273309187,-150.08087470097658,11.48838792925155,-11.625154219268753,13.9202940407258,2.8162283232275884,41.0,0.88,0.1,0.08,0.08,0.08,0.02,0.179883381456846,align_x_vol:counter_trend|vol_extreme
3,6.0,86400,47,0.02127659574468085,-3.8347657520444525,-3.0904186247060728,-180.23399034608926,6.697969778537044,-11.625154219268753,26.3412690809177,2.9143736061814844,35.0,0.9787234042553191,0.02127659574468085,0.02127659574468085,0.02127659574468085,0.02127659574468085,0.0,0.035831057321987915,align_x_vol:counter_trend|vol_extreme
5,4.0,900,158,0.189873417721519,-2.3444111300813315,-2.569864326802959,-370.41695855285036,12.200174010668185,-21.994500181806266,4.604113750203311,2.568752935139136,105.0,0.7341772151898734,0.13924050632911392,0.10759493670886076,0.08860759493670886,0.0379746835443038,0.006329113924050633,0.1959097444548402,align_x_vol:counter_trend|vol_extreme
5,4.0,3600,157,0.1592356687898089,-2.180251600042747,-2.5734633855449562,-342.29950120671134,20.566087425296516,-21.994500181806266,8.740123039953463,2.5781080493756905,99.0,0.7834394904458599,0.12738853503184713,0.09554140127388536,0.07643312101910828,0.06369426751592357,0.025477707006369428,0.26214900774247146,align_x_vol:counter_trend|vol_extreme
5,4.0,14400,157,0.08917197452229299,-2.3469043591734313,-2.6607862819684494,-368.4639843902287,21.15076500958699,-21.994500181806266,13.428856858004313,2.5781080493756905,99.0,0.8789808917197452,0.08280254777070063,0.07643312101910828,0.07006369426751592,0.05732484076433121,0.03821656050955414,0.2676805658567395,align_x_vol:counter_trend|vol_extreme
5,4.0,86400,154,0.05194805194805195,-1.6437665105758723,-2.734553996121281,-253.14004262868434,50.99734542250466,-21.994500181806266,25.0506631050874,2.5954052703548065,94.0,0.948051948051948,0.05194805194805195,0.05194805194805195,0.05194805194805195,0.05194805194805195,0.045454545454545456,0.5121993112269062,align_x_vol:counter_trend|vol_extreme
5,6.0,900,32,0.25,-2.833249557203749,-2.506640812541406,-90.66398583051996,5.078810972686454,-21.994500181806266,4.885248756851923,3.2137769843889123,90.5,0.625,0.1875,0.125,0.09375,0.03125,0.0,0.15909822130174123,align_x_vol:counter_trend|vol_extreme
5,6.0,3600,32,0.1875,-3.0849210787027777,-2.506640812541406,-98.71747451848888,7.560697206223969,-21.994500181806266,6.836447739487216,3.2137769843889123,90.5,0.71875,0.125,0.09375,0.0625,0.03125,0.0,0.140702031634828,align_x_vol:counter_trend|vol_extreme
5,6.0,14400,32,0.125,-3.050828048116248,-2.7607788483649074,-97.62649753971994,19.995602279534126,-21.994500181806266,9.408275641602431,3.2137769843889123,90.5,0.8125,0.125,0.09375,0.0625,0.03125,0.03125,0.21810192221450145,align_x_vol:counter_trend|vol_extreme
5,6.0,86400,30,0.06666666666666667,-2.299663968585777,-3.0655362337589667,-68.98991905757332,50.99734542250466,-21.994500181806266,16.1628887706561,3.334877835793382,85.5,0.9333333333333333,0.06666666666666667,0.06666666666666667,0.06666666666666667,0.06666666666666667,0.03333333333333333,0.46291330988177903,align_x_vol:counter_trend|vol_extreme
10,4.0,900,109,0.1743119266055046,-2.4027845060918547,-2.267150170301882,-261.9035111640122,4.188752514905387,-14.085865927150154,4.0944649030430105,2.3286944140499704,175.0,0.7155963302752294,0.11926605504587157,0.08256880733944955,0.03669724770642202,0.0,0.0,0.11991968195328412,align_x_vol:counter_trend|vol_extreme
10,4.0,3600,109,0.1559633027522936,-2.5212688948078017,-2.3206622278306193,-274.8183095340504,6.293050138725693,-14.085865927150154,7.407714522072559,2.3286944140499704,175.0,0.7889908256880734,0.10091743119266056,0.05504587155963303,0.045871559633027525,0.03669724770642202,0.0,0.13112656046062884,align_x_vol:counter_trend|vol_extreme
10,4.0,14400,109,0.07339449541284404,-2.330485656065722,-2.4476861726704593,-254.02293651116372,34.61097893623352,-14.085865927150154,11.585431370007713,2.3286944140499704,175.0,0.8715596330275229,0.06422018348623854,0.05504587155963303,0.045871559633027525,0.01834862385321101,0.01834862385321101,0.24662136667714665,align_x_vol:counter_trend|vol_extreme
10,4.0,86400,106,0.04716981132075472,-1.6322993292826522,-2.4950060279519444,-173.02372890396114,80.61663101003985,-14.085865927150154,28.078362991705095,2.3573598129834514,173.0,0.9433962264150944,0.04716981132075472,0.03773584905660377,0.03773584905660377,0.03773584905660377,0.018867924528301886,0.5001814600496703,align_x_vol:counter_trend|vol_extreme
10,6.0,900,28,0.35714285714285715,-1.843756759320574,-1.9550116240907716,-51.62518926097607,3.022893770402823,-7.139558470403213,3.7210970375580437,2.7010505937393425,695.5,0.5,0.14285714285714285,0.07142857142857142,0.03571428571428571,0.0,0.0,0.18624651305897033,align_x_vol:counter_trend|vol_extreme
10,6.0,3600,28,0.25,-2.7107885400439176,-2.38147718798323,-75.90207912122969,3.0806935270665736,-13.968005591992037,4.320208065805278,2.7010505937393425,744.0,0.6428571428571429,0.14285714285714285,0.03571428571428571,0.03571428571428571,0.0,0.0,0.11057906606073069,align_x_vol:counter_trend|vol_extreme
10,6.0,14400,28,0.14285714285714285,-2.8780919047647813,-2.6536484246663488,-80.58657333341388,6.758839548033312,-13.968005591992037,5.8651089032032075,2.7010505937393425,744.0,0.7857142857142857,0.10714285714285714,0.10714285714285714,0.07142857142857142,0.07142857142857142,0.0,0.1578754579193662,align_x_vol:counter_trend|vol_extreme
10,6.0,86400,25,0.0,-3.943891910178829,-2.880452846279141,-98.59729775447073,-0.1850858986792856,-13.968005591992037,10.008667655049871,2.8713701966878644,266.0,0.96,0.0,0.0,0.0,0.0,0.0,0.0,align_x_vol:counter_trend|vol_extreme
3,4.0,900,656,0.14176829268292682,-1.8706452804352187,-2.2108316748395973,-1227.1433039655035,20.436461675935004,-13.155946740588606,2.8243485997907296,1.7683749279415197,307.0,0.6417682926829268,0.08231707317073171,0.053353658536585365,0.036585365853658534,0.01524390243902439,0.004573170731707317,0.15014355297322118,align_x_vol:counter_trend|vol_high
3,4.0,3600,655,0.13435114503816795,-2.0408436654651725,-2.296528456037579,-1336.7526008796879,11.165669788402202,-13.155946740588606,5.153481714741506,1.7693953476788347,307.0,0.7923664122137405,0.08702290076335878,0.05801526717557252,0.03969465648854962,0.02748091603053435,0.004580152671755725,0.1565650531855873,align_x_vol:counter_trend|vol_high
3,4.0,14400,650,0.09384615384615384,-2.0119530376019132,-2.3600631628708504,-1307.7694744412436,35.1564029904027,-13.155946740588606,11.188304049385446,1.7737114125539608,301.5,0.9046153846153846,0.07230769230769231,0.06153846153846154,0.052307692307692305,0.043076923076923075,0.023076923076923078,0.23633447790092157,align_x_vol:counter_trend|vol_high
3,4.0,86400,638,0.02037617554858934,-2.2014234523857503,-2.426038569525808,-1404.5081626221088,89.54777440094415,-13.155946740588606,24.97105543002897,1.776503337082393,294.5,0.9780564263322884,0.017241379310344827,0.014106583072100314,0.014106583072100314,0.014106583072100314,0.014106583072100314,0.22393380250020803,align_x_vol:counter_trend|vol_high
3,6.0,900,171,0.11695906432748537,-2.3877190741681407,-2.378792584589882,-408.29996168275204,5.126689196366936,-13.155946740588606,2.5555127526404537,2.1024552577724296,284.0,0.6432748538011696,0.04093567251461988,0.03508771929824561,0.029239766081871343,0.005847953216374269,0.0,0.06266059942900697,align_x_vol:counter_trend|vol_high
3,6.0,3600,170,0.12352941176470589,-2.4724165461718757,-2.449319415840815,-420.31081284921885,8.713782528867078,-13.155946740588606,4.901941973382,2.107139900448237,276.0,0.8058823529411765,0.08823529411764706,0.052941176470588235,0.03529411764705882,0.023529411764705882,0.0,0.11179268424513693,align_x_vol:counter_trend|vol_high
3,6.0,14400,167,0.0658682634730539,-2.7022360652019426,-2.6233527208170595,-451.27342288872444,14.462458666552985,-13.155946740588606,10.407826842593723,2.1238628699611946,259.0,0.9341317365269461,0.04790419161676647,0.04790419161676647,0.03592814371257485,0.029940119760479042,0.011976047904191617,0.11411385407007128,align_x_vol:counter_trend|vol_high
3,6.0,86400,162,0.018518518518518517,-3.0969541380243326,-2.761978518849432,-501.7065703599419,16.535409393055684,-13.155946740588606,21.004157973320886,2.126376579934668,243.0,0.9814814814814815,0.012345679012345678,0.006172839506172839,0.006172839506172839,0.006172839506172839,0.006172839506172839,0.034825066315281754,align_x_vol:counter_trend|vol_high
5,4.0,900,425,0.13647058823529412,-1.9664453635582635,-2.211138280302413,-835.739279512262,20.558871469822805,-15.920912412998952,2.403703158377168,1.7859717383361233,326.0,0.6258823529411764,0.06588235294117648,0.042352941176470586,0.02823529411764706,0.009411764705882352,0.002352941176470588,0.11679034231324494,align_x_vol:counter_trend|vol_high
5,4.0,3600,424,0.13443396226415094,-1.9237052276482922,-2.301503549237459,-815.6510165228759,44.1751025905435,-15.920912412998952,5.0390983432927685,1.7875895962095574,324.5,0.7995283018867925,0.09433962264150944,0.06367924528301887,0.05188679245283019,0.04009433962264151,0.0047169811320754715,0.21225897415843797,align_x_vol:counter_trend|vol_high
5,4.0,14400,419,0.08591885441527446,-1.8494936267602513,-2.3484442810049013,-774.9378296125453,37.21558987598343,-15.920912412998952,10.42445422089594,1.7903726836507756,317.0,0.9116945107398569,0.06682577565632458,0.059665871121718374,0.057279236276849645,0.05250596658711217,0.031026252983293555,0.3041838222634481,align_x_vol:counter_trend|vol_high
5,4.0,86400,408,0.024509803921568627,-1.8648434402409197,-2.425605740827229,-760.8561236182952,83.74423626379458,-15.920912412998952,23.81052527077986,1.7924717161040016,296.5,0.9754901960784313,0.022058823529411766,0.0196078431372549,0.0196078431372549,0.0196078431372549,0.0196078431372549,0.34293607622811123,align_x_vol:counter_trend|vol_high
5,6.0,900,119,0.15966386554621848,-2.222758479650078,-2.4301126685448966,-264.5082590783593,7.824243055358114,-15.920912412998952,2.653794494653459,2.215102451708121,292.0,0.5882352941176471,0.09243697478991597,0.058823529411764705,0.03361344537815126,0.008403361344537815,0.0,0.11585419963837512,align_x_vol:counter_trend|vol_high
5,6.0,3600,118,0.1440677966101695,-2.27624402920452,-2.5944102696193276,-268.59679544613334,9.328475705691138,-15.920912412998952,4.887055764394647,2.22280615042696,273.0,0.7711864406779662,0.11016949152542373,0.0847457627118644,0.07627118644067797,0.05084745762711865,0.0,0.18218048947186402,align_x_vol:counter_trend|vol_high
5,6.0,14400,117,0.1111111111111111,-2.0460668364160646,-2.653902916154861,-239.38981986067955,35.1564029904027,-15.920912412998952,9.267872345957194,2.217066781163753,254.0,0.8888888888888888,0.09401709401709402,0.07692307692307693,0.07692307692307693,0.06837606837606838,0.03418803418803419,0.32286340761071075,align_x_vol:counter_trend|vol_high
5,6.0,86400,114,0.03508771929824561,-2.298382151867622,-2.7268752382718517,-262.0155653129089,81.74281999630608,-15.920912412998952,22.095376354622083,2.2457452608468396,249.5,0.9649122807017544,0.03508771929824561,0.02631578947368421,0.02631578947368421,0.02631578947368421,0.017543859649122806,0.2947444886851768,align_x_vol:counter_trend|vol_high
10,4.0,900,258,0.2054263565891473,-1.6198476921940206,-2.1178458543690324,-417.9207045860573,13.386229568248554,-15.920912412998952,2.894136781914969,1.7217398935529198,436.5,0.5891472868217055,0.12015503875968993,0.06589147286821706,0.031007751937984496,0.007751937984496124,0.003875968992248062,0.1872295952974806,align_x_vol:counter_trend|vol_high
10,4.0,3600,257,0.17509727626459143,-1.6666587515939069,-2.220260608955506,-428.33129915963406,16.866138043305074,-15.920912412998952,4.765510426325895,1.7233573016878136,426.0,0.754863813229572,0.14007782101167315,0.08949416342412451,0.058365758754863814,0.038910505836575876,0.01556420233463035,0.2585518490500553,align_x_vol:counter_trend|vol_high
10,4.0,14400,255,0.09411764705882353,-1.8245284911768982,-2.309965524981306,-465.254765250109,33.96965597232752,-15.920912412998952,9.667008671215951,1.7288580561405384,412.0,0.8941176470588236,0.08235294117647059,0.07058823529411765,0.06274509803921569,0.047058823529411764,0.0196078431372549,0.2807613264595954,align_x_vol:counter_trend|vol_high
10,4.0,86400,245,0.0163265306122449,-2.307428022751081,-2.3599554844553277,-565.3198655740148,78.98349197557101,-15.920912412998952,19.67248669635486,1.7169331432643047,370.0,0.9795918367346939,0.0163265306122449,0.012244897959183673,0.012244897959183673,0.012244897959183673,0.012244897959183673,0.16510723246535725,align_x_vol:counter_trend|vol_high
10,6.0,900,58,0.27586206896551724,-1.6554675976126318,-1.584553429733009,-96.01712066153264,4.581427835811533,-15.920912412998952,2.741475609137144,2.0016612042973176,900.0,0.4827586206896552,0.1206896551724138,0.06896551724137931,0.05172413793103448,0.0,0.0,0.1890943564693326,align_x_vol:counter_trend|vol_high
10,6.0,3600,58,0.20689655172413793,-1.5066292348369772,-2.1038462156507274,-87.38449562054468,16.866138043305074,-15.920912412998952,5.015211873113645,2.0016612042973176,993.0,0.7413793103448276,0.1724137931034483,0.1206896551724138,0.08620689655172414,0.06896551724137931,0.05172413793103448,0.39248653801166833,align_x_vol:counter_trend|vol_high
10,6.0,14400,58,0.1206896551724138,-2.070158222582372,-2.263852229646292,-120.06917690977755,16.3333144353357,-15.920912412998952,8.471879908586322,2.0016612042973176,993.0,0.8275862068965517,0.10344827586206896,0.10344827586206896,0.06896551724137931,0.034482758620689655,0.017241379310344827,0.23302725011696557,align_x_vol:counter_trend|vol_high
10,6.0,86400,56,0.07142857142857142,-2.136636064839173,-2.3714678276072068,-119.6516196309937,18.967670930160235,-15.920912412998952,15.49679166107391,2.0004262253473573,891.0,0.9107142857142857,0.07142857142857142,0.07142857142857142,0.05357142857142857,0.05357142857142857,0.05357142857142857,0.26576700684710414,align_x_vol:counter_trend|vol_high
3,4.0,900,1940,0.12731958762886597,-1.3537460196073323,-1.639098986428605,-2626.2672780382245,16.679262001106938,-7.111809924808803,1.4950995883675997,1.3069674649117846,900.0,0.4520618556701031,0.05824742268041237,0.027835051546391754,0.01752577319587629,0.008762886597938144,0.0015463917525773195,0.1278182006724896,align_x_vol:counter_trend|vol_normal
3,4.0,3600,1916,0.15657620041753653,-1.397732842681909,-2.1155724823355913,-2678.0561265785373,26.134205811831638,-10.0797706118626,3.1589764716510493,1.307726293659237,1207.5,0.6816283924843424,0.10125260960334029,0.0662839248434238,0.04018789144050104,0.019311064718162838,0.008350730688935281,0.22879092389477743,align_x_vol:counter_trend|vol_normal
3,4.0,14400,1878,0.10543130990415335,-1.424174450041819,-2.155355871740639,-2674.599617178536,52.57559189968335,-10.0797706118626,7.07422284834462,1.3110640801029945,1106.5,0.8642172523961661,0.09105431309904154,0.07028753993610223,0.05750798722044728,0.0362087326943557,0.01863684771033014,0.32305401703742337,align_x_vol:counter_trend|vol_normal
3,4.0,86400,1792,0.02734375,-1.3519710164414966,-2.1849828383692858,-2422.732061463162,117.79761937387816,-10.0797706118626,22.57428489121984,1.3175968607499058,943.5,0.9720982142857143,0.02734375,0.026785714285714284,0.024553571428571428,0.020089285714285716,0.015066964285714286,0.4197936364902901,align_x_vol:counter_trend|vol_normal
3,6.0,900,644,0.10559006211180125,-1.5036076271006455,-1.5150303078944276,-968.3233118528158,9.089586001866532,-8.175339146960887,1.2354460324616876,1.4122282113079547,900.0,0.4301242236024845,0.040372670807453416,0.017080745341614908,0.009316770186335404,0.003105590062111801,0.0,0.07443316642137289,align_x_vol:counter_trend|vol_normal
3,6.0,3600,636,0.13679245283018868,-1.6057836556084888,-2.114945829648727,-1021.2784049669989,13.543450384198346,-8.175339146960887,2.4723189857326933,1.411952599490307,1432.0,0.6305031446540881,0.06132075471698113,0.036163522012578615,0.020440251572327043,0.007861635220125786,0.0047169811320754715,0.12940525640119846,align_x_vol:counter_trend|vol_normal
3,6.0,14400,617,0.10696920583468396,-1.6787879240302988,-2.1729256134971533,-1035.8121491266943,50.68788768911063,-8.175339146960887,6.210521284453051,1.4202697273206086,1292.0,0.8492706645056726,0.0940032414910859,0.06807131280388978,0.04862236628849271,0.03079416531604538,0.009724473257698542,0.230489633463615,align_x_vol:counter_trend|vol_normal
3,6.0,86400,582,0.027491408934707903,-1.4378326205322558,-2.214877185714532,-836.8185851497728,80.78855568728648,-8.175339146960887,20.831640030168614,1.433586358639556,1073.0,0.9725085910652921,0.027491408934707903,0.02577319587628866,0.024054982817869417,0.01718213058419244,0.013745704467353952,0.4098915798055249,align_x_vol:counter_trend|vol_normal
5,4.0,900,1308,0.14220183486238533,-1.3247223281249714,-1.6299097555119357,-1732.7368051874626,17.032434067037606,-7.111809924808803,1.5396225913992894,1.3551555795209675,900.0,0.44571865443425074,0.07033639143730887,0.035168195718654434,0.021406727828746176,0.010703363914373088,0.0030581039755351682,0.15471089417743136,align_x_vol:counter_trend|vol_normal
5,4.0,3600,1293,0.15467904098994587,-1.408428663253671,-2.123068130650068,-1821.0982615869966,30.19570828536796,-7.111809924808803,3.0584917504668914,1.3565266082372331,1244.0,0.6674400618716164,0.09667440061871617,0.0634184068058778,0.04176334106728538,0.019334880123743233,0.007733952049497293,0.22773231742282482,align_x_vol:counter_trend|vol_normal
5,4.0,14400,1265,0.10988142292490119,-1.4820044456228667,-2.17537618963491,-1874.7356237129263,50.71967963066207,-7.111809924808803,6.877385664009792,1.3616665676246549,1132.0,0.849802371541502,0.09486166007905138,0.07035573122529644,0.05612648221343874,0.03557312252964427,0.015810276679841896,0.3023011269358206,align_x_vol:counter_trend|vol_normal
5,4.0,86400,1200,0.021666666666666667,-1.6903298219562048,-2.212602633747834,-2028.395786347446,80.48224327834392,-7.111809924808803,21.265768731001074,1.3684588928602195,973.5,0.9783333333333334,0.021666666666666667,0.020833333333333332,0.02,0.015833333333333335,0.010833333333333334,0.29368275599950616,align_x_vol:counter_trend|vol_normal
5,6.0,900,330,0.12727272727272726,-1.4190297916426278,-1.4205604242317322,-468.27983124206713,7.001710503975577,-8.175339146960887,1.3263532106437,1.4992657647475227,900.0,0.3787878787878788,0.06060606060606061,0.021212121212121213,0.015151515151515152,0.00909090909090909,0.0,0.11257124480497949,align_x_vol:counter_trend|vol_normal
5,6.0,3600,327,0.15902140672782875,-1.5239622612614383,-2.110422297970137,-498.33565943249033,11.275609206803999,-10.0797706118626,2.486010163611491,1.4988852066127805,2134.0,0.5840978593272171,0.0856269113149847,0.045871559633027525,0.03363914373088685,0.012232415902140673,0.0061162079510703364,0.17249971301399425,align_x_vol:counter_trend|vol_normal
5,6.0,14400,316,0.11708860759493671,-1.711440779626514,-2.197746033613743,-540.8152863619785,11.41376255147448,-10.0797706118626,5.178727936209387,1.51224411434907,1904.5,0.819620253164557,0.10126582278481013,0.08544303797468354,0.07278481012658228,0.04746835443037975,0.006329113924050633,0.23361587290208677,align_x_vol:counter_trend|vol_normal
5,6.0,86400,295,0.04406779661016949,-1.1299941274789294,-2.240951922804675,-333.34826760628414,78.90530868875533,-10.0797706118626,18.396826597571074,1.5235197558707636,1585.0,0.9559322033898305,0.04406779661016949,0.04067796610169491,0.03728813559322034,0.023728813559322035,0.01694915254237288,0.5503950257684486,align_x_vol:counter_trend|vol_normal
10,4.0,900,728,0.17032967032967034,-1.1541560416477532,-1.4008265919884089,-840.2255983195643,18.823315386911137,-9.436412582861346,1.6090231143616274,1.34864339777525,900.0,0.3901098901098901,0.09065934065934066,0.0521978021978022,0.03296703296703297,0.008241758241758242,0.0013736263736263737,0.2041798238585885,align_x_vol:counter_trend|vol_normal
10,4.0,3600,718,0.17270194986072424,-1.2521134635083964,-2.1088024013460416,-899.0174667990285,22.41502582388244,-9.588719628346349,3.1053439098064284,1.3505663650522972,1648.0,0.628133704735376,0.11977715877437325,0.08774373259052924,0.055710306406685235,0.026462395543175487,0.011142061281337047,0.28949278374193277,align_x_vol:counter_trend|vol_normal
10,4.0,14400,699,0.13447782546494993,-1.2698289913379648,-2.1628823703910656,-887.6104649452374,50.68788768911063,-9.588719628346349,6.7003243565039545,1.3546502819773,1542.0,0.8197424892703863,0.12017167381974249,0.09728183118741059,0.08297567954220315,0.05436337625178827,0.017167381974248927,0.3883505218933921,align_x_vol:counter_trend|vol_normal
10,4.0,86400,652,0.02607361963190184,-1.4084867125689882,-2.214880401697582,-918.3333365949803,80.87195668695655,-9.588719628346349,20.54954621064713,1.361673707440073,1249.5,0.9723926380368099,0.02607361963190184,0.024539877300613498,0.023006134969325152,0.015337423312883436,0.012269938650306749,0.41271840367672297,align_x_vol:counter_trend|vol_normal
10,6.0,900,159,0.13836477987421383,-1.1920635059749158,-1.3454721887680297,-189.53809745001163,7.001710503975577,-5.333439829963704,1.525743743743791,1.4336791606736399,900.0,0.3836477987421384,0.07547169811320754,0.050314465408805034,0.03773584905660377,0.012578616352201259,0.0,0.19342527763917838,align_x_vol:counter_trend|vol_normal
10,6.0,3600,159,0.1509433962264151,-1.279911737722874,-2.1058757062146167,-203.50596629793694,22.41502582388244,-9.354722943229135,2.9098812901144693,1.4336791606736399,2002.0,0.5974842767295597,0.0880503144654088,0.05660377358490566,0.0440251572327044,0.03773584905660377,0.018867924528301886,0.29017390026183887,align_x_vol:counter_trend|vol_normal
10,6.0,14400,151,0.1456953642384106,-1.4400957941625465,-2.14728936869271,-217.45446491854452,14.26840086698273,-9.354722943229135,5.669329703032812,1.445246803177005,1654.0,0.7814569536423841,0.10596026490066225,0.09933774834437085,0.07947019867549669,0.059602649006622516,0.013245033112582781,0.31175736000882615,align_x_vol:counter_trend|vol_normal
10,6.0,86400,138,0.014492753623188406,-1.433744429056483,-2.206909029408938,-197.85673120979465,75.61546372105322,-9.354722943229135,17.105227322680868,1.453764185218981,1432.5,0.9782608695652174,0.014492753623188406,0.014492753623188406,0.014492753623188406,0.014492753623188406,0.014492753623188406,0.43148331612767393,align_x_vol:counter_trend|vol_normal
3,4.0,900,1066,0.14915572232645402,-1.2394485877759498,-1.5769233437437804,-1321.2521945691624,8.880475707455362,-6.809168837737778,1.408243247560606,1.268987006577048,900.0,0.4352720450281426,0.07129455909943715,0.04221388367729831,0.02345215759849906,0.00375234521575985,0.0,0.15348695559092404,align_x_vol:unknown|unknown
3,4.0,3600,1066,0.2026266416510319,-1.1638101377979106,-2.1072919876342646,-1240.6216068925728,19.70116720918958,-6.809168837737778,2.877089622864518,1.268987006577048,1385.0,0.649155722326454,0.13133208255159476,0.0900562851782364,0.06378986866791744,0.027204502814258912,0.0009380863039399625,0.29455030370206947,align_x_vol:unknown|unknown
3,4.0,14400,1066,0.15196998123827393,-1.175491692863239,-2.126091703510655,-1253.0741445922129,33.762626605146316,-6.809168837737778,5.247410863086297,1.268987006577048,1385.0,0.7964352720450282,0.12288930581613508,0.10600375234521577,0.09380863039399624,0.07129455909943715,0.008442776735459663,0.3767974686829463,align_x_vol:unknown|unknown
3,4.0,86400,1066,0.09099437148217636,-0.6766760543077707,-2.1538397970387777,-721.3366738920836,107.62456648927592,-6.809168837737778,23.014995876659118,1.268987006577048,1385.0,0.900562851782364,0.07598499061913697,0.0675422138836773,0.06660412757973734,0.0647279549718574,0.06378986866791744,0.6782693416593625,align_x_vol:unknown|unknown
3,6.0,900,373,0.12332439678284182,-1.4003315726256327,-1.4942041716722472,-522.323676589361,4.096698582256034,-7.595225036398501,1.3401116014629422,1.4298527950543984,900.0,0.38337801608579086,0.06970509383378017,0.040214477211796246,0.013404825737265416,0.0,0.0,0.11263421546503771,align_x_vol:unknown|unknown
3,6.0,3600,373,0.18498659517426275,-1.4201726049961556,-2.1108320888798864,-529.7243816635661,8.03677696165925,-7.595225036398501,2.545827896329648,1.4298527950543984,1762.0,0.613941018766756,0.10455764075067024,0.064343163538874,0.040214477211796246,0.01876675603217158,0.0,0.19939567339351713,align_x_vol:unknown|unknown
3,6.0,14400,373,0.14745308310991956,-1.29954897233629,-2.166927422859665,-484.7317666814362,33.762626605146316,-7.595225036398501,4.764715916563514,1.4298527950543984,1762.0,0.7721179624664879,0.11528150134048257,0.10187667560321716,0.09651474530831099,0.06702412868632708,0.005361930294906166,0.34859214176901915,align_x_vol:unknown|unknown
3,6.0,86400,373,0.10723860589812333,-0.7420308365543871,-2.193065173383513,-276.7775020347864,52.913944081018755,-7.595225036398501,21.51138752982627,1.4298527950543984,1762.0,0.8793565683646113,0.09115281501340483,0.08847184986595175,0.08847184986595175,0.08310991957104558,0.08042895442359249,0.665894000556866,align_x_vol:unknown|unknown
5,4.0,900,718,0.149025069637883,-1.2096992746826278,-1.4928463747086504,-868.5640792221268,10.209117913671632,-6.754607881309341,1.5848736073198513,1.3191653447195106,900.0,0.4025069637883008,0.08495821727019498,0.05153203342618384,0.026462395543175487,0.005571030640668524,0.001392757660167131,0.17772851925494543,align_x_vol:unknown|unknown
5,4.0,3600,718,0.1991643454038997,-1.1551824500041525,-2.1103494983935613,-829.4209991029815,20.127134185465888,-6.754607881309341,3.0664059269732222,1.3191653447195106,1689.0,0.6295264623955432,0.12813370473537605,0.0905292479108635,0.06685236768802229,0.033426183844011144,0.002785515320334262,0.3121254528892008,align_x_vol:unknown|unknown
5,4.0,14400,718,0.15459610027855153,-1.2029364353847711,-2.151042934255095,-863.7083606062656,30.241403084583336,-6.754607881309341,5.25671134955358,1.3191653447195106,1689.0,0.7938718662952646,0.12256267409470752,0.11142061281337047,0.09192200557103064,0.06963788300835655,0.008356545961002786,0.37684959851985667,align_x_vol:unknown|unknown
5,4.0,86400,718,0.08495821727019498,-0.6691807373971516,-2.178749188129939,-480.47176945115484,110.10079936088975,-6.754607881309341,22.203692581357267,1.3191653447195106,1689.0,0.903899721448468,0.06963788300835655,0.06545961002785515,0.06267409470752089,0.05988857938718663,0.0584958217270195,0.6905086351296501,align_x_vol:unknown|unknown
5,6.0,900,223,0.1210762331838565,-1.5450309661621389,-1.6259298785754874,-344.54190545415696,3.800169894879071,-7.595225036398501,1.4942559652842347,1.5209991987882348,900.0,0.4260089686098655,0.07623318385650224,0.03587443946188341,0.008968609865470852,0.0,0.0,0.09880760037979408,align_x_vol:unknown|unknown
5,6.0,3600,223,0.17937219730941703,-1.5286735357876302,-2.1616937475984463,-340.89419848064153,8.760359226979858,-7.595225036398501,2.5464073225048747,1.5209991987882348,1444.0,0.6322869955156951,0.11210762331838565,0.07174887892376682,0.04035874439461883,0.017937219730941704,0.0,0.19514038433715764,align_x_vol:unknown|unknown
5,6.0,14400,223,0.17040358744394618,-1.337414478238057,-2.2045359375565026,-298.2434286470867,30.241403084583336,-7.595225036398501,4.816864664524295,1.5209991987882348,1444.0,0.7802690582959642,0.13452914798206278,0.11210762331838565,0.1031390134529148,0.05829596412556054,0.004484304932735426,0.3510094466450914,align_x_vol:unknown|unknown
5,6.0,86400,223,0.09865470852017937,-0.5684598827676223,-2.275973432981173,-126.76655385717977,110.10079936088975,-7.595225036398501,24.710533728585773,1.5209991987882348,1444.0,0.8923766816143498,0.08071748878923767,0.08071748878923767,0.08071748878923767,0.07623318385650224,0.07174887892376682,0.7560412077016263,align_x_vol:unknown|unknown
10,4.0,900,408,0.17892156862745098,-1.1445169134785524,-1.4056443955400806,-466.9629006992494,10.420357648429837,-5.597025823336596,1.7083555910713568,1.3239056581047854,900.0,0.39215686274509803,0.1053921568627451,0.051470588235294115,0.0196078431372549,0.004901960784313725,0.0024509803921568627,0.19688240784315872,align_x_vol:unknown|unknown
10,4.0,3600,408,0.23039215686274508,-1.0420526038634448,-2.1058716351239544,-425.1574623762855,19.016861807390157,-5.597025823336596,3.0883036884735837,1.3239056581047854,1747.0,0.6078431372549019,0.14215686274509803,0.10294117647058823,0.07107843137254902,0.03431372549019608,0.004901960784313725,0.3597843157345554,align_x_vol:unknown|unknown
10,4.0,14400,408,0.17401960784313725,-0.9952760833139319,-2.1435226320830196,-406.07264199208424,30.241403084583336,-5.597025823336596,5.2568080575352125,1.3239056581047854,1747.0,0.7647058823529411,0.14215686274509803,0.12990196078431374,0.11029411764705882,0.07107843137254902,0.012254901960784314,0.4672404589592137,align_x_vol:unknown|unknown
10,4.0,86400,408,0.09803921568627451,-0.2502839583362318,-2.1734534009995423,-102.11585500118257,110.10079936088975,-5.597025823336596,23.62776054414308,1.3239056581047854,1747.0,0.8897058823529411,0.08333333333333333,0.08088235294117647,0.08088235294117647,0.07598039215686274,0.07352941176470588,0.882552130660243,align_x_vol:unknown|unknown
10,6.0,900,105,0.14285714285714285,-1.4273875986591913,-1.4914885777450537,-149.87569785921508,3.769886024355641,-5.597025823336596,1.7660451154102237,1.461154685410132,900.0,0.3619047619047619,0.0761904761904762,0.02857142857142857,0.009523809523809525,0.0,0.0,0.11526441281967635,align_x_vol:unknown|unknown
10,6.0,3600,105,0.13333333333333333,-1.6698266416873497,-2.1081614543034135,-175.3317973771717,5.321799762794665,-5.597025823336596,2.7734271954938667,1.461154685410132,1862.0,0.6476190476190476,0.08571428571428572,0.047619047619047616,0.02857142857142857,0.009523809523809525,0.0,0.1333032584636787,align_x_vol:unknown|unknown
10,6.0,14400,105,0.14285714285714285,-1.6338581132098817,-2.150657967164238,-171.55510188703758,6.373841733129858,-5.597025823336596,4.653785153310451,1.461154685410132,1862.0,0.7904761904761904,0.10476190476190476,0.08571428571428572,0.08571428571428572,0.02857142857142857,0.0,0.2154545687573956,align_x_vol:unknown|unknown
10,6.0,86400,105,0.08571428571428572,-1.2490868077146924,-2.239521628421147,-131.1541148100427,23.809899623181906,-5.597025823336596,22.822000531641677,1.461154685410132,1862.0,0.8952380952380953,0.06666666666666667,0.06666666666666667,0.06666666666666667,0.06666666666666667,0.05714285714285714,0.4544574509368148,align_x_vol:unknown|unknown
3,4.0,900,1244,0.15032154340836013,-1.3224728284533436,-2.1033947235416592,-1645.1561985959595,10.665607634231359,-6.890991037879206,1.909593977666894,1.3766096924427809,871.5,0.5048231511254019,0.0932475884244373,0.06028938906752412,0.03697749196141479,0.01527331189710611,0.0008038585209003215,0.19207609267548834,align_x_vol:with_trend|unknown
3,4.0,3600,1244,0.17363344051446947,-1.2039568350457976,-2.1196909901494854,-1497.7223027969724,23.77582430777219,-6.890991037879206,4.112095845406289,1.3766096924427809,871.5,0.704983922829582,0.12459807073954984,0.0860128617363344,0.06913183279742766,0.04019292604501608,0.014469453376205787,0.3476205587992216,align_x_vol:with_trend|unknown
3,4.0,14400,1244,0.09244372990353698,-1.1237988769410472,-2.1538144100993124,-1398.0058029146626,70.32593983902768,-6.890991037879206,9.378485745825595,1.3766096924427809,871.5,0.8705787781350482,0.08279742765273312,0.07315112540192927,0.06270096463022508,0.053858520900321546,0.03697749196141479,0.4768600714329177,align_x_vol:with_trend|unknown
3,4.0,86400,1244,0.0594855305466238,0.8103428478182958,-2.1694779132425004,1008.0665026859599,144.29644760329936,-6.91768255885851,31.598969886759978,1.3766096924427809,871.5,0.9397106109324759,0.0594855305466238,0.0594855305466238,0.0594855305466238,0.058681672025723476,0.05305466237942122,1.3542197164773457,align_x_vol:with_trend|unknown
3,6.0,900,404,0.13613861386138615,-1.5058405811083024,-2.043024911158272,-608.3595947677542,9.648923537742336,-6.890991037879206,1.7710231719054055,1.5163948544619645,900.0,0.4752475247524752,0.07673267326732673,0.04702970297029703,0.027227722772277228,0.0049504950495049506,0.0,0.1382740679253489,align_x_vol:with_trend|unknown
3,6.0,3600,404,0.15346534653465346,-1.4128281619101668,-2.1622502949370377,-570.7825774117074,21.7032271897661,-6.890991037879206,3.610412435658205,1.5163948544619645,1040.0,0.7004950495049505,0.11386138613861387,0.07425742574257425,0.05693069306930693,0.027227722772277228,0.017326732673267328,0.28364004536959747,align_x_vol:with_trend|unknown
3,6.0,14400,404,0.09158415841584158,-1.424290354487445,-2.2318947623794525,-575.4133032129278,39.27147243766924,-6.890991037879206,7.924578352614541,1.5163948544619645,1040.0,0.8613861386138614,0.07920792079207921,0.07178217821782178,0.054455445544554455,0.04702970297029703,0.0297029702970297,0.37302094560345256,align_x_vol:with_trend|unknown
3,6.0,86400,404,0.06188118811881188,0.3616757547019568,-2.243419204173822,146.11700489959054,130.9371632414119,-6.91768255885851,29.36619725290186,1.5163948544619645,1040.0,0.9381188118811881,0.06188118811881188,0.06188118811881188,0.06188118811881188,0.06188118811881188,0.054455445544554455,1.149563242066587,align_x_vol:with_trend|unknown
5,4.0,900,826,0.14769975786924938,-1.310803925676615,-2.1033504047038614,-1082.724042608884,10.665607634231359,-6.0626471419404355,2.009278977783014,1.400307159966342,832.0,0.5096852300242131,0.09806295399515738,0.06416464891041163,0.0423728813559322,0.021791767554479417,0.002421307506053269,0.21630112630357404,align_x_vol:with_trend|unknown
5,4.0,3600,826,0.15738498789346247,-1.2211999877165984,-2.142549238190268,-1008.7111898539104,52.02032207692196,-6.0626471419404355,4.20302780709343,1.400307159966342,832.0,0.7239709443099274,0.1198547215496368,0.08353510895883777,0.06658595641646489,0.039951573849878935,0.018159806295399514,0.3621884903967363,align_x_vol:with_trend|unknown
5,4.0,14400,826,0.09564164648910412,-1.0379751380800213,-2.181261026414706,-857.3674640540976,70.32593983902768,-6.0626471419404355,9.614004376749936,1.400307159966342,832.0,0.8765133171912833,0.08837772397094432,0.07869249394673124,0.06900726392251816,0.059322033898305086,0.044794188861985475,0.5249226476210699,align_x_vol:with_trend|unknown
5,4.0,86400,826,0.06900726392251816,1.3351937788585897,-2.197006683162763,1102.870061337195,129.75542155482756,-6.91768255885851,31.936592664335727,1.400307159966342,832.0,0.9309927360774818,0.06900726392251816,0.06900726392251816,0.06900726392251816,0.06658595641646489,0.059322033898305086,1.5833725002720256,align_x_vol:with_trend|unknown
5,6.0,900,251,0.16733067729083664,-1.515900404758484,-2.049740150341022,-380.4910015943795,6.885012197068871,-8.596186826712321,1.90462622740512,1.5939757709890747,900.0,0.4820717131474104,0.09561752988047809,0.04780876494023904,0.035856573705179286,0.00796812749003984,0.0,0.159848829529104,align_x_vol:with_trend|unknown
5,6.0,3600,251,0.1752988047808765,-1.3230216247064341,-2.190164142947956,-332.07842780131494,30.548699418418135,-8.596186826712321,3.8061913426650813,1.5939757709890747,1015.0,0.6892430278884463,0.13545816733067728,0.09163346613545817,0.07569721115537849,0.035856573705179286,0.01593625498007968,0.3455537283610543,align_x_vol:with_trend|unknown
5,6.0,14400,251,0.11952191235059761,-1.1815145659041058,-2.2440276938511508,-296.56015604193055,38.2159260868741,-8.596186826712321,8.489382226073268,1.5939757709890747,1015.0,0.8446215139442231,0.10358565737051793,0.09561752988047809,0.0796812749003984,0.05976095617529881,0.043824701195219126,0.48216348958280447,align_x_vol:with_trend|unknown
5,6.0,86400,251,0.0796812749003984,1.2819770229884364,-2.314495031218692,321.7762327700975,125.50350338336176,-8.596186826712321,29.95501816101737,1.5939757709890747,1015.0,0.9203187250996016,0.0796812749003984,0.0796812749003984,0.0796812749003984,0.07569721115537849,0.07171314741035857,1.5242161813442716,align_x_vol:with_trend|unknown
10,4.0,900,506,0.18181818181818182,-1.2658221560203173,-1.808557963108009,-640.5060109462805,11.836623312409232,-6.0626471419404355,2.3086571554482944,1.4357659184693248,900.0,0.4762845849802372,0.1067193675889328,0.06521739130434782,0.037549407114624504,0.01383399209486166,0.001976284584980237,0.21054441186727857,align_x_vol:with_trend|unknown
10,4.0,3600,506,0.17588932806324112,-1.268022317377042,-2.148940592058631,-641.6192925927833,19.780022468681317,-6.0626471419404355,4.228877260241168,1.4357659184693248,1021.5,0.6996047430830039,0.1324110671936759,0.08695652173913043,0.05928853754940711,0.03557312252964427,0.015810276679841896,0.332329160926022,align_x_vol:with_trend|unknown
10,4.0,14400,506,0.1067193675889328,-0.9989390717784858,-2.1977507545081183,-505.46317031991384,70.32593983902768,-6.0626471419404355,9.511686242844451,1.4357659184693248,1021.5,0.8616600790513834,0.09881422924901186,0.08498023715415019,0.07707509881422925,0.0533596837944664,0.037549407114624504,0.5436069734006553,align_x_vol:with_trend|unknown
10,4.0,86400,506,0.07905138339920949,1.6092738576436998,-2.2089129468089572,814.2925719677121,129.75542155482756,-6.0626471419404355,34.04934982629174,1.4357659184693248,1021.5,0.9209486166007905,0.07905138339920949,0.07905138339920949,0.07905138339920949,0.07707509881422925,0.07114624505928854,1.7004317456782767,align_x_vol:with_trend|unknown
10,6.0,900,146,0.21232876712328766,-1.1009070130384366,-1.3724285621685177,-160.73242390361176,7.1184470711268455,-6.0626471419404355,2.158436536434698,1.4717979388254612,900.0,0.4041095890410959,0.13013698630136986,0.08904109589041095,0.04794520547945205,0.0136986301369863,0.0,0.2754344778329044,align_x_vol:with_trend|unknown
10,6.0,3600,146,0.1780821917808219,-1.1418834588694826,-2.1298669967270376,-166.71498499494447,17.76239807464377,-6.0626471419404355,3.8454045286956218,1.4717979388254612,1414.0,0.678082191780822,0.136986301369863,0.10273972602739725,0.0684931506849315,0.0410958904109589,0.0273972602739726,0.3883527255532952,align_x_vol:with_trend|unknown
10,6.0,14400,146,0.1232876712328767,-0.6697332877026088,-2.1872661356183594,-97.78106000458088,38.2159260868741,-6.0626471419404355,8.890846880001824,1.4717979388254612,1414.0,0.8356164383561644,0.1232876712328767,0.1095890410958904,0.08904109589041095,0.06164383561643835,0.04794520547945205,0.6891929654007656,align_x_vol:with_trend|unknown
10,6.0,86400,146,0.10273972602739725,1.908004272080285,-2.193507864524909,278.5686237237216,126.87197648714515,-6.0626471419404355,27.587657722441982,1.4717979388254612,1414.0,0.8972602739726028,0.10273972602739725,0.10273972602739725,0.10273972602739725,0.0958904109589041,0.08904109589041095,1.844312683203821,align_x_vol:with_trend|unknown
3,4.0,900,264,0.09848484848484848,-2.4231512533376725,-2.6252426862606173,-639.7119308811456,45.095901677391076,-28.444869940877236,8.254923826551627,2.4704076852328596,78.0,0.7575757575757576,0.07954545454545454,0.06060606060606061,0.041666666666666664,0.03787878787878788,0.01893939393939394,0.22680733962433666,align_x_vol:with_trend|vol_extreme
3,4.0,3600,261,0.04980842911877394,-2.9542297905949764,-2.697722123281825,-771.0539753452888,27.4125879823878,-28.444869940877236,14.24925095152759,2.4861594977068004,74.0,0.9003831417624522,0.04597701149425287,0.0421455938697318,0.034482758620689655,0.019157088122605363,0.011494252873563218,0.12548598448270798,align_x_vol:with_trend|vol_extreme
3,4.0,14400,261,0.04597701149425287,-2.408433438510896,-2.726623415149286,-628.6011274513439,52.37336365703355,-28.444869940877236,21.305527099679107,2.4861594977068004,74.0,0.946360153256705,0.04597701149425287,0.0421455938697318,0.0421455938697318,0.038314176245210725,0.03065134099616858,0.3009380967540197,align_x_vol:with_trend|vol_extreme
3,4.0,86400,260,0.03076923076923077,-1.7235155514600975,-2.7555221832904713,-448.11404337962534,119.63015574659023,-28.444869940877236,39.60174147154951,2.4913241280352567,74.0,0.9692307692307692,0.03076923076923077,0.03076923076923077,0.03076923076923077,0.03076923076923077,0.026923076923076925,0.5104541613038169,align_x_vol:with_trend|vol_extreme
3,6.0,900,104,0.09615384615384616,-3.1845236030824164,-3.120723327896152,-331.1904547205713,20.642531904471394,-18.028505433090487,8.849846652209811,3.0796988619801158,32.0,0.7884615384615384,0.057692307692307696,0.04807692307692308,0.038461538461538464,0.038461538461538464,0.028846153846153848,0.1638051898157881,align_x_vol:with_trend|vol_extreme
3,6.0,3600,104,0.04807692307692308,-3.7232963114573483,-3.1616831368910594,-387.2228163915642,11.641891538050173,-18.028505433090487,13.541896354703916,3.0796988619801158,32.0,0.8846153846153846,0.04807692307692308,0.038461538461538464,0.038461538461538464,0.019230769230769232,0.009615384615384616,0.06739485070059663,align_x_vol:with_trend|vol_extreme
3,6.0,14400,104,0.04807692307692308,-2.958616909981387,-3.1806458300795883,-307.6961586380642,52.37336365703355,-18.028505433090487,17.44475016966588,3.0796988619801158,32.0,0.9423076923076923,0.04807692307692308,0.038461538461538464,0.038461538461538464,0.038461538461538464,0.019230769230769232,0.2753651543770899,align_x_vol:with_trend|vol_extreme
3,6.0,86400,104,0.038461538461538464,-3.031107082408403,-3.211514752355487,-315.2351365704739,39.03286022179611,-18.028505433090487,38.894897573245835,3.0796988619801158,32.0,0.9615384615384616,0.038461538461538464,0.038461538461538464,0.038461538461538464,0.038461538461538464,0.038461538461538464,0.2692652086916895,align_x_vol:with_trend|vol_extreme
5,4.0,900,191,0.1256544502617801,-2.1643033436056407,-2.5286366217709326,-413.3819386286774,38.341064505830985,-14.778470374779944,7.7552549797582175,2.2805437890279423,126.0,0.7329842931937173,0.09424083769633508,0.07853403141361257,0.06282722513089005,0.05235602094240838,0.020942408376963352,0.2513529534449231,align_x_vol:with_trend|vol_extreme
5,4.0,3600,191,0.06806282722513089,-2.581156118918618,-2.58546370251161,-493.00081871345606,26.650945060441337,-14.778470374779944,12.949800316459122,2.2805437890279423,126.0,0.8586387434554974,0.06282722513089005,0.05235602094240838,0.041884816753926704,0.02617801047120419,0.020942408376963352,0.17632478155823,align_x_vol:with_trend|vol_extreme
5,4.0,14400,191,0.05759162303664921,-2.4145572360575467,-2.594784954817442,-461.1804320869914,34.41404554682039,-14.778470374779944,21.058102165521223,2.2805437890279423,126.0,0.9319371727748691,0.05759162303664921,0.05759162303664921,0.05235602094240838,0.04712041884816754,0.041884816753926704,0.25642687943335346,align_x_vol:with_trend|vol_extreme
5,4.0,86400,189,0.031746031746031744,-2.3424379762387244,-2.662563741923815,-442.72077750911893,73.4573161713014,-14.778470374779944,38.95706739547624,2.292688644168203,125.0,0.9682539682539683,0.031746031746031744,0.031746031746031744,0.031746031746031744,0.026455026455026454,0.021164021164021163,0.3024781951516259,align_x_vol:with_trend|vol_extreme
5,6.0,900,71,0.09859154929577464,-3.0680103364354445,-2.554102378156396,-217.82873388691655,6.41617823122812,-14.778470374779944,8.527579350955028,2.6405053406999865,51.0,0.7605633802816901,0.04225352112676056,0.04225352112676056,0.04225352112676056,0.028169014084507043,0.0,0.07581869053996468,align_x_vol:with_trend|vol_extreme
5,6.0,3600,71,0.08450704225352113,-3.1699737291967613,-2.7436963186359797,-225.06813477297004,16.486858994661006,-14.778470374779944,14.59839445102194,2.6405053406999865,51.0,0.8732394366197183,0.056338028169014086,0.04225352112676056,0.04225352112676056,0.014084507042253521,0.014084507042253521,0.0976812977748074,align_x_vol:with_trend|vol_extreme
5,6.0,14400,71,0.07042253521126761,-3.0487119298675447,-2.8127155686677607,-216.45854702059566,18.151327645259943,-14.778470374779944,18.085227921605718,2.6405053406999865,51.0,0.9295774647887324,0.056338028169014086,0.04225352112676056,0.04225352112676056,0.04225352112676056,0.028169014084507043,0.1598214765319574,align_x_vol:with_trend|vol_extreme
5,6.0,86400,71,0.056338028169014086,-2.467826340387177,-2.8127155686677607,-175.21567016748958,40.79015936901604,-14.778470374779944,36.7875844133927,2.6405053406999865,51.0,0.9436619718309859,0.056338028169014086,0.056338028169014086,0.056338028169014086,0.056338028169014086,0.04225352112676056,0.3263648315066064,align_x_vol:with_trend|vol_extreme
10,4.0,900,133,0.13533834586466165,-2.377224361336848,-2.3653669660526777,-316.1708400578008,6.811618960368028,-10.434492823063334,6.741620092548491,1.9819130531359153,170.0,0.7443609022556391,0.09022556390977443,0.05263157894736842,0.022556390977443608,0.015037593984962405,0.0,0.10203186002317723,align_x_vol:with_trend|vol_extreme
10,4.0,3600,133,0.09022556390977443,-2.4873630346702305,-2.475475066143462,-330.81928361114063,9.091795829820462,-10.434492823063334,12.597469082010978,1.9819130531359153,170.0,0.849624060150376,0.06766917293233082,0.05263157894736842,0.05263157894736842,0.03007518796992481,0.0,0.12617101989243887,align_x_vol:with_trend|vol_extreme
10,4.0,14400,133,0.08270676691729323,-2.1915514332478576,-2.4864190281528824,-291.47634062196505,30.91822952940506,-10.434492823063334,19.477628827059327,1.9819130531359153,170.0,0.9097744360902256,0.07518796992481203,0.07518796992481203,0.07518796992481203,0.06015037593984962,0.015037593984962405,0.2549698339305354,align_x_vol:with_trend|vol_extreme
10,4.0,86400,133,0.06015037593984962,-1.3687446691191336,-2.4972994607178127,-182.04304099284477,76.04736797836142,-10.434492823063334,36.50391960901147,1.9819130531359153,170.0,0.9398496240601504,0.05263157894736842,0.05263157894736842,0.045112781954887216,0.045112781954887216,0.03759398496240601,0.5438988761630705,align_x_vol:with_trend|vol_extreme
10,6.0,900,52,0.19230769230769232,-1.9027589603780224,-1.695732441224177,-98.94346593965716,9.57230474042677,-12.580970701942713,6.89128123636103,1.8933303785498041,531.0,0.6153846153846154,0.11538461538461539,0.057692307692307696,0.038461538461538464,0.019230769230769232,0.0,0.18223610709072519,align_x_vol:with_trend|vol_extreme
10,6.0,3600,52,0.17307692307692307,-2.1487536023539784,-2.1667591565988253,-111.73518732240687,7.980898976594062,-12.580970701942713,11.307080246105293,1.8933303785498041,531.0,0.7692307692307693,0.11538461538461539,0.057692307692307696,0.038461538461538464,0.038461538461538464,0.0,0.17861467154400876,align_x_vol:with_trend|vol_extreme
10,6.0,14400,52,0.15384615384615385,-1.582957733108675,-2.3110855457289574,-82.31380212165111,23.351662606525494,-12.580970701942713,13.332422525482084,1.8933303785498041,531.0,0.8461538461538461,0.1346153846153846,0.1346153846153846,0.1346153846153846,0.07692307692307693,0.019230769230769232,0.4207929944922896,align_x_vol:with_trend|vol_extreme
10,6.0,86400,52,0.11538461538461539,0.026820619072312278,-2.3110855457289574,1.3946721917602385,53.31650383704747,-12.580970701942713,23.04987738849976,1.8933303785498041,531.0,0.8846153846153846,0.11538461538461539,0.11538461538461539,0.11538461538461539,0.09615384615384616,0.09615384615384616,1.0095467015750927,align_x_vol:with_trend|vol_extreme
3,4.0,900,751,0.14380825565912117,-1.5468631874767536,-2.214400764732929,-1161.694253795042,73.90102200391978,-15.88579686628347,4.259693956455903,1.7742384532184556,313.0,0.6577896138482024,0.10252996005326231,0.07456724367509987,0.05459387483355526,0.03861517976031957,0.013315579227696404,0.2939589457899548,align_x_vol:with_trend|vol_high
3,4.0,3600,750,0.11333333333333333,-1.7026548688416747,-2.275598722810682,-1276.9911516312561,59.59819161919336,-15.88579686628347,8.149105721457598,1.7749309691961168,312.0,0.812,0.1,0.076,0.06,0.037333333333333336,0.016,0.3025523131361705,align_x_vol:with_trend|vol_high
3,4.0,14400,744,0.08198924731182795,-1.5913373868816638,-2.3316696928740637,-1183.955015839958,99.20789521304401,-15.88579686628347,16.549389428671535,1.7799159164333673,302.5,0.9045698924731183,0.07258064516129033,0.06586021505376344,0.056451612903225805,0.0456989247311828,0.03225806451612903,0.3926439843232388,align_x_vol:with_trend|vol_high
3,4.0,86400,734,0.02997275204359673,-1.1892525365869508,-2.3758737846661306,-872.9113618548218,113.61203161718997,-15.88579686628347,37.70549646785919,1.7835395089830541,291.0,0.9700272479564033,0.025885558583106268,0.025885558583106268,0.025885558583106268,0.025885558583106268,0.025885558583106268,0.5719937594061387,align_x_vol:with_trend|vol_high
3,6.0,900,238,0.15126050420168066,-1.8581146747154649,-2.3977049501795973,-442.2312925822806,25.03760169911262,-15.88579686628347,4.811126333107263,2.2297081799328393,328.0,0.6470588235294118,0.12184873949579832,0.09243697478991597,0.07563025210084033,0.04201680672268908,0.01680672268907563,0.2703468204510802,align_x_vol:with_trend|vol_high
3,6.0,3600,238,0.11764705882352941,-1.8025805998032096,-2.513521692714087,-429.0141827531639,31.991753456453115,-15.88579686628347,9.805050707852445,2.2297081799328393,328.0,0.8067226890756303,0.10084033613445378,0.08823529411764706,0.07983193277310924,0.06302521008403361,0.025210084033613446,0.362385808838221,align_x_vol:with_trend|vol_high
3,6.0,14400,237,0.11392405063291139,-1.2626247794552912,-2.5347221361916668,-299.242072730904,38.220909005837854,-15.88579686628347,15.1086784656656,2.234160548363804,324.0,0.8607594936708861,0.10970464135021098,0.10548523206751055,0.10126582278481013,0.09282700421940929,0.06751054852320675,0.5637973964873582,align_x_vol:with_trend|vol_high
3,6.0,86400,233,0.055793991416309016,0.1181706046865306,-2.6650632029844536,27.533750891961628,116.53813904765188,-15.88579686628347,34.10776849228715,2.2404112575245083,304.0,0.944206008583691,0.05150214592274678,0.05150214592274678,0.05150214592274678,0.05150214592274678,0.05150214592274678,1.0379914633914888,align_x_vol:with_trend|vol_high
5,4.0,900,528,0.13825757575757575,-1.7036062067323265,-2.261842481447778,-899.5040771546684,32.754478225590965,-11.460771018038708,4.814944641061538,1.8662754125277092,270.5,0.6666666666666666,0.10795454545454546,0.07765151515151515,0.06060606060606061,0.03787878787878788,0.011363636363636364,0.2615419597444494,align_x_vol:with_trend|vol_high
5,4.0,3600,528,0.10606060606060606,-1.7830223911525611,-2.3673712258576516,-941.4358225285523,59.59819161919336,-11.460771018038708,8.578404667904671,1.8662754125277092,270.5,0.8143939393939394,0.0928030303030303,0.06628787878787878,0.04924242424242424,0.03598484848484849,0.017045454545454544,0.30096970579248195,align_x_vol:with_trend|vol_high
5,4.0,14400,525,0.08761904761904762,-1.554826133488737,-2.398128345746009,-816.2837200815869,50.16554030958077,-11.460771018038708,16.704158909009422,1.8705122303863544,258.0,0.8933333333333333,0.08190476190476191,0.07809523809523809,0.07238095238095238,0.05714285714285714,0.04,0.41638284280805515,align_x_vol:with_trend|vol_high
5,4.0,86400,517,0.0367504835589942,-1.1212690702694894,-2.4666186614171792,-579.6961093293261,98.2576938244,-11.460771018038708,35.54034141475557,1.8769670919963741,244.0,0.9613152804642167,0.03288201160541586,0.03288201160541586,0.03288201160541586,0.03288201160541586,0.03288201160541586,0.6042410684147579,align_x_vol:with_trend|vol_high
5,6.0,900,170,0.18235294117647058,-1.610894265330047,-2.316749933801793,-273.852025106108,32.754478225590965,-11.460771018038708,5.453749978876486,2.137801877417582,330.0,0.6411764705882353,0.14705882352941177,0.1,0.08823529411764706,0.047058823529411764,0.01764705882352941,0.33627538724876316,align_x_vol:with_trend|vol_high
5,6.0,3600,170,0.15294117647058825,-1.1175418821263674,-2.420190775335705,-189.98211996148245,59.59819161919336,-11.460771018038708,10.402205932117683,2.137801877417582,330.0,0.7647058823529411,0.1411764705882353,0.11764705882352941,0.09411764705882353,0.07647058823529412,0.03529411764705882,0.5750520714037368,align_x_vol:with_trend|vol_high
5,6.0,14400,170,0.1411764705882353,-0.7724146213594941,-2.4662697625587007,-131.310485631114,38.220909005837854,-11.460771018038708,15.92457563784243,2.137801877417582,330.0,0.8294117647058824,0.13529411764705881,0.12941176470588237,0.12941176470588237,0.11176470588235295,0.07058823529411765,0.7169515126302504,align_x_vol:with_trend|vol_high
5,6.0,86400,166,0.09036144578313253,1.1281934069236954,-2.539912224058339,187.28010554933343,98.2576938244,-11.460771018038708,30.175826994750544,2.156791589837339,316.5,0.9096385542168675,0.08433734939759036,0.08433734939759036,0.08433734939759036,0.08433734939759036,0.08433734939759036,1.3845538124642558,align_x_vol:with_trend|vol_high
10,4.0,900,349,0.2177650429799427,-1.2474433555900062,-2.116582165219766,-435.3577311009122,34.84257695655881,-13.036819921842676,4.455219498641311,1.7459624702111296,440.0,0.5959885386819485,0.1518624641833811,0.09169054441260745,0.07736389684813753,0.04297994269340974,0.02005730659025788,0.3856332250686708,align_x_vol:with_trend|vol_high
10,4.0,3600,349,0.14326647564469913,-1.271834603838354,-2.2531984797222098,-443.8702767395855,59.59819161919336,-13.036819921842676,8.475117920771636,1.7459624702111296,440.0,0.8051575931232091,0.12893982808022922,0.08882521489971347,0.07163323782234957,0.054441260744985676,0.02865329512893983,0.46439100442761455,align_x_vol:with_trend|vol_high
10,4.0,14400,348,0.11494252873563218,-0.8842524857896829,-2.274439412659185,-307.71986505480965,63.52247755490018,-13.036819921842676,16.72022456011163,1.7476046127640517,435.5,0.8706896551724138,0.10919540229885058,0.10057471264367816,0.09482758620689655,0.08045977011494253,0.05747126436781609,0.6455331677005024,align_x_vol:with_trend|vol_high
10,4.0,86400,340,0.058823529411764705,0.12800927405942872,-2.3166623645270494,43.52315318020576,117.04410162274108,-13.036819921842676,35.97609419527022,1.7533446275944229,414.0,0.9411764705882353,0.058823529411764705,0.058823529411764705,0.058823529411764705,0.058823529411764705,0.05588235294117647,1.0479527714452248,align_x_vol:with_trend|vol_high
10,6.0,900,104,0.25961538461538464,-1.1198616912896795,-1.8840885216974872,-116.46561589412667,19.12572947158591,-9.689252956879985,4.5961490947345895,1.852650371793201,900.0,0.47115384615384615,0.19230769230769232,0.1346153846153846,0.11538461538461539,0.057692307692307696,0.009615384615384616,0.4442723796702178,align_x_vol:with_trend|vol_high
10,6.0,3600,103,0.22330097087378642,-1.2212382271084399,-2.199939692475765,-125.7875373921693,19.781089610916823,-9.689252956879985,8.734789673338796,1.859957656956242,935.0,0.7281553398058253,0.18446601941747573,0.13592233009708737,0.1262135922330097,0.08737864077669903,0.019417475728155338,0.47950677171038075,align_x_vol:with_trend|vol_high
10,6.0,14400,103,0.1941747572815534,-0.7865363623683572,-2.2160186792945136,-81.0132453239408,37.64301404218049,-9.689252956879985,15.131365756549974,1.859957656956242,935.0,0.7864077669902912,0.18446601941747573,0.17475728155339806,0.1553398058252427,0.0970873786407767,0.06796116504854369,0.679246998174164,align_x_vol:with_trend|vol_high
10,6.0,86400,101,0.12871287128712872,2.178806766842891,-2.311564863799761,220.059483451132,103.81041955995242,-9.689252956879985,30.569137302616824,1.8785139340437917,931.0,0.8712871287128713,0.12871287128712872,0.12871287128712872,0.12871287128712872,0.12871287128712872,0.1188118811881188,1.8261704802710863,align_x_vol:with_trend|vol_high
3,4.0,900,2508,0.15231259968102073,-1.1947638181964555,-1.839052062208642,-2996.46765603671,26.111217573980916,-7.243182807373737,2.026819222717491,1.3463561758798295,900.0,0.4700956937799043,0.08811802232854865,0.05342902711323764,0.04226475279106858,0.022727272727272728,0.007575757575757576,0.24757312897754022,align_x_vol:with_trend|vol_normal
3,4.0,3600,2481,0.15558242644095122,-1.1646628003499846,-2.1115044451610023,-2889.528407668312,53.52066520868091,-7.243182807373737,4.040335023771482,1.3482877467554533,1031.0,0.6972994760177348,0.1124546553808948,0.08383716243450222,0.06408706166868199,0.04070939137444579,0.015316404675534058,0.3654658917189227,align_x_vol:with_trend|vol_normal
3,4.0,14400,2454,0.13039934800325997,-0.8827007137949351,-2.1386298511519235,-2166.1475516527707,84.89977494252655,-7.243182807373737,8.048379400454467,1.3485901534701388,1012.5,0.8382233088834555,0.11572942135289324,0.09942950285248574,0.07905460472697637,0.05908720456397718,0.03015484922575387,0.5675964094649704,align_x_vol:with_trend|vol_normal
3,4.0,86400,2318,0.028904227782571183,-1.0784067445964995,-2.176147961870204,-2499.746833974686,138.46147519375756,-7.269404391278078,24.505840178569215,1.3533771941490333,854.0,0.9706643658326143,0.027610008628127698,0.025884383088869714,0.02545297670405522,0.02459016393442623,0.02070750647109577,0.5394230154042695,align_x_vol:with_trend|vol_normal
3,6.0,900,907,0.1256890848952591,-1.3877091559414083,-1.8192322709245219,-1258.6522044388573,26.111217573980916,-7.243182807373737,2.036681610274608,1.5159523389983585,900.0,0.4531422271223815,0.07497243660418963,0.04851157662624035,0.03969128996692393,0.015435501653803748,0.007717750826901874,0.2078266478530255,align_x_vol:with_trend|vol_normal
3,6.0,3600,895,0.15418994413407822,-1.3183303221906983,-2.1229977669836697,-1179.905638360675,37.58213438642764,-7.243182807373737,3.7952091353028092,1.519127024200664,1164.0,0.659217877094972,0.11508379888268157,0.07932960893854749,0.05698324022346369,0.035754189944134075,0.01564245810055866,0.320054566400828,align_x_vol:with_trend|vol_normal
3,6.0,14400,882,0.13945578231292516,-1.1152298138970254,-2.1767589428623193,-983.6326958571764,81.84802673614078,-7.243182807373737,7.112089129191064,1.518839917112261,1118.5,0.8072562358276644,0.11564625850340136,0.10317460317460317,0.08049886621315193,0.05442176870748299,0.02947845804988662,0.47860286982121636,align_x_vol:with_trend|vol_normal
3,6.0,86400,831,0.02527075812274368,-1.505612822271638,-2.2647133495438747,-1251.1642553077313,75.0117774801459,-8.283225364473253,22.143621254940197,1.5296552335170668,938.0,0.97352587244284,0.024067388688327317,0.02286401925391095,0.02286401925391095,0.021660649819494584,0.01684717208182912,0.4060958554143095,align_x_vol:with_trend|vol_normal
5,4.0,900,1706,0.16060961313012895,-1.1495623389602747,-1.7231901936032592,-1961.1533502662285,26.111217573980916,-8.298739565499043,2.2635201767356943,1.4054280223835653,900.0,0.44958968347010553,0.09613130128956623,0.06213364595545135,0.04689331770222743,0.02637749120750293,0.008792497069167644,0.2792283322930737,align_x_vol:with_trend|vol_normal
5,4.0,3600,1684,0.1680522565320665,-1.1322877782799032,-2.1189272879134906,-1906.7726186233572,46.005958879377495,-8.298739565499043,4.151848819674121,1.4082916809716366,1159.5,0.6733966745843231,0.12054631828978622,0.08788598574821853,0.0688836104513064,0.040380047505938245,0.0166270783847981,0.386322798265373,align_x_vol:with_trend|vol_normal
5,4.0,14400,1658,0.14294330518697226,-0.8432054820524766,-2.1613834242174104,-1398.0346892430061,84.89977494252655,-8.298739565499043,8.419256994170551,1.411056322455066,1110.0,0.8202653799758746,0.12665862484921592,0.10313630880579011,0.08202653799758745,0.0609167671893848,0.033172496984318456,0.5912044100829975,align_x_vol:with_trend|vol_normal
5,4.0,86400,1563,0.028790786948176585,-1.2253696411613955,-2.2243912135970807,-1915.252749135261,116.97115667935479,-8.298739565499043,24.440536449558508,1.416782909433451,947.0,0.9705694177863083,0.026871401151631478,0.025591810620601407,0.02431222008957134,0.023672424824056303,0.019193857965451054,0.4900143723007922,align_x_vol:with_trend|vol_normal
5,6.0,900,582,0.14604810996563575,-1.4198159909555128,-1.8608580425272416,-826.3329067361085,17.850835413531836,-10.218476627807965,2.1052821143000005,1.592602969213187,900.0,0.4570446735395189,0.07731958762886598,0.05326460481099656,0.041237113402061855,0.024054982817869417,0.00859106529209622,0.21248366444829211,align_x_vol:with_trend|vol_normal
5,6.0,3600,575,0.14956521739130435,-1.3899718573673803,-2.137967626725905,-799.2338179862436,30.683563113445143,-10.218476627807965,3.662079884471936,1.593695188973363,1155.0,0.6556521739130434,0.10956521739130434,0.0782608695652174,0.05565217391304348,0.034782608695652174,0.019130434782608695,0.310542188838483,align_x_vol:with_trend|vol_normal
5,6.0,14400,567,0.13756613756613756,-1.2383257910329482,-2.201150548804732,-702.1307235156816,40.25392438789986,-10.218476627807965,6.9560476555604085,1.6012298501454583,1111.0,0.8077601410934744,0.10758377425044091,0.08994708994708994,0.07407407407407407,0.05291005291005291,0.026455026455026454,0.44228825051123904,align_x_vol:with_trend|vol_normal
5,6.0,86400,533,0.024390243902439025,-1.6891559872021333,-2.285836736738296,-900.3201411787371,74.83114700261667,-10.218476627807965,19.241409291105246,1.6032202197398453,904.0,0.9737335834896811,0.020637898686679174,0.01876172607879925,0.016885553470919325,0.016885553470919325,0.0150093808630394,0.35124109418041505,align_x_vol:with_trend|vol_normal
10,4.0,900,1012,0.1976284584980237,-0.9224176431930221,-1.6137311907510683,-933.4866549113384,26.06552464396061,-7.817393579718322,2.7057736970677486,1.4230912378083846,900.0,0.42292490118577075,0.11956521739130435,0.08300395256916997,0.06027667984189723,0.038537549407114624,0.01383399209486166,0.39996828728271394,align_x_vol:with_trend|vol_normal
10,4.0,3600,999,0.1991991991991992,-0.876059653580491,-2.108449978966299,-875.1835939269105,38.89793486101498,-8.149114013564324,4.775072356832192,1.4255505380506441,1373.0,0.6456456456456456,0.15315315315315314,0.11811811811811812,0.0920920920920921,0.057057057057057055,0.02002002002002002,0.511671091029029,align_x_vol:with_trend|vol_normal
10,4.0,14400,978,0.15439672801635992,-0.7542302017465553,-2.150544535537665,-737.6371373081311,80.0671629251131,-8.149114013564324,8.650970065749336,1.4277966355543217,1306.5,0.8087934560327198,0.130879345603272,0.11349693251533742,0.09202453987730061,0.06850715746421268,0.03987730061349693,0.6323478494804822,align_x_vol:with_trend|vol_normal
10,4.0,86400,922,0.03036876355748373,-1.4276592719804566,-2.227054379721865,-1316.301848765981,75.07696591917599,-8.149114013564324,24.053411928370448,1.4295492820359326,1107.5,0.9674620390455532,0.026030368763557483,0.024945770065075923,0.024945770065075923,0.0227765726681128,0.01843817787418655,0.41054381089432923,align_x_vol:with_trend|vol_normal
10,6.0,900,289,0.22491349480968859,-1.0212609295760746,-1.5103157237633282,-295.14440864748553,18.61940392244062,-10.57662369302593,2.6585222933049493,1.553701946890188,900.0,0.370242214532872,0.1314878892733564,0.07958477508650519,0.05536332179930796,0.031141868512110725,0.010380622837370242,0.34942802528756806,align_x_vol:with_trend|vol_normal
10,6.0,3600,287,0.22996515679442509,-0.9388915503080916,-2.1094221660538848,-269.4618749384223,32.00464528152296,-10.57662369302593,4.141674746011843,1.5604010761510203,1918.0,0.6167247386759582,0.17073170731707318,0.1289198606271777,0.0975609756097561,0.05574912891986063,0.017421602787456445,0.48941404749425904,align_x_vol:with_trend|vol_normal
10,6.0,14400,281,0.199288256227758,-0.46787679850267,-2.161174698607782,-131.47338037925027,37.82856288484988,-10.57662369302593,7.576854511234119,1.5703311203629813,1849.0,0.7651245551601423,0.16370106761565836,0.1494661921708185,0.11743772241992882,0.099644128113879,0.05693950177935943,0.7729319780080591,align_x_vol:with_trend|vol_normal
10,6.0,86400,261,0.034482758620689655,-1.6995818760386083,-2.3200871548006505,-443.5908696460768,74.34987191450254,-10.57662369302593,15.318842201971057,1.5483027388441923,1344.0,0.9578544061302682,0.02681992337164751,0.02681992337164751,0.02681992337164751,0.022988505747126436,0.019157088122605363,0.3285745674248634,align_x_vol:with_trend|vol_normal
3,4.0,900,5642,0.13080467919177596,-1.3066733035347136,-1.5508786391108829,-7372.250778542853,10.989757077758728,-15.88579686628347,1.3138582731920225,1.2798246518459313,900.0,0.41687344913151364,0.05902162353775257,0.03013115916341723,0.017192484934420417,0.005848989719957462,0.0005317263381779511,0.12431704067736338,selection:control
3,4.0,3600,5596,0.15832737669764116,-1.347178570004272,-2.108793162651035,-7538.811277743906,17.408033217815138,-15.88579686628347,2.542647978386414,1.2807628731677136,1406.5,0.6526090064331665,0.1009649749821301,0.06683345246604717,0.044496068620443176,0.02055039313795568,0.0026804860614724805,0.21867603164624239,selection:control
3,4.0,14400,5536,0.12554190751445088,-1.3434879974800382,-2.131905638978579,-7437.549554049492,34.88111885533063,-15.88579686628347,5.2102498412797065,1.2819919166483023,1362.5,0.828757225433526,0.10061416184971098,0.08453757225433527,0.06719653179190752,0.04660404624277457,0.018966763005780346,0.323911785163839,selection:control
3,4.0,86400,5334,0.03843269591301087,-1.6950043583053591,-2.1614658923464414,-9041.153247200786,58.577873317452806,-15.88579686628347,13.021650339771243,1.2859452759146324,1205.5,0.9591301087364079,0.03393325834270716,0.0307461567304087,0.02962129733783277,0.027371578552680915,0.021934758155230598,0.25007735005454207,selection:control
3,6.0,900,2025,0.1091358024691358,-1.4732206262237912,-1.551004510045143,-2983.2717681031772,9.648923537742336,-15.88579686628347,1.2481791101838733,1.422827673874592,900.0,0.3985185185185185,0.04987654320987654,0.02419753086419753,0.014814814814814815,0.0019753086419753087,0.0,0.09157478018046421,selection:control
3,6.0,3600,2008,0.14741035856573706,-1.5279973174030312,-2.111188758462988,-3068.218613345287,11.275609206803999,-15.88579686628347,2.345871283373462,1.4246492498440142,1616.5,0.6205179282868526,0.08665338645418327,0.054282868525896415,0.03237051792828685,0.015438247011952191,0.00099601593625498,0.163468329298598,selection:control
3,6.0,14400,1977,0.12847749114820434,-1.4994559393570859,-2.161715940331746,-2964.4243921089587,23.783893471961978,-15.88579686628347,4.7450971116766425,1.427926715132712,1533.0,0.8052604957005564,0.09863429438543247,0.08649468892261002,0.06777946383409206,0.04400606980273141,0.014162873039959535,0.28152952460086805,selection:control
3,6.0,86400,1889,0.03970354685018528,-1.8773282000252252,-2.211138280302413,-3546.2729698476505,58.577873317452806,-15.88579686628347,12.115984278897459,1.4364599953433435,1323.0,0.9571201694017999,0.03493912122816305,0.0328215987294865,0.03229221810481736,0.028586553732133403,0.02223398623610376,0.21866682457582695,selection:control
5,4.0,900,3791,0.13136375626483776,-1.332346157051254,-1.5223316546716288,-5050.924281381304,10.665607634231359,-15.920912412998952,1.35544918074669,1.3340469536282455,900.0,0.4033236613030863,0.05908731205486679,0.030862569242943814,0.017937219730941704,0.0055394355051437616,0.0005275652862041678,0.12204298144952405,selection:control
5,4.0,3600,3763,0.16024448578262024,-1.3658078090547916,-2.1100070119203296,-5139.534785473181,17.408033217815138,-15.920912412998952,2.531555450082816,1.3354595433402479,1522.0,0.6372575073079989,0.1023119851182567,0.06510762689343609,0.04384799362211002,0.020993887855434493,0.0031889449906989105,0.21767724522570234,selection:control
5,4.0,14400,3713,0.132238082413143,-1.3544793765850367,-2.146783945757947,-5029.181925260241,30.06607388324944,-15.920912412998952,5.1193231611033525,1.33706875978666,1453.0,0.8184756261782925,0.10638297872340426,0.08645300296256396,0.06813897118233235,0.04740102343118772,0.01966065176407218,0.32809501408679403,selection:control
5,4.0,86400,3560,0.038202247191011236,-1.7173040246930922,-2.183039673496041,-6113.602327907408,60.00096427601584,-15.920912412998952,12.755196997073691,1.341518180243482,1293.0,0.9589887640449438,0.03342696629213483,0.03146067415730337,0.030056179775280897,0.027247191011235954,0.020224719101123594,0.25678661851946133,selection:control
5,6.0,900,1227,0.12224938875305623,-1.5051609815485965,-1.604424778761019,-1846.8325243601278,8.92093027812651,-15.920912412998952,1.3813166661565701,1.523910838607573,900.0,0.39853300733496333,0.05786471067644662,0.027709861450692746,0.016299918500407497,0.004074979625101874,0.0,0.1013307528376116,selection:control
5,6.0,3600,1220,0.15,-1.5547284233476675,-2.119190950920208,-1896.7686764841544,17.408033217815138,-15.920912412998952,2.429472301329423,1.525446884543515,1644.0,0.6114754098360655,0.09508196721311475,0.060655737704918035,0.038524590163934426,0.018852459016393444,0.002459016393442623,0.18123038202828873,selection:control
5,6.0,14400,1201,0.13072439633638636,-1.5512207250640973,-2.1941465699388956,-1863.016090801981,30.06607388324944,-15.920912412998952,4.759799860414319,1.5307096486539427,1541.0,0.8001665278934221,0.09825145711906745,0.08326394671107411,0.06910907577019151,0.04329725228975854,0.013322231473771857,0.2839043776529071,selection:control
5,6.0,86400,1146,0.04275741710296684,-1.8906279127878625,-2.2655770702717417,-2166.6595880548903,60.928822890003175,-15.920912412998952,11.79946485157156,1.537279704554232,1329.5,0.9546247818499127,0.03664921465968586,0.034031413612565446,0.03228621291448516,0.027923211169284468,0.02181500872600349,0.24299305018570208,selection:control
10,4.0,900,2157,0.15577190542420027,-1.2454244748591108,-1.4026722576436221,-2686.380592271102,10.438738597884884,-15.920912412998952,1.555290792495548,1.3629180346158623,900.0,0.3732035234121465,0.07324988409828466,0.03801576263328697,0.019471488178025034,0.005099675475197033,0.0004636068613815484,0.15074417914193436,selection:control
10,4.0,3600,2142,0.18347338935574228,-1.298961048021886,-2.107698222359167,-2782.37456486288,17.408033217815138,-15.920912412998952,2.6619713847113013,1.3636392832230557,1755.0,0.6083099906629318,0.11671335200746966,0.07609710550887021,0.04715219421101774,0.02054154995331466,0.0018674136321195146,0.24490326199678905,selection:control
10,4.0,14400,2110,0.14123222748815165,-1.2933071195910175,-2.1497999165670754,-2728.878022337047,30.06607388324944,-15.920912412998952,5.263184396857595,1.3650242399592953,1667.5,0.7990521327014218,0.11421800947867299,0.0981042654028436,0.07867298578199051,0.05071090047393365,0.01943127962085308,0.3581175303552685,selection:control
10,4.0,86400,2020,0.04356435643564356,-1.7609861688600688,-2.1960641762478676,-3557.192061097339,60.928822890003175,-15.920912412998952,12.755178786341933,1.3670741008768943,1508.0,0.9519801980198019,0.03861386138613861,0.036138613861386136,0.03564356435643564,0.031188118811881188,0.024257425742574258,0.24581727839296547,selection:control
10,6.0,900,610,0.16885245901639345,-1.2830260994894056,-1.3305065430696572,-782.6459206885374,8.375479708532055,-15.920912412998952,1.731945312884659,1.5274845469120588,900.0,0.33114754098360655,0.08524590163934426,0.03934426229508197,0.02459016393442623,0.003278688524590164,0.0,0.1604692665102583,selection:control
10,6.0,3600,608,0.18914473684210525,-1.390443050415127,-2.1076871434496542,-845.3893746523972,16.866138043305074,-15.920912412998952,2.7246093027474028,1.5292386035112027,1965.5,0.6052631578947368,0.11677631578947369,0.0805921052631579,0.05098684210526316,0.02138157894736842,0.006578947368421052,0.24889812841862935,selection:control
10,6.0,14400,596,0.15100671140939598,-1.3858953465447676,-2.161633006651466,-825.9936265406815,23.540361366297912,-15.920912412998952,4.989377666635326,1.5364781590329848,1889.5,0.7802013422818792,0.11409395973154363,0.10570469798657718,0.08221476510067115,0.05536912751677853,0.018456375838926176,0.3513497494827195,selection:control
10,6.0,86400,567,0.04409171075837742,-1.8567272035870532,-2.233327135415886,-1052.7643244338592,55.23437504168995,-15.920912412998952,10.593149382902604,1.5382593637912676,1624.0,0.9453262786596119,0.037037037037037035,0.037037037037037035,0.037037037037037035,0.03527336860670194,0.02821869488536155,0.25558816287800273,selection:control
3,4.0,900,4024,0.15283300198807157,-1.574672315919708,-2.176095359746256,-6336.481399260905,73.90102200391978,-28.444869940877236,3.56504944708832,1.6877578967602234,323.0,0.6414015904572564,0.10313121272365805,0.06908548707753479,0.0529324055666004,0.030318091451292245,0.009691848906560637,0.24741523966095866,selection:extreme
3,4.0,3600,4011,0.15332834704562454,-1.528389430063123,-2.2636428229783627,-6130.370003983186,59.59819161919336,-28.444869940877236,7.125281909328201,1.6889649717574229,320.0,0.8007978060334081,0.12091747693841935,0.09099975068561456,0.0705559710795313,0.04537521815008726,0.020443779606083273,0.3390753132727615,selection:extreme
3,4.0,14400,3995,0.09236545682102629,-1.270789355255832,-2.3067712853810383,-5076.803474247049,99.20789521304401,-28.444869940877236,14.277822736347918,1.690215537035817,318.0,0.8988735919899875,0.0853566958698373,0.07409261576971214,0.06683354192740926,0.05707133917396746,0.03704630788485607,0.4943963751106417,selection:extreme
3,4.0,86400,3948,0.04635258358662614,0.22937099375052292,-2.3367666419130306,905.5566833270644,184.0942047526187,-28.444869940877236,45.799689615022686,1.6908946297079739,306.5,0.9536474164133738,0.04635258358662614,0.04635258358662614,0.04635258358662614,0.04609929078014184,0.044579533941236066,1.0864634802036608,selection:extreme
3,6.0,900,1188,0.14646464646464646,-1.8619090022048415,-2.2483288433905972,-2211.9478946193517,26.111217573980916,-18.028505433090487,3.80505801876308,1.9958852272579337,383.0,0.617003367003367,0.09259259259259259,0.06481481481481481,0.047979797979797977,0.025252525252525252,0.011784511784511785,0.20614023811556367,selection:extreme
3,6.0,3600,1184,0.14864864864864866,-1.775620466968268,-2.3495707568130437,-2102.3346328904295,37.58213438642764,-18.028505433090487,7.25174972847952,1.9962100762418948,372.5,0.7837837837837838,0.11233108108108109,0.08277027027027027,0.07094594594594594,0.044763513513513514,0.02533783783783784,0.3074892263511423,selection:extreme
3,6.0,14400,1179,0.09754028837998303,-1.4972863072923555,-2.40800156205303,-1765.300556297687,81.84802673614078,-18.028505433090487,13.268969729471134,1.9972831350294638,369.0,0.8854961832061069,0.0899067005937235,0.07803223070398643,0.06955046649703138,0.061068702290076333,0.041560644614079725,0.45783884695456684,selection:extreme
3,6.0,86400,1169,0.05902480752780154,0.22865805673946915,-2.4612786382093845,267.30126832843945,130.9371632414119,-18.028505433090487,44.415171866894866,1.9951876432683011,357.0,0.9409751924721984,0.05902480752780154,0.05902480752780154,0.05902480752780154,0.05902480752780154,0.05645851154833191,1.078315172353509,selection:extreme
5,4.0,900,2756,0.16872278664731494,-1.5055993671095127,-2.202635154254155,-4149.431855753817,38.341064505830985,-21.994500181806266,3.7908601943309863,1.7293570590619143,351.0,0.6338896952104499,0.1204644412191582,0.08563134978229318,0.06313497822931785,0.03737300435413643,0.011973875181422351,0.28341158339882644,selection:extreme
5,4.0,3600,2745,0.1533697632058288,-1.4587791754978032,-2.2941965794851185,-4004.3488367414698,59.59819161919336,-21.994500181806266,7.21978212496903,1.7308904136237346,346.0,0.7974499089253188,0.12131147540983607,0.09289617486338798,0.07650273224043716,0.05027322404371585,0.024408014571948997,0.3767524951339376,selection:extreme
5,4.0,14400,2733,0.09549945115257959,-1.2334443079251396,-2.3363907012142175,-3371.0032935594063,84.89977494252655,-21.994500181806266,14.425755876154362,1.7334186996569243,344.0,0.8931577021587999,0.08744968898646176,0.07903402854006586,0.07098426637394804,0.059275521405049394,0.04171240395170143,0.5131686358135322,selection:extreme
5,4.0,86400,2702,0.04811250925240563,0.03476690246126144,-2.3704199421957273,93.94017045032841,129.75542155482756,-21.994500181806266,43.20965825506127,1.7331261165953604,329.5,0.9518874907475944,0.04811250925240563,0.04811250925240563,0.04811250925240563,0.04700222057735011,0.04552183567727609,1.0129753651621363,selection:extreme
5,6.0,900,743,0.1857335127860027,-1.7844595421361846,-2.2241860253725267,-1325.8534398071852,32.754478225590965,-21.994500181806266,4.137858419933889,2.022477528330123,369.0,0.6150740242261103,0.11978465679676985,0.07537012113055182,0.06191117092866756,0.034993270524899055,0.010767160161507403,0.23909695815788146,selection:extreme
5,6.0,3600,739,0.17320703653585928,-1.5409291396561304,-2.359524196352757,-1138.7466342058804,59.59819161919336,-21.994500181806266,7.609859923055162,2.0230659041246355,369.0,0.7686062246278755,0.13802435723951287,0.09878213802435724,0.08525033829499323,0.05548037889039242,0.029769959404600813,0.39640792075949777,selection:extreme
5,6.0,14400,738,0.12737127371273713,-1.2900355426614882,-2.424129064468142,-952.0462304841783,40.25392438789986,-21.994500181806266,13.047665545194317,2.0244858683581364,364.5,0.8604336043360433,0.11517615176151762,0.1016260162601626,0.0948509485094851,0.07859078590785908,0.05013550135501355,0.5282924223374502,selection:extreme
5,6.0,86400,729,0.07681755829903979,1.0605666022211486,-2.4646871308305895,773.1530530192174,125.50350338336176,-21.994500181806266,41.471058330775655,2.0265339644234808,355.0,0.9231824417009602,0.07681755829903979,0.07681755829903979,0.07681755829903979,0.07544581618655692,0.07133058984910837,1.3651818144917873,selection:extreme
10,4.0,900,1755,0.2188034188034188,-1.2508630001976517,-2.1102696423616245,-2195.264565346879,34.84257695655881,-14.085865927150154,3.8950678067035622,1.6467343128854128,509.0,0.5937321937321938,0.15156695156695157,0.10028490028490028,0.06837606837606838,0.037037037037037035,0.013675213675213675,0.35083913833487507,selection:extreme
10,4.0,3600,1746,0.18213058419243985,-1.185347884057801,-2.2122238024771645,-2069.6174055649203,59.59819161919336,-14.085865927150154,7.305386292469416,1.6491766440385562,504.0,0.7714776632302406,0.15406643757159222,0.11798396334478808,0.09507445589919816,0.06529209621993128,0.0286368843069874,0.46195488508744376,selection:extreme
10,4.0,14400,1735,0.11873198847262248,-0.9475047184828548,-2.2646896589815255,-1643.9206865677531,80.0671629251131,-14.085865927150154,13.784704381375676,1.652110731305696,496.0,0.8714697406340057,0.10951008645533142,0.09913544668587897,0.0904899135446686,0.069164265129683,0.04438040345821326,0.6066782980909285,selection:extreme
10,4.0,86400,1701,0.05761316872427984,0.5174443649998579,-2.2980757548070088,880.1728648647583,129.75542155482756,-14.085865927150154,41.530119134489205,1.6528551751563185,457.0,0.9417989417989417,0.05702527924750147,0.05702527924750147,0.0564373897707231,0.05584950029394474,0.05291005291005291,1.200315558328641,selection:extreme
10,6.0,900,420,0.25952380952380955,-1.2034892314030083,-1.8320514001958366,-505.4654771892635,19.12572947158591,-12.580970701942713,4.128390170300281,1.7847580708940687,728.5,0.5261904761904762,0.1619047619047619,0.11904761904761904,0.08571428571428572,0.04523809523809524,0.009523809523809525,0.37924895200535963,selection:extreme
10,6.0,3600,419,0.2100238663484487,-1.116761967976721,-2.18218944700172,-467.9232645822461,32.00464528152296,-13.968005591992037,7.324595839981129,1.7883105934633219,708.0,0.7231503579952268,0.18377088305489261,0.13126491646778043,0.10978520286396182,0.08353221957040573,0.03579952267303103,0.5058889514278777,selection:extreme
10,6.0,14400,417,0.1750599520383693,-0.5888759100253218,-2.239521628421147,-245.5612544805592,38.2159260868741,-13.968005591992037,12.890926114456711,1.791471087557693,700.0,0.8129496402877698,0.1630695443645084,0.1486810551558753,0.12949640287769784,0.09352517985611511,0.06474820143884892,0.7560693258136071,selection:extreme
10,6.0,86400,406,0.10344827586206896,1.391264596886422,-2.2995558453914042,564.8534263358873,126.87197648714515,-13.968005591992037,34.8715335652476,1.7883230370862786,670.0,0.8940886699507389,0.10344827586206896,0.10344827586206896,0.10098522167487685,0.0960591133004926,0.09113300492610837,1.5306444013899523,selection:extreme
3,4.0,900,2251,0.12705464238116393,-1.2795640730550275,-1.407266861269012,-2880.298728446867,9.61878478808851,-10.216210827071293,1.1675927261819763,1.2523999048027243,900.0,0.37983118613949357,0.04797867614393603,0.01776988005330964,0.00888494002665482,0.003553976010661928,0.0,0.09867491777629209,selection_x_align:control|counter_trend
3,4.0,3600,2230,0.17130044843049327,-1.3133128577990116,-2.108391890434703,-2928.687672891796,11.526765497658348,-10.216210827071293,2.3713253690578946,1.2530354371217725,1716.5,0.6246636771300449,0.10044843049327354,0.06457399103139014,0.03632286995515695,0.013004484304932735,0.002242152466367713,0.20886507500754722,selection_x_align:control|counter_trend
3,4.0,14400,2195,0.12710706150341686,-1.3741598521636609,-2.136058199198666,-3016.2808754992357,34.88111885533063,-10.216210827071293,5.068551312550389,1.254904557677008,1613.0,0.8300683371298405,0.09476082004555808,0.07699316628701594,0.06059225512528474,0.04009111617312073,0.01958997722095672,0.3056177066422117,selection_x_align:control|counter_trend
3,4.0,86400,2112,0.03598484848484849,-1.5994005199408083,-2.1637576360428605,-3377.933898114987,56.51450856445417,-10.216210827071293,12.540931748921924,1.2588962623497655,1428.5,0.9630681818181818,0.035037878787878785,0.03314393939393939,0.03125,0.027462121212121212,0.020359848484848484,0.2913876933897495,selection_x_align:control|counter_trend
3,6.0,900,778,0.11953727506426735,-1.3601550653081316,-1.3444798165150127,-1058.2006408097263,6.915596496138638,-8.863446787224598,1.0701757109806984,1.3460222323705346,900.0,0.3496143958868895,0.03984575835475578,0.012853470437017995,0.007712082262210797,0.0012853470437017994,0.0,0.07541879039207314,selection_x_align:control|counter_trend
3,6.0,3600,772,0.16062176165803108,-1.4142869950507009,-2.1083741662879625,-1091.829560179141,11.275609206803999,-8.863446787224598,2.117640763766266,1.3476673973852211,2225.0,0.5764248704663213,0.08031088082901554,0.050518134715025906,0.029792746113989636,0.011658031088082901,0.0012953367875647669,0.16397868875043878,selection_x_align:control|counter_trend
3,6.0,14400,752,0.12367021276595745,-1.5759552856555445,-2.155306859155645,-1185.1183748129695,19.20513425300223,-8.863446787224598,4.55312852000661,1.3535236465755032,2059.0,0.8125,0.08776595744680851,0.07313829787234043,0.057180851063829786,0.034574468085106384,0.007978723404255319,0.23004492132886578,selection_x_align:control|counter_trend
3,6.0,86400,714,0.036414565826330535,-1.772680948236099,-2.192771177783462,-1265.6941970405746,56.28427038282871,-8.863446787224598,11.544420288868817,1.363056202851878,1707.5,0.9635854341736695,0.0350140056022409,0.03221288515406162,0.03081232492997199,0.025210084033613446,0.01680672268907563,0.24450851483008745,selection_x_align:control|counter_trend
5,4.0,900,1504,0.1389627659574468,-1.3269756782772633,-1.4042125589608223,-1995.771420129004,8.208296235208039,-15.920912412998952,1.212987048458728,1.3282045524142991,900.0,0.37300531914893614,0.0425531914893617,0.018617021276595744,0.008643617021276596,0.003324468085106383,0.0,0.09220912641376701,selection_x_align:control|counter_trend
5,4.0,3600,1493,0.17615539182853315,-1.3066502644422804,-2.1087889078529103,-1950.8288448123246,11.701357063652486,-15.920912412998952,2.3744133184003573,1.3297872593109261,1790.0,0.608171466845278,0.10448760884125921,0.06563965170797052,0.03951774949765573,0.01808439383791025,0.004018754186202277,0.22484540564518424,selection_x_align:control|counter_trend
5,4.0,14400,1466,0.13028649386084584,-1.4323379149817452,-2.1472452414493244,-2099.8073833632384,27.693534964441056,-15.920912412998952,5.0060264613447245,1.33225524805437,1671.5,0.8165075034106412,0.09686221009549795,0.07571623465211459,0.05798090040927694,0.03956343792633015,0.018417462482946793,0.2919117168839832,selection_x_align:control|counter_trend
5,4.0,86400,1399,0.034310221586847746,-1.6798447042546745,-2.1835615162815625,-2350.1027412522894,60.00096427601584,-15.920912412998952,12.308146315480503,1.3359199613492336,1469.0,0.9656897784131523,0.03359542530378842,0.032165832737669764,0.031451036454610434,0.02644746247319514,0.017869907076483203,0.27906689878972724,selection_x_align:control|counter_trend
5,6.0,900,444,0.12612612612612611,-1.4384029659965167,-1.3533144030891193,-638.6509169024534,5.078810972686454,-15.920912412998952,1.1639160111408546,1.497975160648269,900.0,0.3400900900900901,0.04279279279279279,0.013513513513513514,0.006756756756756757,0.0022522522522522522,0.0,0.07702160324243212,selection_x_align:control|counter_trend
5,6.0,3600,441,0.17006802721088435,-1.45733701468887,-2.1076894656629794,-642.6856234777916,11.275609206803999,-15.920912412998952,2.2706571078147286,1.5001817553488266,2634.0,0.5555555555555556,0.09070294784580499,0.05668934240362812,0.04308390022675737,0.015873015873015872,0.0022675736961451248,0.18729031887301456,selection_x_align:control|counter_trend
5,6.0,14400,429,0.12354312354312354,-1.6694038629134271,-2.1843184014353816,-716.1742571898602,19.995602279534126,-15.920912412998952,4.554402186194184,1.5068054063555645,2314.0,0.7948717948717948,0.08857808857808858,0.07692307692307693,0.06060606060606061,0.037296037296037296,0.009324009324009324,0.23204910620249222,selection_x_align:control|counter_trend
5,6.0,86400,405,0.044444444444444446,-1.7263153467401826,-2.2266952849076844,-699.1577154297739,60.928822890003175,-15.920912412998952,11.459048587559858,1.5156161983640284,1979.0,0.9555555555555556,0.044444444444444446,0.03950617283950617,0.037037037037037035,0.027160493827160494,0.01728395061728395,0.30872728032810265,selection_x_align:control|counter_trend
10,4.0,900,867,0.1637831603229527,-1.2012488643174473,-1.2986322483204018,-1041.4827653632267,6.915596496138638,-15.920912412998952,1.3717017099449225,1.3490397691252878,900.0,0.33794694348327564,0.06459054209919261,0.031141868512110725,0.012687427912341407,0.0011534025374855825,0.0,0.13515333342996516,selection_x_align:control|counter_trend
10,4.0,3600,861,0.1986062717770035,-1.2474880459640871,-2.106506476297698,-1074.087207575079,16.866138043305074,-15.920912412998952,2.45219660458691,1.3503367165604832,2268.0,0.5714285714285714,0.1254355400696864,0.07781649245063879,0.0429732868757259,0.013937282229965157,0.0023228803716608595,0.24924361313319077,selection_x_align:control|counter_trend
10,4.0,14400,846,0.13947990543735225,-1.370714890533928,-2.1512151369754395,-1159.624797391703,28.870330079526454,-15.920912412998952,5.093240204867834,1.3542089122383232,2191.0,0.7919621749408984,0.10874704491725769,0.09219858156028368,0.07092198581560284,0.0425531914893617,0.01773049645390071,0.32300111495848666,selection_x_align:control|counter_trend
10,4.0,86400,801,0.03745318352059925,-1.842195422289726,-2.1970281211236116,-1475.5985332540706,60.928822890003175,-15.920912412998952,12.097507266740607,1.3551591686729152,1820.0,0.9600499375780275,0.03745318352059925,0.033707865168539325,0.03245942571785269,0.026217228464419477,0.018726591760299626,0.22112017176490414,selection_x_align:control|counter_trend
10,6.0,900,202,0.18316831683168316,-1.2108880618666649,-1.1686593248196357,-244.5993884970663,4.324926369205695,-15.920912412998952,1.4903008601705972,1.5658784528954017,900.0,0.29207920792079206,0.06435643564356436,0.034653465346534656,0.024752475247524754,0.0,0.0,0.14576119213381486,selection_x_align:control|counter_trend
10,6.0,3600,202,0.22277227722772278,-1.2260570180325874,-2.1005913396521514,-247.66351764258266,16.866138043305074,-15.920912412998952,2.503855373655705,1.5658784528954017,2783.0,0.5247524752475248,0.12376237623762376,0.0891089108910891,0.04950495049504951,0.024752475247524754,0.01485148514851485,0.30175509469440764,selection_x_align:control|counter_trend
10,6.0,14400,195,0.15897435897435896,-1.6057207497982078,-2.1454783807881017,-313.1155462106505,13.685812245483831,-15.920912412998952,4.551187587910474,1.582602294794211,2634.0,0.7487179487179487,0.10256410256410256,0.09743589743589744,0.06666666666666667,0.041025641025641026,0.010256410256410256,0.24914308783239209,selection_x_align:control|counter_trend
10,6.0,86400,180,0.03888888888888889,-1.84957404810608,-2.200274253441341,-332.9233286590944,55.23437504168995,-15.920912412998952,10.50205173136499,1.5880012471251481,2033.0,0.95,0.03888888888888889,0.03888888888888889,0.03888888888888889,0.03888888888888889,0.03333333333333333,0.2849455019039431,selection_x_align:control|counter_trend
3,4.0,900,552,0.15217391304347827,-1.2390778073518096,-1.491477309032972,-683.970949658199,4.28279573404089,-5.597025823336596,1.24903687682509,1.2497488670445414,900.0,0.42391304347826086,0.06702898550724638,0.03985507246376811,0.021739130434782608,0.0,0.0,0.13661595483264255,selection_x_align:control|unknown
3,4.0,3600,552,0.20108695652173914,-1.111783777509919,-2.1072919876342646,-613.7046451854753,8.300509022737694,-5.597025823336596,2.4878368172419942,1.2497488670445414,1691.5,0.625,0.125,0.08876811594202899,0.07246376811594203,0.036231884057971016,0.0,0.3057942693949985,selection_x_align:control|unknown
3,4.0,14400,552,0.17391304347826086,-0.9919972055484957,-2.1193449110772704,-547.5824574627696,12.741427380924614,-5.597025823336596,4.658612853720327,1.2497488670445414,1691.5,0.7663043478260869,0.13949275362318841,0.12681159420289856,0.11775362318840579,0.08695652173913043,0.010869565217391304,0.4544994357245114,selection_x_align:control|unknown
3,4.0,86400,552,0.11413043478260869,-1.0185210929332766,-2.154094401577449,-562.2236432991687,53.20595353448142,-5.597025823336596,12.912719187993524,1.2497488670445414,1691.5,0.8695652173913043,0.08514492753623189,0.06884057971014493,0.06702898550724638,0.06340579710144928,0.06159420289855073,0.4980723547499579,selection_x_align:control|unknown
3,6.0,900,190,0.11578947368421053,-1.3515881771266924,-1.373770653631793,-256.80175365407155,4.096698582256034,-5.625066896359759,1.167922628739692,1.4057955045832464,900.0,0.3684210526315789,0.06842105263157895,0.042105263157894736,0.015789473684210527,0.0,0.0,0.1142097537583502,selection_x_align:control|unknown
3,6.0,3600,190,0.21052631578947367,-1.2115286466584174,-2.1072919876342646,-230.19044286509933,8.03677696165925,-5.625066896359759,2.2809107892669593,1.4057955045832464,2676.0,0.5578947368421052,0.10526315789473684,0.07894736842105263,0.05263157894736842,0.03684210526315789,0.0,0.264921003060632,selection_x_align:control|unknown
3,6.0,14400,190,0.21052631578947367,-0.880082502175966,-2.145283801539622,-167.21567541343353,10.819981302829364,-5.625066896359759,4.478389158164762,1.4057955045832464,2676.0,0.7105263157894737,0.16842105263157894,0.1631578947368421,0.15263157894736842,0.1,0.005263157894736842,0.5250375946771314,selection_x_align:control|unknown
3,6.0,86400,190,0.14210526315789473,-0.7498824171288129,-2.219529604297495,-142.47765925447445,52.913944081018755,-5.625066896359759,12.033263085422917,1.4057955045832464,2676.0,0.8315789473684211,0.11052631578947368,0.10526315789473684,0.10526315789473684,0.09473684210526316,0.08947368421052632,0.6429695602509754,selection_x_align:control|unknown
5,4.0,900,376,0.14361702127659576,-1.2238023175902628,-1.3862730645176211,-460.14967141393885,4.28279573404089,-5.597025823336596,1.306488488363517,1.3070027548218346,900.0,0.3803191489361702,0.07180851063829788,0.04521276595744681,0.023936170212765957,0.0,0.0,0.14491952391314142,selection_x_align:control|unknown
5,4.0,3600,376,0.2074468085106383,-1.1173399374968993,-2.1079107942792232,-420.11981649883415,8.03677696165925,-5.597025823336596,2.556643151810003,1.3070027548218346,2310.5,0.5957446808510638,0.12234042553191489,0.08776595744680851,0.06914893617021277,0.0425531914893617,0.0,0.30829402119887545,selection_x_align:control|unknown
5,4.0,14400,376,0.18617021276595744,-1.0011791238386178,-2.1415240119364896,-376.4433505633203,12.741427380924614,-5.597025823336596,4.585928183743842,1.3070027548218346,2310.5,0.7579787234042553,0.14361702127659576,0.1356382978723404,0.12234042553191489,0.09042553191489362,0.007978723404255319,0.46121874083020736,selection_x_align:control|unknown
5,4.0,86400,376,0.10904255319148937,-1.0067560840293508,-2.1786864111797577,-378.54028759503586,52.913944081018755,-5.597025823336596,12.572775768443288,1.3070027548218346,2310.5,0.8696808510638298,0.0797872340425532,0.07180851063829788,0.06648936170212766,0.061170212765957445,0.05851063829787234,0.5173859662708978,selection_x_align:control|unknown
5,6.0,900,108,0.1111111111111111,-1.439727974568385,-1.404048585611017,-155.4906212533856,2.6010880771909073,-5.597025823336596,1.1587465907087446,1.5023525193340073,900.0,0.35185185185185186,0.07407407407407407,0.037037037037037035,0.0,0.0,0.0,0.08795184432739246,selection_x_align:control|unknown
5,6.0,3600,108,0.19444444444444445,-1.3465298984725593,-2.1128464265560405,-145.4252290350364,5.93315858315752,-5.597025823336596,2.1290654823362267,1.5023525193340073,3440.5,0.5277777777777778,0.12037037037037036,0.08333333333333333,0.046296296296296294,0.027777777777777776,0.0,0.2320967742347168,selection_x_align:control|unknown
5,6.0,14400,108,0.2222222222222222,-1.10235183512598,-2.2013028266155796,-119.05399819360585,9.866453021119474,-5.597025823336596,4.210593357810622,1.5023525193340073,3440.5,0.7222222222222222,0.16666666666666666,0.1574074074074074,0.14814814814814814,0.06481481481481481,0.0,0.4269749905772505,selection_x_align:control|unknown
5,6.0,86400,108,0.12962962962962962,-1.2829314327919163,-2.3320235619446095,-138.55659474152696,12.435454901398298,-5.597025823336596,11.423836790794427,1.5023525193340073,3440.5,0.8518518518518519,0.09259259259259259,0.09259259259259259,0.09259259259259259,0.08333333333333333,0.07407407407407407,0.42616791006693777,selection_x_align:control|unknown
10,4.0,900,204,0.18137254901960784,-1.103422549219,-1.213793210088077,-225.09820004067598,3.769886024355641,-5.597025823336596,1.5035916945642092,1.3307343415796418,900.0,0.3235294117647059,0.09803921568627451,0.04411764705882353,0.014705882352941176,0.0,0.0,0.17370999024382022,selection_x_align:control|unknown
10,4.0,3600,204,0.2696078431372549,-0.8733072741973784,-2.0981805909469013,-178.1546839362652,8.03677696165925,-5.597025823336596,2.6330296757036966,1.3307343415796418,3197.0,0.5196078431372549,0.14705882352941177,0.11274509803921569,0.08333333333333333,0.058823529411764705,0.0,0.4153766622448936,selection_x_align:control|unknown
10,4.0,14400,204,0.21568627450980393,-0.7101724709938484,-2.1164910374492383,-144.87518408274508,12.741427380924614,-5.597025823336596,4.8295974557443175,1.3307343415796418,3197.0,0.7107843137254902,0.17647058823529413,0.1715686274509804,0.1568627450980392,0.10294117647058823,0.00980392156862745,0.6022510789333823,selection_x_align:control|unknown
10,4.0,86400,204,0.11274509803921569,-1.0728592479784576,-2.1696156771740984,-218.86328658760536,52.913944081018755,-5.597025823336596,12.962016239731096,1.3307343415796418,3197.0,0.8627450980392157,0.08333333333333333,0.0784313725490196,0.0784313725490196,0.06862745098039216,0.06372549019607843,0.4913872989677038,selection_x_align:control|unknown
10,6.0,900,51,0.1568627450980392,-1.2423493565901949,-1.0923212777393563,-63.35981718609994,3.769886024355641,-5.597025823336596,1.314666152873474,1.4343953726937024,900.0,0.2549019607843137,0.0784313725490196,0.0196078431372549,0.0196078431372549,0.0,0.0,0.1420704305033684,selection_x_align:control|unknown
10,6.0,3600,51,0.17647058823529413,-1.2681837710525627,-1.919687992873152,-64.6773723236807,5.321799762794665,-5.597025823336596,2.196768199246921,1.4343953726937024,2577.0,0.5490196078431373,0.11764705882352941,0.09803921568627451,0.058823529411764705,0.0196078431372549,0.0,0.24165067996967854,selection_x_align:control|unknown
10,6.0,14400,51,0.21568627450980393,-1.034730259030607,-2.1058716351238935,-52.771243210560954,6.373841733129858,-5.597025823336596,4.325256164774748,1.4343953726937024,2577.0,0.6862745098039216,0.17647058823529413,0.1568627450980392,0.1568627450980392,0.058823529411764705,0.0,0.43702225190475597,selection_x_align:control|unknown
10,6.0,86400,51,0.11764705882352941,-1.2868680145633347,-2.1398759823182156,-65.63026874273007,13.073100305636348,-5.597025823336596,11.040930457552314,1.4343953726937024,2577.0,0.8431372549019608,0.0784313725490196,0.0784313725490196,0.0784313725490196,0.0784313725490196,0.058823529411764705,0.4056355642614187,selection_x_align:control|unknown
3,4.0,900,2839,0.12962310672772104,-1.3413107081499778,-1.7083685327151823,-3807.981100437787,10.989757077758728,-15.88579686628347,1.442433531069501,1.3074170924252289,900.0,0.4448749559704121,0.06622050017611836,0.03804156393096161,0.022895385699189856,0.008805917576611482,0.0010567101091933778,0.14061109153298523,selection_x_align:control|with_trend
3,4.0,3600,2814,0.1396588486140725,-1.4201915279554493,-2.109259824026446,-3996.4189596666347,17.408033217815138,-15.88579686628347,2.6891672320304516,1.3088197010861358,1173.0,0.6801705756929638,0.09665955934612651,0.06432125088841507,0.04548685145700071,0.023454157782515993,0.0035536602700781805,0.21063768847636405,selection_x_align:control|with_trend
3,4.0,14400,2789,0.11473646468268196,-1.3889158196799882,-2.1294703417167495,-3873.686221087487,30.06607388324944,-15.88579686628347,5.4309496934466575,1.3096917790804528,1157.0,0.840086052348512,0.09752599498027967,0.08210828253854428,0.06238795267120832,0.0437432771602725,0.020078881319469343,0.31478075384478854,selection_x_align:control|with_trend
3,4.0,86400,2670,0.024719101123595506,-1.9104852830661536,-2.1576134581777735,-5100.99570578663,58.577873317452806,-15.88579686628347,13.424424744136433,1.3148246520739169,1030.5,0.9745318352059925,0.02247191011235955,0.020973782771535582,0.020599250936329586,0.019850187265917602,0.0149812734082397,0.17312640425633363,selection_x_align:control|with_trend
3,6.0,900,1057,0.10028382213812677,-1.5783059353258082,-1.7804021328729558,-1668.2693736393792,9.648923537742336,-15.88579686628347,1.3936241206422129,1.4824215675884165,900.0,0.4399243140964995,0.05392620624408704,0.0293282876064333,0.019867549668874173,0.002838221381267739,0.0,0.09802420185313598,selection_x_align:control|with_trend
3,6.0,3600,1046,0.12619502868068833,-1.6694059371902932,-2.1223572410558917,-1746.1986103010468,10.295530412514562,-15.88579686628347,2.5261164602539505,1.4848903604537025,1197.5,0.6644359464627151,0.08795411089866156,0.052581261950286805,0.030592734225621414,0.014340344168260038,0.0009560229445506692,0.14763523938924444,selection_x_align:control|with_trend
3,6.0,14400,1035,0.11690821256038647,-1.557575209548363,-2.17100660639992,-1612.0903418825558,23.783893471961978,-15.88579686628347,4.93353662095502,1.486048490552441,1177.0,0.8173913043478261,0.09371980676328502,0.0821256038647343,0.05990338164251208,0.04057971014492753,0.020289855072463767,0.27862794337594865,selection_x_align:control|with_trend
3,6.0,86400,985,0.02233502538071066,-2.1706610289874124,-2.2416080785358568,-2138.1011135526014,58.577873317452806,-15.88579686628347,12.546252010512294,1.495583407610678,1039.0,0.9766497461928934,0.02030456852791878,0.019289340101522844,0.019289340101522844,0.018274111675126905,0.013197969543147208,0.13239006236382375,selection_x_align:control|with_trend
5,4.0,900,1911,0.12297226582940869,-1.35792945569773,-1.665341127605597,-2595.003189838362,10.665607634231359,-8.951085985293899,1.4772033760879604,1.3439661530929161,900.0,0.4317111459968603,0.0695970695970696,0.03767660910518053,0.024071166928309785,0.00837257980115123,0.0010465724751439038,0.13970594474547163,selection_x_align:control|with_trend
5,4.0,3600,1894,0.13833157338965152,-1.4617666970232428,-2.1140038348620376,-2768.586124162022,17.408033217815138,-8.951085985293899,2.6504468052847643,1.3455801729805337,1250.0,0.6684266103484688,0.0966209081309398,0.06019007391763464,0.042238648363252376,0.01900739176346357,0.0031678986272439284,0.19646773559744124,selection_x_align:control|with_trend
5,4.0,14400,1871,0.12292891501870658,-1.3644741802959284,-2.1466152307806605,-2552.931191333682,30.06607388324944,-8.951085985293899,5.315287604360074,1.3468824562411292,1206.0,0.8321753073222875,0.10636023516835917,0.08498129342597542,0.06520577231427044,0.04489577765900588,0.022982362373062535,0.3318343658963265,selection_x_align:control|with_trend
5,4.0,86400,1785,0.026330532212885154,-1.8963357417703548,-2.1833964683256277,-3384.959299060083,58.577873317452806,-8.951085985293899,13.144000518369992,1.3531762800707048,1086.0,0.9725490196078431,0.023529411764705882,0.022408963585434174,0.021288515406162466,0.02072829131652661,0.014005602240896359,0.19053875437782722,selection_x_align:control|with_trend
5,6.0,900,675,0.12148148148148148,-1.5595422017841318,-1.8260044021219861,-1052.690986204289,8.92093027812651,-8.951085985293899,1.559929197971893,1.5444200823045746,900.0,0.4444444444444444,0.06518518518518518,0.035555555555555556,0.025185185185185185,0.005925925925925926,0.0,0.11734686106632251,selection_x_align:control|with_trend
5,6.0,3600,671,0.12965722801788376,-1.6522471296144956,-2.139410800730188,-1108.6578239713265,17.408033217815138,-8.951085985293899,2.582201715325317,1.5457689611716585,1205.0,0.6616989567809239,0.09388971684053651,0.05961251862891207,0.03427719821162444,0.019374068554396422,0.0029806259314456036,0.17043657998113534,selection_x_align:control|with_trend
5,6.0,14400,664,0.12048192771084337,-1.547873246112221,-2.202721564607973,-1027.7878354185148,30.06607388324944,-8.951085985293899,4.981832849151723,1.550766109365625,1172.5,0.8162650602409639,0.09337349397590361,0.07530120481927711,0.061746987951807226,0.043674698795180725,0.018072289156626505,0.296656254039894,selection_x_align:control|with_trend
5,6.0,86400,633,0.026856240126382307,-2.0994396175096197,-2.284386025801341,-1328.9452778835894,53.815716684710964,-8.951085985293899,12.081354926593157,1.5570993822964383,1036.0,0.9715639810426541,0.022116903633491312,0.020537124802527645,0.018957345971563982,0.018957345971563982,0.01579778830963665,0.17419613167256037,selection_x_align:control|with_trend
10,4.0,900,1086,0.1445672191528545,-1.3073661389200733,-1.6139009915800004,-1419.7996268671995,10.438738597884884,-8.951085985293899,1.7115691999995861,1.3800431999563016,900.0,0.4106813996316759,0.07550644567219153,0.0423572744014733,0.02578268876611418,0.009208103130755065,0.0009208103130755065,0.1581668529352836,selection_x_align:control|with_trend
10,4.0,3600,1077,0.15506035283194058,-1.4207360012549082,-2.11285017843893,-1530.1326733515361,17.408033217815138,-8.951085985293899,2.835156337658982,1.3805066165487117,1372.0,0.6545961002785515,0.10399257195914577,0.06778087279480037,0.0436397400185701,0.018570102135561744,0.0018570102135561746,0.2150688789038192,selection_x_align:control|with_trend
10,4.0,14400,1060,0.12830188679245283,-1.3437528687383007,-2.152472957393617,-1424.3780408625987,30.06607388324944,-8.951085985293899,5.482264134980657,1.380255283847401,1330.0,0.8216981132075472,0.10660377358490566,0.08867924528301886,0.06981132075471698,0.04716981132075472,0.022641509433962263,0.3448843508870712,selection_x_align:control|with_trend
10,4.0,86400,1015,0.034482758620689655,-1.8352022081336579,-2.1970382536825515,-1862.7302412556628,53.815716684710964,-8.951085985293899,13.232617256006241,1.3837806738739649,1202.0,0.9635467980295567,0.030541871921182268,0.029556650246305417,0.029556650246305417,0.027586206896551724,0.020689655172413793,0.221198369870818,selection_x_align:control|with_trend
10,6.0,900,357,0.16246498599439776,-1.3296546638805917,-1.49836238429405,-474.68671500537124,8.375479708532055,-8.951085985293899,1.9282854154303481,1.5190587174344699,900.0,0.3641456582633053,0.09803921568627451,0.04481792717086835,0.025210084033613446,0.0056022408963585435,0.0,0.17020653377896228,selection_x_align:control|with_trend
10,6.0,3600,355,0.17183098591549295,-1.501545027284884,-2.1324818291268257,-533.0484846861339,13.61061012356485,-8.951085985293899,2.9260520913531707,1.5220153787114403,1543.0,0.6591549295774648,0.11267605633802817,0.07323943661971831,0.05070422535211268,0.01971830985915493,0.0028169014084507044,0.2224523100273357,selection_x_align:control|with_trend
10,6.0,14400,350,0.13714285714285715,-1.3145909631984856,-2.201232513052457,-460.10683711946996,23.540361366297912,-8.951085985293899,5.330284129338856,1.525655346546883,1519.5,0.8114285714285714,0.11142857142857143,0.10285714285714286,0.08,0.06285714285714286,0.025714285714285714,0.3967052790412224,selection_x_align:control|with_trend
10,6.0,86400,336,0.03571428571428571,-1.947055735214389,-2.2966221887124076,-654.2107270320347,44.96720603591549,-8.951085985293899,10.573984925966993,1.5273769963682835,1391.5,0.9583333333333334,0.02976190476190476,0.02976190476190476,0.02976190476190476,0.026785714285714284,0.020833333333333332,0.21951500367910481,selection_x_align:control|with_trend
3,4.0,900,1582,0.12958280657395702,-1.9368844598475803,-2.2907128853476895,-3064.151215478872,20.436461675935004,-13.155946740588606,3.0290652677600884,1.7488063677508534,211.0,0.7035398230088495,0.08154235145385588,0.051833122629582805,0.038558786346396964,0.017699115044247787,0.004424778761061947,0.14662602425212376,selection_x_align:extreme|counter_trend
3,4.0,3600,1575,0.1288888888888889,-1.9457626441275513,-2.372874362755908,-3064.5761645008934,51.20445207868692,-13.155946740588606,6.020779999548406,1.750405176682668,208.0,0.8431746031746031,0.10476190476190476,0.07365079365079365,0.05333333333333334,0.03492063492063492,0.012698412698412698,0.21451247324106484,selection_x_align:extreme|counter_trend
3,4.0,14400,1567,0.07338864071474155,-1.8304329995828705,-2.4104835889132565,-2868.288510346358,52.57559189968335,-13.155946740588606,12.682570017527839,1.7531428865146679,204.0,0.9240587109125717,0.06764518187619656,0.05552010210593491,0.05169112954690491,0.042118698149329926,0.031269942565411615,0.3100006579978995,selection_x_align:extreme|counter_trend
3,4.0,86400,1548,0.028423772609819122,-0.7904523613329961,-2.4337792591648815,-1223.620255343478,184.0942047526187,-13.155946740588606,42.09837260409773,1.755078797417885,198.0,0.9715762273901809,0.028423772609819122,0.028423772609819122,0.028423772609819122,0.028423772609819122,0.027131782945736434,0.7149216464531484,selection_x_align:extreme|counter_trend
3,6.0,900,409,0.10024449877750612,-2.3820581878092377,-2.3891423908933684,-974.2617988139782,9.089586001866532,-13.155946740588606,2.6584782221174095,2.037275743508104,235.0,0.6992665036674817,0.0488997555012225,0.02689486552567237,0.017114914425427872,0.007334963325183374,0.0,0.06338308054188777,selection_x_align:extreme|counter_trend
3,6.0,3600,406,0.11330049261083744,-2.4189016982164993,-2.4554866063956378,-982.0740894758987,13.922371748713157,-13.155946740588606,5.209090273682583,2.0376173997249434,232.0,0.8448275862068966,0.06896551724137931,0.04433497536945813,0.034482758620689655,0.019704433497536946,0.007389162561576354,0.11987674137917362,selection_x_align:extreme|counter_trend
3,6.0,14400,404,0.07178217821782178,-2.212600436814772,-2.535118231707445,-893.8905764731679,50.68788768911063,-13.155946740588606,12.263805783409,2.0410841523099967,229.5,0.9282178217821783,0.06683168316831684,0.05198019801980198,0.039603960396039604,0.03712871287128713,0.03217821782178218,0.24490028468846622,selection_x_align:extreme|counter_trend
3,6.0,86400,399,0.03759398496240601,-0.8615322465092654,-2.5868868324750194,-343.7513663571969,89.2134107245736,-13.155946740588606,40.81326872434018,2.038141703980525,217.0,0.9624060150375939,0.03759398496240601,0.03759398496240601,0.03759398496240601,0.03759398496240601,0.03508771929824561,0.7155297551639569,selection_x_align:extreme|counter_trend
5,4.0,900,1074,0.14338919925512103,-1.842883826001427,-2.2911701969582707,-1979.2572291255326,20.558871469822805,-21.994500181806266,2.866920335265499,1.7722611636890795,237.0,0.6945996275605214,0.10335195530726257,0.06797020484171322,0.04748603351955307,0.020484171322160148,0.006517690875232775,0.1807942937120614,selection_x_align:extreme|counter_trend
5,4.0,3600,1068,0.12734082397003746,-1.8854993713296522,-2.3684850601275675,-2013.7133285800685,44.1751025905435,-21.994500181806266,5.741238432280306,1.7742520270779794,234.5,0.8436329588014981,0.10018726591760299,0.0702247191011236,0.05898876404494382,0.03838951310861423,0.014044943820224719,0.23668904257143458,selection_x_align:extreme|counter_trend
5,4.0,14400,1062,0.07250470809792843,-1.7926583515861212,-2.4079496610698135,-1903.8031693844607,50.71967963066207,-21.994500181806266,11.891155850302322,1.7777164017646483,231.5,0.9246704331450094,0.06308851224105462,0.054613935969868174,0.051789077212806026,0.038606403013182675,0.031073446327683617,0.32354402445704195,selection_x_align:extreme|counter_trend
5,4.0,86400,1050,0.02857142857142857,-1.2897981639210712,-2.4301691356479957,-1354.2880721171248,89.2134107245736,-21.994500181806266,36.840213033725,1.7788601936996902,221.5,0.9714285714285714,0.02857142857142857,0.02857142857142857,0.02857142857142857,0.02857142857142857,0.02666666666666667,0.5342954013081979,selection_x_align:extreme|counter_trend
5,6.0,900,229,0.17467248908296942,-2.144054473743188,-2.3317181389512864,-490.98847448719005,7.824243055358114,-21.994500181806266,2.984172760925644,2.141356178655654,270.0,0.6550218340611353,0.11790393013100436,0.056768558951965066,0.043668122270742356,0.017467248908296942,0.0,0.14284689375678739,selection_x_align:extreme|counter_trend
5,6.0,3600,228,0.14912280701754385,-2.2174253868841696,-2.429453030959075,-505.5729882095906,13.922371748713157,-21.994500181806266,5.054925869438231,2.140188931245418,262.0,0.8157894736842105,0.12280701754385964,0.06578947368421052,0.05263157894736842,0.043859649122807015,0.008771929824561403,0.19204235603726055,selection_x_align:extreme|counter_trend
5,6.0,14400,228,0.10087719298245613,-1.9920382598240811,-2.515780205961935,-454.1847232398905,35.1564029904027,-21.994500181806266,9.87523879969482,2.140188931245418,262.0,0.8947368421052632,0.09210526315789473,0.07456140350877193,0.07456140350877193,0.06140350877192982,0.03508771929824561,0.3267456822082313,selection_x_align:extreme|counter_trend
5,6.0,86400,226,0.05752212389380531,-0.004879613813820028,-2.5859267647249355,-1.1027927219233264,89.2134107245736,-21.994500181806266,36.31742503781489,2.150224960506048,253.5,0.9424778761061947,0.05752212389380531,0.05752212389380531,0.05752212389380531,0.05752212389380531,0.048672566371681415,0.9984236610639748,selection_x_align:extreme|counter_trend
10,4.0,900,637,0.18681318681318682,-1.6447068360112609,-2.1684821282645843,-1047.6782545391732,18.823315386911137,-14.085865927150154,3.0555748776673806,1.6961706528471157,386.0,0.6562009419152276,0.13343799058084774,0.0847723704866562,0.05180533751962323,0.015698587127158554,0.0031397174254317113,0.21313348115917463,selection_x_align:extreme|counter_trend
10,4.0,3600,632,0.1518987341772152,-1.6792007177310384,-2.2610292690628206,-1061.2548536060162,22.41502582388244,-14.085865927150154,5.605046314624217,1.6994089608559233,384.0,0.8180379746835443,0.125,0.0949367088607595,0.07436708860759493,0.05379746835443038,0.0189873417721519,0.2810388641613779,selection_x_align:extreme|counter_trend
10,4.0,14400,626,0.09424920127795527,-1.541221655297433,-2.3010760025178856,-964.804756216193,50.68788768911063,-14.085865927150154,10.999037594511,1.7031238198762786,382.0,0.902555910543131,0.0878594249201278,0.07827476038338659,0.07348242811501597,0.051118210862619806,0.02875399361022364,0.39038389823008407,selection_x_align:extreme|counter_trend
10,4.0,86400,611,0.03273322422258593,-0.7508603001087061,-2.3295094155336376,-458.7756433664194,89.68431663184946,-14.085865927150154,33.69043212611404,1.7071795938898169,361.0,0.9656301145662848,0.03273322422258593,0.03273322422258593,0.03273322422258593,0.03273322422258593,0.027823240589198037,0.7209714492385727,selection_x_align:extreme|counter_trend
10,6.0,900,132,0.20454545454545456,-1.6844727055805948,-2.124829283958614,-222.35039713663852,7.001710503975577,-10.761079908651181,2.9101832900413553,1.943970408091403,609.5,0.5984848484848485,0.12121212121212122,0.08333333333333333,0.06060606060606061,0.022727272727272728,0.0,0.21904776973276632,selection_x_align:extreme|counter_trend
10,6.0,3600,132,0.15151515151515152,-1.6410434815677728,-2.260539860014593,-216.617739566946,22.41502582388244,-13.968005591992037,5.2336231028096565,1.943970408091403,609.5,0.803030303030303,0.15151515151515152,0.09090909090909091,0.08333333333333333,0.06818181818181818,0.03787878787878788,0.3582062590294461,selection_x_align:extreme|counter_trend
10,6.0,14400,131,0.11450381679389313,-1.483227061787248,-2.3065417622363733,-194.3027450941295,30.361382624458127,-13.968005591992037,9.878472152032014,1.943369271760948,609.0,0.8625954198473282,0.11450381679389313,0.10687022900763359,0.0916030534351145,0.07633587786259542,0.03816793893129771,0.45438104363660503,selection_x_align:extreme|counter_trend
10,6.0,86400,128,0.0625,-0.6270731589794665,-2.356613017922352,-80.26536434937171,84.23984686370099,-13.968005591992037,27.854583016960678,1.967329257392367,587.5,0.9296875,0.0625,0.0625,0.0546875,0.0546875,0.046875,0.7828505742091427,selection_x_align:extreme|counter_trend
3,4.0,900,514,0.14591439688715954,-1.239846779982419,-1.7095868923232387,-637.2812449109634,8.880475707455362,-6.809168837737778,1.5792197390897982,1.2896474210166275,900.0,0.4474708171206226,0.07587548638132295,0.04474708171206226,0.02529182879377432,0.007782101167315175,0.0,0.17087549468519306,selection_x_align:extreme|unknown
3,4.0,3600,514,0.20428015564202334,-1.2196828048776216,-2.1075643073011427,-626.9169617070975,19.70116720918958,-6.809168837737778,3.295119873260691,1.2896474210166275,1176.5,0.6750972762645915,0.13813229571984437,0.0914396887159533,0.054474708171206226,0.017509727626459144,0.0019455252918287938,0.28318482058363903,selection_x_align:extreme|unknown
3,4.0,14400,514,0.12840466926070038,-1.3725519204852978,-2.1336327068646517,-705.4916871294431,33.762626605146316,-6.809168837737778,5.879738686374263,1.2896474210166275,1176.5,0.8287937743190662,0.10505836575875487,0.08365758754863813,0.06809338521400778,0.054474708171206226,0.005836575875486381,0.2993322877113334,selection_x_align:extreme|unknown
3,4.0,86400,514,0.06614785992217899,-0.30955842527804456,-2.152644312984872,-159.1130305929149,107.62456648927592,-6.809168837737778,33.864133487833065,1.2896474210166275,1176.5,0.933852140077821,0.06614785992217899,0.06614785992217899,0.06614785992217899,0.06614785992217899,0.06614785992217899,0.8581782385723971,selection_x_align:extreme|unknown
3,6.0,900,183,0.13114754098360656,-1.4509394695917455,-1.5860400401154422,-265.5219229352894,3.800169894879071,-7.595225036398501,1.5188870376236943,1.4548303097512232,900.0,0.3989071038251366,0.07103825136612021,0.03825136612021858,0.01092896174863388,0.0,0.0,0.11110507953052062,selection_x_align:extreme|unknown
3,6.0,3600,183,0.15846994535519127,-1.6367974797730427,-2.1249216042250954,-299.5339387984668,4.333481861027905,-7.595225036398501,2.8208784446461004,1.4548303097512232,1352.0,0.6721311475409836,0.10382513661202186,0.04918032786885246,0.0273224043715847,0.0,0.0,0.14051762198756393,selection_x_align:extreme|unknown
3,6.0,14400,183,0.08196721311475409,-1.7350606080218727,-2.1788839451244337,-317.5160912680027,33.762626605146316,-7.595225036398501,5.061995064627791,1.4548303097512232,1352.0,0.8360655737704918,0.060109289617486336,0.03825136612021858,0.03825136612021858,0.03278688524590164,0.00546448087431694,0.19015164850597033,selection_x_align:extreme|unknown
3,6.0,86400,183,0.07103825136612021,-0.7338789222967866,-2.1835569031924846,-134.29984278031196,52.100146947691044,-7.595225036398501,31.35206318248549,1.4548303097512232,1352.0,0.9289617486338798,0.07103825136612021,0.07103825136612021,0.07103825136612021,0.07103825136612021,0.07103825136612021,0.6872013594330811,selection_x_align:extreme|unknown
5,4.0,900,342,0.15497076023391812,-1.1941941748777425,-1.5964438097023268,-408.41440780818795,10.209117913671632,-6.754607881309341,1.89093443985664,1.332537080981283,900.0,0.4269005847953216,0.09941520467836257,0.05847953216374269,0.029239766081871343,0.011695906432748537,0.0029239766081871343,0.21180221290991108,selection_x_align:extreme|unknown
5,4.0,3600,342,0.19005847953216373,-1.1967870836378576,-2.116704078197733,-409.3011826041473,20.127134185465888,-6.754607881309341,3.626846872766702,1.332537080981283,1243.0,0.6666666666666666,0.13450292397660818,0.0935672514619883,0.06432748538011696,0.023391812865497075,0.005847953216374269,0.3160142632981723,selection_x_align:extreme|unknown
5,4.0,14400,342,0.11988304093567251,-1.4247514913536414,-2.1616937475984335,-487.2650100429454,30.241403084583336,-6.754607881309341,5.994180561087093,1.332537080981283,1243.0,0.8333333333333334,0.09941520467836257,0.0847953216374269,0.05847953216374269,0.04678362573099415,0.008771929824561403,0.29108687275667244,selection_x_align:extreme|unknown
5,4.0,86400,342,0.05847953216374269,-0.29804526858514324,-2.178749188129939,-101.93148185611899,110.10079936088975,-6.754607881309341,32.79206896046737,1.332537080981283,1243.0,0.9415204678362573,0.05847953216374269,0.05847953216374269,0.05847953216374269,0.05847953216374269,0.05847953216374269,0.867294351127175,selection_x_align:extreme|unknown
5,6.0,900,115,0.13043478260869565,-1.6439242104414902,-2.111385653392813,-189.05128420077136,3.800169894879071,-7.595225036398501,1.8093430301029556,1.5385108629713353,900.0,0.4956521739130435,0.0782608695652174,0.034782608695652174,0.017391304347826087,0.0,0.0,0.10754442224697816,selection_x_align:extreme|unknown
5,6.0,3600,115,0.16521739130434782,-1.6997301690922184,-2.178614431135444,-195.46896944560513,8.760359226979858,-7.595225036398501,2.9383457463154308,1.5385108629713353,921.0,0.7304347826086957,0.10434782608695652,0.06086956521739131,0.034782608695652174,0.008695652173913044,0.0,0.1652521477798519,selection_x_align:extreme|unknown
5,6.0,14400,115,0.12173913043478261,-1.558168960465051,-2.20883964687924,-179.18943045348087,30.241403084583336,-7.595225036398501,5.386232500394526,1.5385108629713353,921.0,0.8347826086956521,0.10434782608695652,0.06956521739130435,0.06086956521739131,0.05217391304347826,0.008695652173913044,0.2883255406254817,selection_x_align:extreme|unknown
5,6.0,86400,115,0.06956521739130435,0.10252209464649721,-2.239986400013537,11.79004088434718,110.10079936088975,-7.595225036398501,37.18847520059852,1.5385108629713353,921.0,0.9304347826086956,0.06956521739130435,0.06956521739130435,0.06956521739130435,0.06956521739130435,0.06956521739130435,1.0423851562481903,selection_x_align:extreme|unknown
10,4.0,900,204,0.17647058823529413,-1.1856112777381052,-1.8403138370604077,-241.86470065857344,10.420357648429837,-5.0873127515422425,1.9131194875785047,1.3170769746299291,900.0,0.46078431372549017,0.11274509803921569,0.058823529411764705,0.024509803921568627,0.00980392156862745,0.004901960784313725,0.2173105035244602,selection_x_align:extreme|unknown
10,4.0,3600,204,0.19117647058823528,-1.2107979335295112,-2.131878163109003,-247.00277844002028,19.016861807390157,-5.0873127515422425,3.543577701243471,1.3170769746299291,1080.0,0.696078431372549,0.13725490196078433,0.09313725490196079,0.058823529411764705,0.00980392156862745,0.00980392156862745,0.31264126069877457,selection_x_align:extreme|unknown
10,4.0,14400,204,0.1323529411764706,-1.2803796956340154,-2.1581682699837064,-261.19745790933916,30.241403084583336,-5.0873127515422425,5.684018659326108,1.3170769746299291,1080.0,0.8186274509803921,0.10784313725490197,0.08823529411764706,0.06372549019607843,0.0392156862745098,0.014705882352941176,0.3436729541016765,selection_x_align:extreme|unknown
10,4.0,86400,204,0.08333333333333333,0.5722913313059942,-2.178131357803851,116.74743158642282,110.10079936088975,-5.0873127515422425,34.29350484855506,1.3170769746299291,1080.0,0.9166666666666666,0.08333333333333333,0.08333333333333333,0.08333333333333333,0.08333333333333333,0.08333333333333333,1.2658531127307702,selection_x_align:extreme|unknown
10,6.0,900,54,0.12962962962962962,-1.6021459383910208,-1.8251918669533191,-86.51588067311512,2.4259314910904823,-5.0873127515422425,2.192347468917154,1.4864273696423156,900.0,0.46296296296296297,0.07407407407407407,0.037037037037037035,0.0,0.0,0.0,0.09454557742415919,selection_x_align:extreme|unknown
10,6.0,3600,54,0.09259259259259259,-2.0491560195090925,-2.2390203141789975,-110.654425053491,1.8689391575626033,-5.0873127515422425,3.3180495808382044,1.4864273696423156,1054.0,0.7407407407407407,0.05555555555555555,0.0,0.0,0.0,0.0,0.05433150508166152,selection_x_align:extreme|unknown
10,6.0,14400,54,0.07407407407407407,-2.1997010866014186,-2.296289888693587,-118.78385867647661,4.116209874898692,-5.0873127515422425,4.9640625313719475,1.4864273696423156,1054.0,0.8888888888888888,0.037037037037037035,0.018518518518518517,0.018518518518518517,0.0,0.0,0.0492136077425186,selection_x_align:extreme|unknown
10,6.0,86400,54,0.05555555555555555,-1.2134045568020857,-2.306930296139212,-65.52384606731263,23.809899623181906,-5.0873127515422425,33.94856671272607,1.4864273696423156,1054.0,0.9444444444444444,0.05555555555555555,0.05555555555555555,0.05555555555555555,0.05555555555555555,0.05555555555555555,0.4959297057994613,selection_x_align:extreme|unknown
3,4.0,900,1928,0.1737551867219917,-1.3667266280451609,-2.184542823467563,-2635.0489388710703,73.90102200391978,-28.444869940877236,4.534262850412232,1.743800481524244,320.0,0.6421161825726142,0.12811203319502074,0.08973029045643154,0.0720954356846473,0.046680497925311204,0.016597510373443983,0.3510329886839726,selection_x_align:extreme|with_trend
3,4.0,3600,1922,0.15972944849115506,-1.2689265753252832,-2.2708153626223133,-2438.8768777751943,59.59819161919336,-28.444869940877236,9.054675142648637,1.7454066462233482,317.5,0.799687825182102,0.1295525494276795,0.10509885535900104,0.08896982310093653,0.061394380853277836,0.03173777315296566,0.457950493908953,selection_x_align:extreme|with_trend
3,4.0,14400,1914,0.09822361546499478,-0.785278619002742,-2.313744263726285,-1503.0232767712482,99.20789521304401,-28.444869940877236,17.83914782102792,1.7462682303485149,315.5,0.8970741901776385,0.09456635318704285,0.08672936259143156,0.07889237199582028,0.07001044932079414,0.050156739811912224,0.6918294787251389,selection_x_align:extreme|with_trend
3,4.0,86400,1886,0.05567338282078473,1.2133032710834875,-2.347066619528044,2288.2899692634574,144.29644760329936,-28.444869940877236,52.09052449428425,1.7475669381132812,300.0,0.9443266171792153,0.05567338282078473,0.05567338282078473,0.05567338282078473,0.05514316012725345,0.053022269353128315,1.4523082504919056,selection_x_align:extreme|with_trend
3,6.0,900,596,0.18288590604026847,-1.6311479410571883,-2.3107227363967215,-972.1641728700843,26.111217573980916,-18.028505433090487,5.293850680468763,2.1336106110790882,324.5,0.62751677852349,0.12919463087248323,0.09899328859060402,0.08053691275167785,0.04530201342281879,0.02348993288590604,0.32834602367693405,selection_x_align:extreme|with_trend
3,6.0,3600,595,0.16974789915966387,-1.3793724447328803,-2.4070662507533895,-820.7266046160638,37.58213438642764,-18.028505433090487,10.00833659165443,2.1344640660463914,323.0,0.7764705882352941,0.14453781512605043,0.11932773109243698,0.1092436974789916,0.07563025210084033,0.0453781512605042,0.47773420786111737,selection_x_align:extreme|with_trend
3,6.0,14400,592,0.11993243243243243,-0.9356315685076293,-2.490215799901023,-553.8938885565166,81.84802673614078,-18.028505433090487,16.491879523179637,2.1350757972669343,320.0,0.8716216216216216,0.11486486486486487,0.10810810810810811,0.09966216216216216,0.08614864864864864,0.05912162162162162,0.670334756822787,selection_x_align:extreme|with_trend
3,6.0,86400,587,0.06984667802385008,1.2697657197034893,-2.5821270308155033,745.3524774659483,130.9371632414119,-18.028505433090487,50.93596955535523,2.1344495202861,313.0,0.9301533219761499,0.06984667802385008,0.06984667802385008,0.06984667802385008,0.06984667802385008,0.06643952299829642,1.4198205195003621,selection_x_align:extreme|with_trend
5,4.0,900,1340,0.1925373134328358,-1.314746431955296,-2.2282825554742614,-1761.7602188200965,38.341064505830985,-14.778470374779944,5.0162975202015545,1.7962476740872877,329.5,0.6380597014925373,0.13955223880597015,0.10671641791044777,0.08432835820895522,0.057462686567164176,0.018656716417910446,0.38320330006629033,selection_x_align:extreme|with_trend
5,4.0,3600,1335,0.1647940074906367,-1.1845200940503775,-2.317175094574466,-1581.334325557254,59.59819161919336,-14.778470374779944,9.323054424628022,1.7982511900990796,326.0,0.7940074906367042,0.1348314606741573,0.11086142322097378,0.09363295880149813,0.06666666666666667,0.03745318352059925,0.5040410564460704,selection_x_align:extreme|with_trend
5,4.0,14400,1329,0.10759969902182091,-0.7373477156749437,-2.3684062655210365,-979.9351141320002,84.89977494252655,-14.778470374779944,18.620898077213713,1.8011819456679596,316.0,0.8833709556057185,0.1038374717832957,0.09706546275395034,0.08954100827689992,0.07900677200902935,0.05869074492099323,0.7136916391055698,selection_x_align:extreme|with_trend
5,4.0,86400,1310,0.061068702290076333,1.1833280339111238,-2.405670884817932,1550.1597244235722,129.75542155482756,-14.778470374779944,51.03464529411028,1.801050291572817,307.0,0.9389312977099237,0.061068702290076333,0.061068702290076333,0.061068702290076333,0.05877862595419847,0.05725190839694656,1.4349807371981154,selection_x_align:extreme|with_trend
5,6.0,900,399,0.20802005012531327,-1.6185806544341446,-2.266135501706152,-645.8136811192237,32.754478225590965,-14.778470374779944,5.471124800243277,2.0937380686602327,288.0,0.6265664160401002,0.13283208020050125,0.09774436090225563,0.08521303258145363,0.05513784461152882,0.020050125313283207,0.3257518037904267,selection_x_align:extreme|with_trend
5,6.0,3600,396,0.1893939393939394,-1.1053148397744563,-2.3849282633060422,-437.70467655068467,59.59819161919336,-14.778470374779944,10.437509151716096,2.096348175713249,275.0,0.7525252525252525,0.15656565656565657,0.12878787878787878,0.11868686868686869,0.07575757575757576,0.050505050505050504,0.5736818687120842,selection_x_align:extreme|with_trend
5,6.0,14400,395,0.14430379746835442,-0.8067647513691314,-2.439332083479667,-318.6720767908069,40.25392438789986,-14.778470374779944,17.10938224931042,2.0991866969180903,265.0,0.8481012658227848,0.13164556962025317,0.12658227848101267,0.11645569620253164,0.09620253164556962,0.07088607594936709,0.7081492707314365,selection_x_align:extreme|with_trend
5,6.0,86400,388,0.09020618556701031,1.9651180537546225,-2.50119849871741,762.4658048567935,125.50350338336176,-14.778470374779944,45.74223921783623,2.0991331694552757,244.0,0.9097938144329897,0.09020618556701031,0.09020618556701031,0.09020618556701031,0.08762886597938144,0.08505154639175258,1.6691716188174799,selection_x_align:extreme|with_trend
10,4.0,900,914,0.25054704595185995,-0.9909426806883286,-2.1059917462118207,-905.7216101491323,34.84257695655881,-13.036819921842676,4.922501562608987,1.6858581076868502,520.5,0.5798687089715536,0.17286652078774617,0.12035010940919037,0.08971553610503283,0.05798687089715536,0.022975929978118162,0.4798357210075838,selection_x_align:extreme|with_trend
10,4.0,3600,910,0.2010989010989011,-0.8366590917789932,-2.218470965718978,-761.3597735188838,59.59819161919336,-13.036819921842676,9.32958829094003,1.688738741105352,508.5,0.756043956043956,0.17802197802197803,0.13956043956043956,0.11758241758241758,0.08571428571428572,0.03956043956043956,0.6214220640060337,selection_x_align:extreme|with_trend
10,4.0,14400,905,0.13259668508287292,-0.46178836733947054,-2.2735764718606317,-417.91847244222083,80.0671629251131,-13.036819921842676,17.537596421017,1.6923457511031235,501.0,0.861878453038674,0.12486187845303867,0.11602209944751381,0.10828729281767956,0.08839779005524862,0.061878453038674036,0.8099481961088921,selection_x_align:extreme|with_trend
10,4.0,86400,886,0.06884875846501129,1.379459454452319,-2.3080347620802133,1222.2010766447547,129.75542155482756,-13.036819921842676,48.602712900231644,1.6927045352705579,457.0,0.9311512415349887,0.06772009029345373,0.06772009029345373,0.06659142212189616,0.0654627539503386,0.06320541760722348,1.5289539597407673,selection_x_align:extreme|with_trend
10,6.0,900,234,0.32051282051282054,-0.840167518715854,-1.668377931592159,-196.59919937950986,19.12572947158591,-12.580970701942713,5.262362879996295,1.7637915296870024,900.0,0.5,0.20512820512820512,0.1581196581196581,0.11965811965811966,0.06837606837606838,0.017094017094017096,0.5470208547583121,selection_x_align:extreme|with_trend
10,6.0,3600,233,0.2703862660944206,-0.6036527895356613,-2.1094221660538848,-140.65109996180908,32.00464528152296,-12.580970701942713,9.437737038695087,1.7700899864050712,900.0,0.6738197424892703,0.2317596566523605,0.18454935622317598,0.15021459227467812,0.11158798283261803,0.04291845493562232,0.7143960936072066,selection_x_align:extreme|with_trend
10,6.0,14400,232,0.23275862068965517,0.2910575400433056,-2.1450652208194754,67.52534929004689,38.2159260868741,-12.580970701942713,16.436969659992112,1.7767025471990892,846.0,0.7672413793103449,0.21982758620689655,0.2025862068965517,0.17672413793103448,0.125,0.09482758620689655,1.1284635937293088,selection_x_align:extreme|with_trend
10,6.0,86400,224,0.13839285714285715,3.1725117712168376,-2.2207677223954088,710.6426367525717,126.87197648714515,-12.580970701942713,39.103720530501576,1.7588121881701835,704.0,0.8616071428571429,0.13839285714285715,0.13839285714285715,0.13839285714285715,0.12946428571428573,0.125,2.258118605993274,selection_x_align:extreme|with_trend
3,4.0,900,2555,0.14246575342465753,-1.2813857871274115,-1.5397577667634077,-3273.9406861105363,10.438738597884884,-15.88579686628347,1.3672773198310537,1.294725568297211,900.0,0.41956947162426617,0.06457925636007827,0.03561643835616438,0.019960861056751468,0.006653620352250489,0.0003913894324853229,0.1393878527347031,selection_x_side:control|long
3,4.0,3600,2535,0.1581854043392505,-1.3694399442649878,-2.109359102875211,-3471.530258711744,11.326245838288967,-15.88579686628347,2.58571491401428,1.295956288356555,1351.0,0.6710059171597633,0.11045364891518737,0.07258382642998028,0.0485207100591716,0.01854043392504931,0.002366863905325444,0.2195896922425794,selection_x_side:control|long
3,4.0,14400,2505,0.13213572854291417,-1.2523743947818387,-2.1335450653384243,-3137.197858928506,22.956407569378776,-15.88579686628347,5.219124407371262,1.2975456931546123,1292.0,0.8243512974051896,0.11097804391217565,0.09820359281437126,0.08343313373253493,0.056686626746506985,0.022754491017964073,0.36818505193812656,selection_x_side:control|long
3,4.0,86400,2379,0.029003783102143757,-1.6733867615113895,-2.16927584360355,-3980.987105635596,58.577873317452806,-15.88579686628347,12.799700194520073,1.3040630277505612,1155.0,0.9705758722152165,0.026061370323665407,0.023118957545187054,0.02185792349726776,0.018915510718789406,0.015552753257671291,0.2709712821078226,selection_x_side:control|long
3,6.0,900,985,0.12588832487309645,-1.4025921475904741,-1.4838034926117827,-1381.553265376617,9.648923537742336,-15.88579686628347,1.3313679506062952,1.436590410175384,900.0,0.3756345177664975,0.05888324873096447,0.030456852791878174,0.016243654822335026,0.003045685279187817,0.0,0.11017871889540816,selection_x_side:control|long
3,6.0,3600,977,0.14841351074718526,-1.5158721872301952,-2.1108320888798864,-1481.0071269239008,10.295530412514562,-15.88579686628347,2.426594373921387,1.4382425601080089,1670.0,0.6243602865916069,0.09621289662231321,0.06345957011258956,0.033776867963152504,0.01330603889457523,0.0010235414534288639,0.17313962942620262,selection_x_side:control|long
3,6.0,14400,960,0.14270833333333333,-1.3451523419831242,-2.1615639348650437,-1291.3462483037993,19.20513425300223,-15.88579686628347,5.001435991215601,1.4436198082758454,1628.0,0.7916666666666666,0.11666666666666667,0.10520833333333333,0.08645833333333333,0.05520833333333333,0.019791666666666666,0.34627788677222154,selection_x_side:control|long
3,6.0,86400,903,0.03322259136212625,-1.7969873797151041,-2.2319700741093427,-1622.679603882739,58.577873317452806,-15.88579686628347,12.044168046577292,1.4556870622801352,1395.0,0.9667774086378738,0.029900332225913623,0.026578073089700997,0.02547065337763012,0.021040974529346623,0.016611295681063124,0.26251474663983865,selection_x_side:control|long
5,4.0,900,1851,0.14424635332252836,-1.2884542635752354,-1.49353137401298,-2384.9288418777605,10.438738597884884,-9.530437891921762,1.3914271007589372,1.334464086676305,900.0,0.39762290653700705,0.06482982171799027,0.03727714748784441,0.018368449486763912,0.005402485143165856,0.0005402485143165856,0.13493963907443068,selection_x_side:control|long
5,4.0,3600,1840,0.16684782608695653,-1.3608151984913655,-2.109944270482181,-2503.8999652241123,11.701357063652486,-9.530437891921762,2.548352372577169,1.3357804215816924,1559.5,0.6434782608695652,0.11521739130434783,0.07228260869565217,0.045108695652173916,0.017934782608695653,0.003260869565217391,0.22207447345687767,selection_x_side:control|long
5,4.0,14400,1812,0.13741721854304637,-1.2613639492968316,-2.1468806264372997,-2285.5914761258587,27.693534964441056,-9.530437891921762,5.213853889225051,1.3390416776884089,1514.5,0.8107064017660044,0.11699779249448124,0.10154525386313466,0.08388520971302428,0.05573951434878587,0.02207505518763797,0.369151675998183,selection_x_side:control|long
5,4.0,86400,1714,0.029171528588098017,-1.7019984803121742,-2.1901652478418434,-2917.2253952550664,60.00096427601584,-9.530437891921762,12.707915529731656,1.3471074326406753,1295.0,0.9702450408401401,0.026254375729288213,0.023920653442240373,0.022753792298716453,0.019836639439906652,0.014002333722287048,0.2714380469209805,selection_x_side:control|long
5,6.0,900,627,0.13556618819776714,-1.4201821272222834,-1.453047484109043,-890.4541937683717,8.053385522659632,-9.530437891921762,1.4144634684806812,1.5100650774838473,900.0,0.3684210526315789,0.06220095693779904,0.030303030303030304,0.019138755980861243,0.004784688995215311,0.0,0.11470043445021386,selection_x_side:control|long
5,6.0,3600,624,0.15705128205128205,-1.5546419826022695,-2.1192122034993197,-970.0965971438161,6.644297056718247,-9.530437891921762,2.43664539457234,1.5107571281512875,1837.5,0.6073717948717948,0.10576923076923077,0.06570512820512821,0.035256410256410256,0.011217948717948718,0.0,0.1682581064983635,selection_x_side:control|long
5,6.0,14400,611,0.13584288052373159,-1.561191345114859,-2.196633044090467,-953.8879118651788,17.908213404931406,-9.530437891921762,4.718502201581153,1.519703831012051,1757.0,0.79050736497545,0.10801963993453355,0.09492635024549918,0.07692307692307693,0.044189852700491,0.009819967266775777,0.2687541375283412,selection_x_side:control|long
5,6.0,86400,579,0.03454231433506045,-1.9412293192140364,-2.280621807102861,-1123.9717758249271,60.928822890003175,-9.530437891921762,11.62158190527413,1.532514529954431,1508.0,0.9654576856649395,0.02936096718480138,0.024179620034542316,0.02072538860103627,0.015544041450777202,0.012089810017271158,0.2278013136724247,selection_x_side:control|long
10,4.0,900,1079,0.1705282669138091,-1.1912012090807211,-1.3590418370810067,-1285.306104598098,10.438738597884884,-7.497860518259702,1.6152011803890267,1.3862643650247666,900.0,0.3447636700648749,0.07970342910101946,0.04355885078776645,0.018535681186283594,0.006487488415199258,0.0009267840593141798,0.16800972015278376,selection_x_side:control|long
10,4.0,3600,1072,0.18470149253731344,-1.2992078590322733,-2.107695027784498,-1392.750824882597,11.326245838288967,-7.497860518259702,2.713536026835571,1.3865327375048306,1945.5,0.5988805970149254,0.1259328358208955,0.08395522388059702,0.05503731343283582,0.018656716417910446,0.0009328358208955224,0.24559954492464692,selection_x_side:control|long
10,4.0,14400,1051,0.15318744053282587,-1.2295990047984864,-2.1474645030426127,-1292.3085540432091,18.65183119555525,-7.497860518259702,5.246778130582172,1.3912990383428998,1873.0,0.7773549000951475,0.13225499524262607,0.11607992388201713,0.09324452901998097,0.056137012369172214,0.019980970504281638,0.38239144734606,selection_x_side:control|long
10,4.0,86400,991,0.03632694248234107,-1.7194750134497536,-2.217305303202735,-1703.999738328706,60.928822890003175,-7.497860518259702,12.659440207920863,1.3981526177565529,1601.0,0.9626639757820383,0.033299697275479316,0.030272452068617558,0.029263370332996974,0.026236125126135216,0.020181634712411706,0.27792069830452365,selection_x_side:control|long
10,6.0,900,332,0.17771084337349397,-1.3003423637507514,-1.3613244722238664,-431.71366476524946,8.375479708532055,-7.497860518259702,1.7014062645852537,1.5538692947529298,900.0,0.34036144578313254,0.09036144578313253,0.0391566265060241,0.02108433734939759,0.006024096385542169,0.0,0.16541212016661377,selection_x_side:control|long
10,6.0,3600,330,0.19090909090909092,-1.4792059135359525,-2.1125577666899904,-488.13795146686437,10.146914283556136,-7.497860518259702,2.575194493666354,1.5572609187164492,1884.5,0.6121212121212121,0.12121212121212122,0.07878787878787878,0.051515151515151514,0.015151515151515152,0.0030303030303030303,0.22123281413537976,selection_x_side:control|long
10,6.0,14400,324,0.14814814814814814,-1.5243378283869324,-2.1884162324019423,-493.8854563973661,15.955900195104345,-7.497860518259702,4.629596846002308,1.5674269424020912,1859.5,0.7808641975308642,0.11728395061728394,0.1111111111111111,0.08333333333333333,0.05555555555555555,0.009259259259259259,0.2963134195014325,selection_x_side:control|long
10,6.0,86400,306,0.042483660130718956,-1.8056265021344138,-2.308658166412249,-552.5217096531306,55.23437504168995,-7.497860518259702,10.93226984478036,1.5791210088862708,1531.0,0.9509803921568627,0.03594771241830065,0.03594771241830065,0.03594771241830065,0.032679738562091505,0.029411764705882353,0.28778605767244847,selection_x_side:control|long
3,4.0,900,3087,0.12115322319403952,-1.3276028806065168,-1.5571314425761402,-4098.310092432317,10.989757077758728,-10.216210827071293,1.2696452300554095,1.2674916937853482,900.0,0.4146420472951085,0.05442176870748299,0.02559118885649498,0.014901198574667962,0.0051830255911888565,0.0006478781988986071,0.11189306956663314,selection_x_side:control|short
3,4.0,3600,3061,0.15844495262985953,-1.3287425740059335,-2.1078744245611736,-4067.2810190321625,17.408033217815138,-10.216210827071293,2.506981633461018,1.2681802833265792,1448.0,0.6373734073832081,0.09310682783404116,0.062071218556027444,0.041163018621365566,0.02221496243057824,0.0029402156158118264,0.21789450460236165,selection_x_side:control|short
3,4.0,14400,3031,0.12009237875288684,-1.4187897377502428,-2.129809042320649,-4300.351695120986,34.88111885533063,-10.216210827071293,5.202915368148942,1.2691373438511044,1412.0,0.8323985483338832,0.09204882876938304,0.07324315407456285,0.05377763114483669,0.03827119762454635,0.01583635763774332,0.28748829043719404,selection_x_side:control|short
3,4.0,86400,2955,0.046023688663282575,-1.7124081697344131,-2.1527448208027686,-5060.166141565191,44.144680458752866,-10.216210827071293,13.200337106455686,1.2713591061624585,1298.0,0.9499153976311336,0.04027072758037225,0.03688663282571912,0.03587140439932318,0.03417935702199661,0.02707275803722504,0.23277829352914736,selection_x_side:control|short
3,6.0,900,1040,0.09326923076923077,-1.5401139449293846,-1.630714703048476,-1601.71850272656,8.92093027812651,-8.270028760376967,1.1693896795914833,1.4097927745897074,900.0,0.4201923076923077,0.041346153846153845,0.01826923076923077,0.013461538461538462,0.0009615384615384616,0.0,0.07489170416431701,selection_x_side:control|short
3,6.0,3600,1031,0.14645974781765275,-1.5394873777123048,-2.112455264168939,-1587.2114864213863,11.275609206803999,-8.270028760376967,2.2693761723498707,1.411767907333905,1434.0,0.6168768186226964,0.07759456838021339,0.04558680892337536,0.031037827352085354,0.01745877788554801,0.0009699321047526673,0.15423787091543656,selection_x_side:control|short
3,6.0,14400,1017,0.11504424778761062,-1.645111252512448,-2.1639950522765368,-1673.0781438051597,23.783893471961978,-8.270028760376967,4.50312530798205,1.4131131758825568,1383.0,0.8180924287118977,0.08161258603736479,0.0688298918387414,0.05014749262536873,0.03343166175024582,0.008849557522123894,0.22205796477554052,selection_x_side:control|short
3,6.0,86400,986,0.04563894523326572,-1.9509060506743523,-2.1964077021964807,-1923.5933659649113,17.946229457840555,-8.270028760376967,12.181755128578097,1.4188514340411902,1264.0,0.9482758620689655,0.03955375253549696,0.038539553752535496,0.038539553752535496,0.035496957403651115,0.02738336713995943,0.17740971892350513,selection_x_side:control|short
5,4.0,900,1940,0.1190721649484536,-1.3742244533523422,-1.565301384240589,-2665.995439503544,10.665607634231359,-15.920912412998952,1.3211217941783038,1.3336489570963084,900.0,0.40876288659793814,0.05360824742268041,0.024742268041237112,0.01752577319587629,0.005670103092783505,0.0005154639175257732,0.11017570550609261,selection_x_side:control|short
5,4.0,3600,1923,0.15392615704628185,-1.3705849299267128,-2.1102093744993455,-2635.6348202490685,17.408033217815138,-15.920912412998952,2.5154835117626866,1.3351525147576906,1438.0,0.6313052522100884,0.08996359854394176,0.058242329693187725,0.042641705668226726,0.02392095683827353,0.0031201248049922,0.21345350575269953,selection_x_side:control|short
5,4.0,14400,1901,0.12730142030510258,-1.443235375662484,-2.1463482856900846,-2743.590449134382,30.06607388324944,-15.920912412998952,5.029218121988931,1.3351882088987228,1383.0,0.8258811152025249,0.09626512361914781,0.07206733298264072,0.05312993161493951,0.03945291951604419,0.017359284587059442,0.28957783141697596,selection_x_side:control|short
5,4.0,86400,1846,0.04658721560130011,-1.7315151314476391,-2.1753962256115136,-3196.376932652342,50.99734542250466,-15.920912412998952,12.799097557758548,1.3363285926980921,1290.0,0.948537378114843,0.04008667388949079,0.038461538461538464,0.03683640303358613,0.03412784398699892,0.02600216684723727,0.24289080433351318,selection_x_side:control|short
5,6.0,900,600,0.10833333333333334,-1.5939638843195936,-1.7949562621665307,-956.3783305917561,8.92093027812651,-15.920912412998952,1.3466782577278744,1.5383796589818663,900.0,0.43,0.05333333333333334,0.025,0.013333333333333334,0.0033333333333333335,0.0,0.08851445905703582,selection_x_side:control|short
5,6.0,3600,596,0.14261744966442952,-1.5548189250676818,-2.1188439711411373,-926.6720793403383,17.408033217815138,-15.920912412998952,2.4219622171287845,1.5408267637192699,1301.5,0.6157718120805369,0.08389261744966443,0.05536912751677853,0.04194630872483222,0.026845637583892617,0.0050335570469798654,0.19438398062177864,selection_x_side:control|short
5,6.0,14400,590,0.12542372881355932,-1.5408952185369527,-2.192070143686004,-909.1281789368021,30.06607388324944,-15.920912412998952,4.802567435917817,1.5421071987881725,1290.0,0.8101694915254237,0.08813559322033898,0.0711864406779661,0.061016949152542375,0.0423728813559322,0.01694915254237288,0.29913997925525015,selection_x_side:control|short
5,6.0,86400,567,0.05114638447971781,-1.8389555771251553,-2.2440276938511508,-1042.6878122299631,50.99734542250466,-15.920912412998952,11.981112516309151,1.5421457294101135,1174.0,0.9435626102292769,0.04409171075837742,0.04409171075837742,0.04409171075837742,0.04056437389770723,0.031746031746031744,0.25871352098309947,selection_x_side:control|short
10,4.0,900,1078,0.14100185528756956,-1.299698040512991,-1.479271765003775,-1401.0744876730043,7.858680924259701,-15.920912412998952,1.4953248291030956,1.3395500471286563,900.0,0.40166975881261596,0.06679035250463822,0.032467532467532464,0.02040816326530612,0.0037105751391465678,0.0,0.13426280722571252,selection_x_side:control|short
10,4.0,3600,1070,0.1822429906542056,-1.2987137756825078,-2.107723780391349,-1389.6237399802833,17.408033217815138,-15.920912412998952,2.6103103600783877,1.34070303743795,1546.0,0.6177570093457944,0.10747663551401869,0.06822429906542056,0.03925233644859813,0.022429906542056073,0.002803738317757009,0.24420412139507122,selection_x_side:control|short
10,4.0,14400,1059,0.12936732766761094,-1.3565339643945584,-2.150570879708065,-1436.5694682938374,30.06607388324944,-15.920912412998952,5.279466725333013,1.3389479291933195,1503.0,0.8205854579792257,0.09631728045325778,0.08026440037771483,0.06421152030217187,0.0453257790368272,0.018885741265344664,0.3345911720916825,selection_x_side:control|short
10,4.0,86400,1029,0.05053449951409135,-1.800964356432102,-2.1797069153345907,-1853.192322768633,42.738901979367846,-15.920912412998952,12.847381829311107,1.33714328432904,1383.0,0.9416909620991254,0.043731778425655975,0.04178814382896016,0.04178814382896016,0.03595724003887269,0.028182701652089408,0.21367184690708693,selection_x_side:control|short
10,6.0,900,278,0.15827338129496402,-1.2623462443283742,-1.3091550458563561,-350.93225592328804,4.365500767457735,-15.920912412998952,1.7684164065371866,1.4959747041668456,900.0,0.32014388489208634,0.07913669064748201,0.039568345323741004,0.02877697841726619,0.0,0.0,0.1543077082647852,selection_x_side:control|short
10,6.0,3600,278,0.18705035971223022,-1.2850770618184633,-2.1038525497435834,-357.2514231855328,16.866138043305074,-15.920912412998952,2.9019722056133963,1.4959747041668456,2190.0,0.5971223021582733,0.11151079136690648,0.08273381294964029,0.050359712230215826,0.02877697841726619,0.01079136690647482,0.28366859838386677,selection_x_side:control|short
10,6.0,14400,272,0.15441176470588236,-1.2209859196445416,-2.1479647959888344,-332.1081701433153,23.540361366297912,-15.920912412998952,5.417940114742303,1.499612696490373,1978.0,0.7794117647058824,0.11029411764705882,0.09926470588235294,0.08088235294117647,0.05514705882352941,0.029411764705882353,0.41893355905757906,selection_x_side:control|short
10,6.0,86400,261,0.04597701149425287,-1.916638370807389,-2.196851586101862,-500.24261478072856,34.44776404311481,-15.920912412998952,10.195559875873508,1.4903526074729883,1688.0,0.9386973180076629,0.038314176245210725,0.038314176245210725,0.038314176245210725,0.038314176245210725,0.02681992337164751,0.21646404134652025,selection_x_side:control|short
3,4.0,900,1972,0.1475659229208925,-1.612747856254032,-2.209109299088359,-3180.338772532951,73.90102200391978,-14.129985315122715,3.6225742848249114,1.7133958732790853,286.5,0.6602434077079108,0.10699797160243407,0.06997971602434078,0.0552738336713996,0.03144016227180527,0.009127789046653144,0.24732510700002658,selection_x_side:extreme|long
3,4.0,3600,1968,0.13414634146341464,-1.6003692963986391,-2.300385710048822,-3149.5267753125217,53.52066520868091,-14.129985315122715,6.926574562645494,1.7137666126181899,284.0,0.8241869918699187,0.1092479674796748,0.08333333333333333,0.06351626016260163,0.043191056910569105,0.018292682926829267,0.32852239751042334,selection_x_side:extreme|long
3,4.0,14400,1968,0.07113821138211382,-1.3894671645836636,-2.3468180088618102,-2734.47137990065,99.20789521304401,-14.129985315122715,12.37270121190261,1.7137666126181899,284.0,0.926829268292683,0.06808943089430894,0.06300813008130081,0.05894308943089431,0.051321138211382115,0.03201219512195122,0.46432293124945223,selection_x_side:extreme|long
3,4.0,86400,1952,0.0194672131147541,-1.4656328992635455,-2.3927252272304433,-2860.915419362441,138.46147519375756,-14.129985315122715,31.3227164418526,1.713178035920196,276.5,0.9805327868852459,0.0194672131147541,0.0194672131147541,0.0194672131147541,0.0194672131147541,0.018442622950819672,0.4656720157084846,selection_x_side:extreme|long
3,6.0,900,576,0.1371527777777778,-1.89977988413524,-2.2890167081899246,-1094.2732132618983,23.279437644674463,-14.129985315122715,3.6021667918507014,1.9974741597387553,363.0,0.6336805555555556,0.08854166666666667,0.057291666666666664,0.04513888888888889,0.026041666666666668,0.010416666666666666,0.19692008837352803,selection_x_side:extreme|long
3,6.0,3600,573,0.11867364746945899,-1.9595353533539797,-2.4079784723246735,-1122.8137574718303,37.58213438642764,-14.129985315122715,6.646698785539404,1.99750785550268,360.0,0.806282722513089,0.09598603839441536,0.06631762652705062,0.05759162303664921,0.034904013961605584,0.019197207678883072,0.252683994725701,selection_x_side:extreme|long
3,6.0,14400,573,0.07155322862129145,-1.742174192516952,-2.461521421528696,-998.2658123122135,81.84802673614078,-14.129985315122715,10.92448717446597,1.99750785550268,360.0,0.924956369982548,0.06631762652705062,0.059336823734729496,0.05410122164048865,0.04886561954624782,0.029668411867364748,0.38896347008576054,selection_x_side:extreme|long
3,6.0,86400,569,0.015817223198594025,-2.3018396018365,-2.5400364147721097,-1309.7467334449684,116.53813904765188,-14.129985315122715,29.57828689292533,1.9985501179670555,354.0,0.984182776801406,0.015817223198594025,0.015817223198594025,0.015817223198594025,0.015817223198594025,0.014059753954305799,0.24272956978286334,selection_x_side:extreme|long
5,4.0,900,1374,0.16448326055312956,-1.5116102777825462,-2.206562750522262,-2076.9525216732186,26.06552464396061,-11.625154219268753,3.604594010779294,1.7168261096392783,330.5,0.6462882096069869,0.12372634643377002,0.08879184861717612,0.06695778748180495,0.04002911208151383,0.011644832605531296,0.2838791445496852,selection_x_side:extreme|long
5,4.0,3600,1370,0.12700729927007298,-1.5710234523915678,-2.294231310846491,-2152.302129776448,46.005958879377495,-11.625154219268753,6.504210841470764,1.7174535049594661,329.0,0.8211678832116789,0.10510948905109489,0.07956204379562044,0.06569343065693431,0.04525547445255475,0.021897810218978103,0.33927010127915436,selection_x_side:extreme|long
5,4.0,14400,1370,0.07518248175182482,-1.4930704261862986,-2.3473239456021298,-2045.5064838752292,84.89977494252655,-11.625154219268753,11.864060875841268,1.7174535049594661,329.0,0.9197080291970803,0.07153284671532846,0.06569343065693431,0.06350364963503649,0.052554744525547446,0.034306569343065696,0.4192975996461858,selection_x_side:extreme|long
5,4.0,86400,1357,0.020633750921149593,-1.8316678298439084,-2.389040044736356,-2485.5732450981836,129.75542155482756,-11.625154219268753,28.341127340678362,1.7195305092836175,309.0,0.9793662490788504,0.020633750921149593,0.020633750921149593,0.020633750921149593,0.01989683124539425,0.01915991156963891,0.3285641061857108,selection_x_side:extreme|long
5,6.0,900,346,0.17052023121387283,-1.694077225620514,-2.220171559550079,-586.1507200646979,17.850835413531836,-10.11090553884836,3.8457759809753673,1.8709796975458624,355.5,0.6329479768786127,0.12427745664739884,0.07514450867052024,0.06069364161849711,0.04046242774566474,0.008670520231213872,0.24151114479153724,selection_x_side:extreme|long
5,6.0,3600,345,0.13623188405797101,-1.8263305895694113,-2.343228181592553,-630.0840534014469,30.683563113445143,-10.11090553884836,6.063825459806475,1.8694245993121128,355.0,0.8,0.11594202898550725,0.08115942028985507,0.06666666666666667,0.04057971014492753,0.020289855072463767,0.266232809480346,selection_x_side:extreme|long
5,6.0,14400,345,0.08985507246376812,-1.8856888313473001,-2.4012990885406587,-650.5626468148185,40.25392438789986,-10.11090553884836,9.047807789449687,1.8694245993121128,355.0,0.9043478260869565,0.08115942028985507,0.07536231884057971,0.06956521739130435,0.057971014492753624,0.02608695652173913,0.29900768839848213,selection_x_side:extreme|long
5,6.0,86400,340,0.023529411764705882,-2.3062547188591394,-2.4634811637491945,-784.1266044121073,74.20173698813544,-10.11090553884836,24.975528287458296,1.879092524416643,333.0,0.9764705882352941,0.023529411764705882,0.023529411764705882,0.023529411764705882,0.020588235294117647,0.014705882352941176,0.20347834855347824,selection_x_side:extreme|long
10,4.0,900,867,0.21107266435986158,-1.3387382296465586,-2.1121425821523876,-1160.6860451035664,26.06552464396061,-14.085865927150154,3.5031331904586396,1.6281583421475576,452.0,0.615916955017301,0.14648212226066898,0.09573241061130335,0.06113033448673587,0.03575547866205306,0.00922722029988466,0.3125723464805844,selection_x_side:extreme|long
10,4.0,3600,863,0.1541135573580533,-1.3842195168168725,-2.2128861444425665,-1194.581443012961,38.89793486101498,-14.085865927150154,6.385693279080431,1.6297986090931347,447.0,0.8018539976825029,0.1332560834298957,0.10196987253765932,0.07879490150637311,0.054461181923522596,0.0220162224797219,0.384948724752442,selection_x_side:extreme|long
10,4.0,14400,860,0.08953488372093023,-1.5073801349544504,-2.2710066170715217,-1296.3469160608274,80.0671629251131,-14.085865927150154,10.733164805536513,1.6321236430892465,445.5,0.9058139534883721,0.08255813953488372,0.07790697674418605,0.07209302325581396,0.05,0.023255813953488372,0.3894985466346939,selection_x_side:extreme|long
10,4.0,86400,848,0.027122641509433963,-1.5875120577594313,-2.294688647752313,-1346.2102249799977,129.75542155482756,-14.085865927150154,26.21834532817214,1.6398657590739492,426.5,0.9716981132075472,0.027122641509433963,0.027122641509433963,0.025943396226415096,0.024764150943396228,0.020047169811320754,0.3982201244414068,selection_x_side:extreme|long
10,6.0,900,182,0.2802197802197802,-0.9412519970723892,-1.668377931592159,-171.30786346717483,18.61940392244062,-6.477732856697458,4.0738934043736394,1.670967936864918,900.0,0.5,0.17032967032967034,0.13186813186813187,0.08791208791208792,0.04395604395604396,0.01098901098901099,0.45490774215642543,selection_x_side:extreme|long
10,6.0,3600,182,0.2087912087912088,-1.13144774891431,-2.152207324736925,-205.92349030240442,32.00464528152296,-13.968005591992037,5.994283126871717,1.670967936864918,909.5,0.7252747252747253,0.19230769230769232,0.13736263736263737,0.1043956043956044,0.08241758241758242,0.027472527472527472,0.47571152225570484,selection_x_side:extreme|long
10,6.0,14400,180,0.15,-1.2353508422962602,-2.2556722556781463,-222.36315161332686,23.351662606525494,-13.968005591992037,8.64399410136156,1.6769859408880063,870.5,0.8388888888888889,0.1388888888888889,0.12222222222222222,0.10555555555555556,0.06666666666666667,0.044444444444444446,0.4811377384694468,selection_x_side:extreme|long
10,6.0,86400,174,0.05172413793103448,-1.1336005992050862,-2.2948640689036606,-197.246504261685,103.81041955995242,-13.968005591992037,21.45255691692128,1.6986467827655714,789.0,0.9482758620689655,0.05172413793103448,0.05172413793103448,0.05172413793103448,0.040229885057471264,0.034482758620689655,0.5755181340134166,selection_x_side:extreme|long
3,4.0,900,2052,0.15789473684210525,-1.5380812021091395,-2.149977774817054,-3156.142626727954,45.095901677391076,-28.444869940877236,3.509767293084149,1.6631194514896603,372.5,0.6232943469785575,0.09941520467836257,0.0682261208576998,0.050682261208576995,0.029239766081871343,0.01023391812865497,0.24750604147892238,selection_x_side:extreme|short
3,4.0,3600,2043,0.17180616740088106,-1.4590519964124637,-2.2241860253725267,-2980.8432286706634,59.59819161919336,-28.444869940877236,7.316694566338269,1.6650738169781822,369.0,0.7782672540381792,0.13215859030837004,0.09838472834067548,0.07733724914341654,0.04747919725893294,0.022515907978463045,0.34987091135217324,selection_x_side:extreme|short
3,4.0,14400,2027,0.11297483966452886,-1.1555659074229894,-2.2699275209188303,-2342.3320943463996,70.32593983902768,-28.444869940877236,16.127491784255355,1.6673499639000942,358.0,0.8717316230883079,0.10212136161815491,0.08485446472619634,0.07449432659102122,0.06265416872224963,0.04193389245189936,0.5254953110809382,selection_x_side:extreme|short
3,4.0,86400,1996,0.07264529058116233,1.8870100714877283,-2.2964532092094325,3766.4721026895054,184.0942047526187,-28.444869940877236,59.95753111503673,1.6691024408671633,337.0,0.9273547094188377,0.07264529058116233,0.07264529058116233,0.07264529058116233,0.07214428857715431,0.07014028056112225,1.735774996473241,selection_x_side:extreme|short
3,6.0,900,612,0.15522875816993464,-1.8262658192115253,-2.211395298757214,-1117.6746813574534,26.111217573980916,-18.028505433090487,3.99601446762179,1.994389761393631,395.5,0.6013071895424836,0.09640522875816994,0.0718954248366013,0.05065359477124183,0.024509803921568627,0.013071895424836602,0.21496450954328283,selection_x_side:extreme|short
3,6.0,3600,611,0.176759410801964,-1.6031438222890328,-2.3072715893300497,-979.5208754185991,31.991753456453115,-18.028505433090487,7.81917066187508,1.9949930099302262,395.0,0.762684124386252,0.1276595744680851,0.09819967266775777,0.08346972176759411,0.054009819967266774,0.031096563011456628,0.36119033382220544,selection_x_side:extreme|short
3,6.0,14400,606,0.12211221122112212,-1.2657339009661281,-2.3589361668455044,-767.0347439854737,39.27147243766924,-18.028505433090487,15.485782442372058,1.9970706518097396,390.0,0.8481848184818482,0.11221122112211221,0.09570957095709572,0.08415841584158416,0.07260726072607261,0.052805280528052806,0.5271984873078926,selection_x_side:extreme|short
3,6.0,86400,600,0.1,2.628413336289013,-2.3834498546298057,1577.0480017734078,130.9371632414119,-18.028505433090487,58.485484450542636,1.9919988964289825,369.5,0.9,0.1,0.1,0.1,0.1,0.09666666666666666,1.9367200593367733,selection_x_side:extreme|short
5,4.0,900,1382,0.17293777134587554,-1.4996232518672927,-2.1991562137144096,-2072.4793340805986,38.341064505830985,-21.994500181806266,3.9760481365886027,1.741815470427111,378.0,0.6215629522431259,0.11722141823444283,0.0824891461649783,0.059334298118668596,0.03473227206946455,0.012301013024602027,0.28294240014752176,selection_x_side:extreme|short
5,4.0,3600,1375,0.17963636363636365,-1.3469430596109249,-2.2941965794851185,-1852.0467069650217,59.59819161919336,-21.994500181806266,7.932751331072758,1.7442784608019515,369.0,0.7738181818181818,0.13745454545454547,0.10618181818181818,0.08727272727272728,0.05527272727272727,0.02690909090909091,0.41529929076911404,selection_x_side:extreme|short
5,4.0,14400,1363,0.11592076302274394,-0.9724848200177382,-2.3278863364501556,-1325.4968096841772,70.32593983902768,-21.994500181806266,17.000607050350208,1.7494658872838629,356.0,0.8664710198092443,0.10344827586206896,0.09244314013206163,0.07850330154071901,0.06603081438004402,0.0491562729273661,0.6103664519939873,selection_x_side:extreme|short
5,4.0,86400,1345,0.0758364312267658,1.9178538405565146,-2.3555689195620317,2579.513415548512,128.21024305025196,-21.994500181806266,58.21084520734201,1.7468430230057952,343.0,0.9241635687732342,0.0758364312267658,0.0758364312267658,0.0758364312267658,0.07434944237918216,0.07211895910780669,1.7290861192703677,selection_x_side:extreme|short
5,6.0,900,397,0.19899244332493704,-1.863231032096945,-2.237938334365626,-739.7027197424871,32.754478225590965,-21.994500181806266,4.392418933484642,2.154513421154692,395.0,0.5994962216624685,0.11586901763224182,0.07556675062972293,0.06297229219143577,0.030226700251889168,0.012594458438287154,0.23717298153282432,selection_x_side:extreme|short
5,6.0,3600,394,0.20558375634517767,-1.2910217786914555,-2.368601813436964,-508.6625808044335,59.59819161919336,-21.994500181806266,8.963621064732314,2.157599533973164,391.5,0.7411167512690355,0.15736040609137056,0.11421319796954314,0.10152284263959391,0.06852791878172589,0.03807106598984772,0.5051529372317644,selection_x_side:extreme|short
5,6.0,14400,393,0.16030534351145037,-0.7671338006853937,-2.426967155769038,-301.48358366935975,38.48807871110429,-21.994500181806266,16.558991055962505,2.1606083564519736,391.0,0.821882951653944,0.1450381679389313,0.12468193384223919,0.11704834605597965,0.09669211195928754,0.07124681933842239,0.7234699130497597,selection_x_side:extreme|short
5,6.0,86400,389,0.12339331619537275,4.003289607792609,-2.4646871308305895,1557.2796574313247,125.50350338336176,-21.994500181806266,55.88874525809675,2.15540308936519,369.0,0.8766066838046273,0.12339331619537275,0.12339331619537275,0.12339331619537275,0.12339331619537275,0.12082262210796915,2.374796823975706,selection_x_side:extreme|short
10,4.0,900,888,0.22635135135135134,-1.1650659011749014,-2.107099923589614,-1034.5785202433124,34.84257695655881,-11.460771018038708,4.277733698915665,1.6648709870179808,584.5,0.5720720720720721,0.15653153153153154,0.10472972972972973,0.07545045045045046,0.038288288288288286,0.018018018018018018,0.3889974692528789,selection_x_side:extreme|short
10,4.0,3600,883,0.20951302378255945,-0.9909807050418566,-2.2107871593694703,-875.0359625519594,59.59819161919336,-11.460771018038708,8.204248207027394,1.6681157653951801,581.0,0.7417893544733862,0.17440543601359004,0.13363533408833522,0.11098527746319366,0.07587768969422423,0.035107587768969425,0.5404954196046422,selection_x_side:extreme|short
10,4.0,14400,875,0.14742857142857144,-0.3972271662936292,-2.25567081008402,-347.57377050692554,70.32593983902768,-11.460771018038708,16.783931850200453,1.6717551837241496,571.0,0.8377142857142857,0.136,0.12,0.10857142857142857,0.088,0.06514285714285714,0.8309605580544904,selection_x_side:extreme|short
10,4.0,86400,853,0.08792497069167643,2.6100622389739225,-2.299731419577413,2226.383089844756,128.21024305025196,-11.460771018038708,56.75214045659575,1.6657684516367983,508.0,0.9120750293083235,0.08675263774912075,0.08675263774912075,0.08675263774912075,0.08675263774912075,0.08558030480656506,2.032221979139229,selection_x_side:extreme|short
10,6.0,900,238,0.24369747899159663,-1.4040235870675994,-2.054858751836955,-334.1576137220887,19.12572947158591,-12.580970701942713,4.170064167773595,1.8717740557398899,652.5,0.5462184873949579,0.15546218487394958,0.1092436974789916,0.08403361344537816,0.046218487394957986,0.008403361344537815,0.33169459781679395,selection_x_side:extreme|short
10,6.0,3600,237,0.2109704641350211,-1.105484279661779,-2.2166027359502527,-261.99977427984163,22.41502582388244,-12.580970701942713,8.346186193508188,1.8784218318637842,651.0,0.7215189873417721,0.17721518987341772,0.12658227848101267,0.11392405063291139,0.08438818565400844,0.04219409282700422,0.5272747607260954,selection_x_side:extreme|short
10,6.0,14400,237,0.1940928270042194,-0.09788229057903945,-2.2385189999368484,-23.19810286723235,38.2159260868741,-12.580970701942713,16.11644409908594,1.8784218318637842,651.0,0.7932489451476793,0.18143459915611815,0.16877637130801687,0.14767932489451477,0.11392405063291139,0.08016877637130802,0.9598735858319771,selection_x_side:extreme|short
10,6.0,86400,232,0.14224137931034483,3.2849134939550533,-2.3011240227446184,762.0999305975723,126.87197648714515,-12.580970701942713,44.935766051492344,1.8555802278268088,609.5,0.853448275862069,0.14224137931034483,0.14224137931034483,0.13793103448275862,0.13793103448275862,0.1336206896551724,2.270609100819005,selection_x_side:extreme|short
3,4.0,900,1796,0.1408685968819599,-1.285472170020213,-1.5687273754813447,-2308.7080173563027,10.665607634231359,-6.890991037879206,1.3406222255922886,1.278643083973472,900.0,0.4354120267260579,0.06848552338530067,0.035634743875278395,0.019487750556792874,0.005567928730512249,0.0005567928730512249,0.1389287433689226,selection_x_vol:control|unknown
3,4.0,3600,1796,0.17093541202672605,-1.269513393437836,-2.1092358784708676,-2280.0460546143536,13.186485159163315,-6.890991037879206,2.674155193375886,1.278643083973472,1301.0,0.6553452115812918,0.11024498886414254,0.07906458797327394,0.05679287305122494,0.026169265033407572,0.0016703786191536749,0.2518139448665112,selection_x_vol:control|unknown
3,4.0,14400,1796,0.12249443207126949,-1.3342636753436183,-2.13690877393229,-2396.3375609171385,23.57954094672333,-6.890991037879206,5.379512588714647,1.278643083973472,1301.0,0.8162583518930958,0.08908685968819599,0.0779510022271715,0.066815144766147,0.04955456570155902,0.0200445434298441,0.32090448745136874,selection_x_vol:control|unknown
3,4.0,86400,1796,0.06959910913140312,-1.0818736008579206,-2.1603150164955283,-1943.0449871408255,58.577873317452806,-6.91768255885851,14.662291110832452,1.278643083973472,1301.0,0.9248329621380846,0.060690423162583516,0.0556792873051225,0.05512249443207127,0.05400890868596882,0.04788418708240535,0.5027110308014362,selection_x_vol:control|unknown
3,6.0,900,630,0.11587301587301588,-1.416460389926592,-1.529108673248891,-892.3700456537529,9.648923537742336,-6.890991037879206,1.298415892151229,1.4202998279582433,900.0,0.3952380952380952,0.05714285714285714,0.03492063492063492,0.015873015873015872,0.0031746031746031746,0.0,0.10961396343412406,selection_x_vol:control|unknown
3,6.0,3600,630,0.1634920634920635,-1.4234385393215063,-2.1111463817589726,-896.766279772549,10.295530412514562,-6.890991037879206,2.490793972448706,1.4202998279582433,1770.5,0.6142857142857143,0.09523809523809523,0.06666666666666667,0.044444444444444446,0.020634920634920634,0.0015873015873015873,0.19684164962825318,selection_x_vol:control|unknown
3,6.0,14400,630,0.1380952380952381,-1.400140904897548,-2.1659350899446044,-882.0887700854552,23.13372218322575,-6.890991037879206,5.107788169340752,1.4202998279582433,1770.5,0.7777777777777778,0.09365079365079365,0.0873015873015873,0.0761904761904762,0.049206349206349205,0.012698412698412698,0.30679475415741414,selection_x_vol:control|unknown
3,6.0,86400,630,0.08412698412698413,-0.9214644681831139,-2.198578654926332,-580.5226149553617,58.577873317452806,-6.91768255885851,13.98907455485967,1.4202998279582433,1770.5,0.9079365079365079,0.0746031746031746,0.07301587301587302,0.07301587301587302,0.06984126984126984,0.06031746031746032,0.5936580132145467,selection_x_vol:control|unknown
5,4.0,900,1188,0.13131313131313133,-1.3355424702378602,-1.6027565668605839,-1586.624454642578,10.665607634231359,-5.597025823336596,1.355938242719969,1.3246902188567504,900.0,0.4234006734006734,0.06060606060606061,0.03535353535353535,0.021043771043771045,0.004208754208754209,0.0008417508417508417,0.12686773554565525,selection_x_vol:control|unknown
5,4.0,3600,1188,0.16582491582491582,-1.309548066282499,-2.1127756718820776,-1555.7431027436087,12.84174432695311,-5.597025823336596,2.629986501811593,1.3246902188567504,1412.0,0.6498316498316499,0.10858585858585859,0.07575757575757576,0.05303030303030303,0.027777777777777776,0.003367003367003367,0.2463645119704712,selection_x_vol:control|unknown
5,4.0,14400,1188,0.13047138047138046,-1.3510872818585657,-2.1552553220428896,-1605.0916908479762,27.693534964441056,-5.597025823336596,5.276282783570111,1.3246902188567504,1412.0,0.8164983164983165,0.09427609427609428,0.08333333333333333,0.0707070707070707,0.04882154882154882,0.01936026936026936,0.3256438548380326,selection_x_vol:control|unknown
5,4.0,86400,1188,0.0723905723905724,-1.05216400174181,-2.1823992059676653,-1249.9708340692703,60.00096427601584,-6.91768255885851,14.040850669644609,1.3246902188567504,1412.0,0.9208754208754208,0.06313131313131314,0.06060606060606061,0.058922558922558925,0.05555555555555555,0.045454545454545456,0.5236562658038617,selection_x_vol:control|unknown
5,6.0,900,376,0.12234042553191489,-1.4949475752285333,-1.544876925917223,-562.1002882859285,4.867840818586929,-8.596186826712321,1.3465885778169742,1.5196458700534732,900.0,0.39095744680851063,0.061170212765957445,0.02925531914893617,0.013297872340425532,0.0,0.0,0.09550101917929293,selection_x_vol:control|unknown
5,6.0,3600,376,0.15691489361702127,-1.5382559528716497,-2.1407316747671956,-578.3842382797403,10.343834718003675,-8.596186826712321,2.4379962412792584,1.5196458700534732,1758.0,0.6117021276595744,0.10638297872340426,0.06382978723404255,0.0398936170212766,0.02127659574468085,0.0026595744680851063,0.18457412367877488,selection_x_vol:control|unknown
5,6.0,14400,376,0.13829787234042554,-1.5580068892999441,-2.2150923433493372,-585.810590376779,22.707124848667707,-8.596186826712321,4.956409826319065,1.5196458700534732,1758.0,0.7898936170212766,0.09308510638297872,0.0851063829787234,0.07446808510638298,0.034574468085106384,0.010638297872340425,0.2649498673641557,selection_x_vol:control|unknown
5,6.0,86400,376,0.07712765957446809,-1.1280974057243633,-2.2880598645304335,-424.1646245523606,60.928822890003175,-8.596186826712321,13.734838009481537,1.5196458700534732,1758.0,0.9175531914893617,0.06648936170212766,0.06648936170212766,0.06648936170212766,0.06382978723404255,0.05319148936170213,0.5284021154340626,selection_x_vol:control|unknown
10,4.0,900,685,0.16642335766423358,-1.2098746497697663,-1.4089414179527078,-828.76413509229,6.915596496138638,-5.597025823336596,1.6138542195543817,1.3621514800644958,900.0,0.37664233576642336,0.08321167883211679,0.04671532846715328,0.02335766423357664,0.004379562043795621,0.0,0.16678612746791258,selection_x_vol:control|unknown
10,4.0,3600,685,0.20875912408759123,-1.2092732228421945,-2.108824255389495,-828.3521576469033,9.847177403447867,-5.597025823336596,2.7561986019212883,1.3621514800644958,1733.0,0.6014598540145986,0.12992700729927006,0.08759124087591241,0.05693430656934306,0.030656934306569343,0.0,0.2812514993027506,selection_x_vol:control|unknown
10,4.0,14400,685,0.14890510948905109,-1.1946359994486093,-2.165173946421305,-818.3256596222974,24.728012375805147,-5.597025823336596,5.39148975002942,1.3621514800644958,1733.0,0.7839416058394161,0.11386861313868613,0.10802919708029197,0.09343065693430656,0.05547445255474453,0.021897810218978103,0.3967286286420405,selection_x_vol:control|unknown
10,4.0,86400,685,0.08321167883211679,-1.0115099097987887,-2.197710906855571,-692.8842882121703,60.928822890003175,-5.597025823336596,14.516616968397761,1.3621514800644958,1733.0,0.9094890510948905,0.07445255474452554,0.072992700729927,0.072992700729927,0.07007299270072993,0.058394160583941604,0.5456550442314295,selection_x_vol:control|unknown
10,6.0,900,193,0.17616580310880828,-1.164901976172868,-1.297452176961052,-224.82608140136352,4.324926369205695,-5.597025823336596,1.6215274809869835,1.4706053385186275,900.0,0.30569948186528495,0.09326424870466321,0.05181347150259067,0.031088082901554404,0.0,0.0,0.1883366391731543,selection_x_vol:control|unknown
10,6.0,3600,193,0.17616580310880828,-1.4117921296066966,-2.109343735589957,-272.47588101409247,5.844417442681122,-5.597025823336596,2.4978179140693753,1.4706053385186275,1919.0,0.616580310880829,0.11917098445595854,0.09326424870466321,0.05181347150259067,0.015544041450777202,0.0,0.21494710869139613,selection_x_vol:control|unknown
10,6.0,14400,193,0.11917098445595854,-1.5655908748583778,-2.1835276895115707,-302.1590388476669,19.017124966416546,-5.597025823336596,4.793151866125038,1.4706053385186275,1919.0,0.8031088082901554,0.09326424870466321,0.08290155440414508,0.07772020725388601,0.03626943005181347,0.010362694300518135,0.25955488878481986,selection_x_vol:control|unknown
10,6.0,86400,193,0.08290155440414508,-1.1952153614085332,-2.204535937556539,-230.6765647518469,55.23437504168995,-5.597025823336596,11.952271097994807,1.4706053385186275,1919.0,0.9067357512953368,0.07253886010362694,0.07253886010362694,0.07253886010362694,0.07253886010362694,0.05699481865284974,0.4858580631814977,selection_x_vol:control|unknown
3,4.0,900,231,0.12987012987012986,-1.8726124442354113,-2.199129951869678,-432.57347461838003,4.624733266191208,-6.261462145029152,1.8986983629323662,1.5802791133338812,312.0,0.6277056277056277,0.06926406926406926,0.030303030303030304,0.008658008658008658,0.0,0.0,0.07712038945083308,selection_x_vol:control|vol_extreme
3,4.0,3600,225,0.08444444444444445,-2.046017848148726,-2.2598766120286524,-460.35401583346334,11.473232490787902,-6.261462145029152,2.9741990838169134,1.5917826534304966,267.0,0.8044444444444444,0.044444444444444446,0.03111111111111111,0.02666666666666667,0.013333333333333334,0.0044444444444444444,0.09081401602611246,selection_x_vol:control|vol_extreme
3,4.0,14400,225,0.06666666666666667,-1.9724912790798277,-2.293059611995608,-443.8105377929612,22.621856524157796,-6.261462145029152,5.418085340108607,1.5917826534304966,267.0,0.9111111111111111,0.06666666666666667,0.057777777777777775,0.05333333333333334,0.044444444444444446,0.008888888888888889,0.18685600254963675,selection_x_vol:control|vol_extreme
3,4.0,86400,220,0.013636363636363636,-2.322662880156111,-2.3356736335226427,-510.9858336343444,39.871593604664916,-6.261462145029152,9.831052097776046,1.5978012531669397,246.5,0.9863636363636363,0.013636363636363636,0.00909090909090909,0.00909090909090909,0.00909090909090909,0.00909090909090909,0.11346006270086822,selection_x_vol:control|vol_extreme
3,6.0,900,69,0.17391304347826086,-1.9483747812563252,-2.3132285019451584,-134.43785990668644,4.624733266191208,-6.115796481410579,2.09073423731438,1.8351047818428052,338.0,0.5942028985507246,0.10144927536231885,0.028985507246376812,0.014492753623188406,0.0,0.0,0.10009474418050744,selection_x_vol:control|vol_extreme
3,6.0,3600,69,0.08695652173913043,-2.2360409509290373,-2.549109619017666,-154.28682561410358,6.091035044972853,-6.115796481410579,3.012692304059492,1.8351047818428052,338.0,0.7391304347826086,0.043478260869565216,0.028985507246376812,0.014492753623188406,0.014492753623188406,0.0,0.06585000661796335,selection_x_vol:control|vol_extreme
3,6.0,14400,69,0.07246376811594203,-2.2727283974317314,-2.5962554154081365,-156.81825942278945,7.327023504140329,-6.115796481410579,5.135224663808276,1.8351047818428052,338.0,0.8985507246376812,0.07246376811594203,0.057971014492753624,0.057971014492753624,0.057971014492753624,0.0,0.14973776091953372,selection_x_vol:control|vol_extreme
3,6.0,86400,66,0.015151515151515152,-2.5310467076480725,-2.6446314371946307,-167.0490827047728,24.02303064051818,-6.115796481410579,9.76740899919028,1.860399595095514,295.0,0.9848484848484849,0.015151515151515152,0.015151515151515152,0.015151515151515152,0.015151515151515152,0.015151515151515152,0.12572756023850318,selection_x_vol:control|vol_extreme
5,4.0,900,158,0.17088607594936708,-1.7361453319765472,-2.23633292733198,-274.31096245229446,8.208296235208039,-6.434983442164044,2.2033767873693106,1.7130896432329161,384.5,0.6139240506329114,0.08860759493670886,0.05063291139240506,0.0379746835443038,0.0189873417721519,0.0,0.14893491773630518,selection_x_vol:control|vol_extreme
5,4.0,3600,157,0.10828025477707007,-1.8691011354011409,-2.30824706532828,-293.4488782579791,11.701357063652486,-6.434983442164044,3.30509972707889,1.716994672807648,380.0,0.7515923566878981,0.07006369426751592,0.05732484076433121,0.044585987261146494,0.03184713375796178,0.012738853503184714,0.16951222828899506,selection_x_vol:control|vol_extreme
5,4.0,14400,157,0.08280254777070063,-1.744895929761839,-2.3549660387712663,-273.9486609726087,21.15076500958699,-6.434983442164044,5.66251973240889,1.716994672807648,380.0,0.8789808917197452,0.07643312101910828,0.07006369426751592,0.06369426751592357,0.050955414012738856,0.03184713375796178,0.2978869249025965,selection_x_vol:control|vol_extreme
5,4.0,86400,152,0.019736842105263157,-1.8009429179919043,-2.465651508271519,-273.74332353476944,50.99734542250466,-6.434983442164044,10.657222343194851,1.7252098786638879,361.5,0.9802631578947368,0.019736842105263157,0.019736842105263157,0.019736842105263157,0.019736842105263157,0.019736842105263157,0.33980487167962253,selection_x_vol:control|vol_extreme
5,6.0,900,40,0.2,-1.8061167286351214,-2.2020101680429915,-72.24466914540486,5.078810972686454,-6.434983442164044,2.4436922899899476,1.93009246812055,544.0,0.55,0.1,0.05,0.05,0.025,0.0,0.14415298639182755,selection_x_vol:control|vol_extreme
5,6.0,3600,40,0.125,-2.07646756822512,-2.4983978958440627,-83.05870272900479,7.560697206223969,-6.434983442164044,3.513760095174306,1.93009246812055,544.0,0.725,0.05,0.05,0.05,0.025,0.0,0.13188595802294947,selection_x_vol:control|vol_extreme
5,6.0,14400,40,0.075,-2.13855627912945,-2.5601838231086784,-85.542251165178,19.995602279534126,-6.434983442164044,4.856785331372295,1.93009246812055,544.0,0.875,0.075,0.05,0.025,0.025,0.025,0.21359610377139587,selection_x_vol:control|vol_extreme
5,6.0,86400,38,0.02631578947368421,-1.615076524603676,-2.7192141674775687,-61.37290793493969,50.99734542250466,-6.434983442164044,10.32319346973352,1.9581360604783755,454.5,0.9736842105263158,0.02631578947368421,0.02631578947368421,0.02631578947368421,0.02631578947368421,0.02631578947368421,0.4538331444380086,selection_x_vol:control|vol_extreme
10,4.0,900,88,0.125,-1.9299427472775383,-2.1210251566565126,-169.83496176042337,2.9222490083170616,-6.434983442164044,2.015150730360991,1.6650319059930867,285.5,0.6590909090909091,0.045454545454545456,0.022727272727272728,0.0,0.0,0.0,0.057991154455178065,selection_x_vol:control|vol_extreme
10,4.0,3600,88,0.10227272727272728,-2.1504478473159465,-2.2689683380859478,-189.2394105638033,5.832440583420242,-6.434983442164044,2.7449968153884416,1.6650319059930867,285.5,0.7727272727272727,0.022727272727272728,0.011363636363636364,0.011363636363636364,0.011363636363636364,0.0,0.060051791006312014,selection_x_vol:control|vol_extreme
10,4.0,14400,88,0.03409090909090909,-2.432767618118985,-2.349551785859351,-214.08355039447068,4.958025096907401,-6.434983442164044,5.122374062731891,1.6650319059930867,285.5,0.8977272727272727,0.03409090909090909,0.022727272727272728,0.011363636363636364,0.0,0.0,0.037811799970715765,selection_x_vol:control|vol_extreme
10,4.0,86400,86,0.011627906976744186,-2.6964303286284883,-2.43414545776362,-231.89300826205,1.318175039250836,-6.434983442164044,9.617027591623565,1.6667272448976886,265.0,0.9883720930232558,0.011627906976744186,0.0,0.0,0.0,0.0,0.005652280566441787,selection_x_vol:control|vol_extreme
10,6.0,900,28,0.2857142857142857,-1.6165471530256554,-1.47647550173379,-45.263320284718354,3.022893770402823,-6.434983442164044,2.358215922392013,1.9492257999283014,900.0,0.4642857142857143,0.07142857142857142,0.03571428571428571,0.03571428571428571,0.0,0.0,0.13273415336488936,selection_x_vol:control|vol_extreme
10,6.0,3600,28,0.21428571428571427,-1.9598461471601116,-2.0383349786489537,-54.87569212048312,3.0806935270665736,-6.434983442164044,2.8167320176275568,1.9492257999283014,1345.0,0.6071428571428571,0.07142857142857142,0.03571428571428571,0.03571428571428571,0.0,0.0,0.1171419053934746,selection_x_vol:control|vol_extreme
10,6.0,14400,28,0.14285714285714285,-2.0939616477991625,-2.4132500686584404,-58.630926138376545,6.758839548033312,-6.434983442164044,4.472651106520861,1.9492257999283014,1345.0,0.8214285714285714,0.10714285714285714,0.10714285714285714,0.07142857142857142,0.07142857142857142,0.0,0.2048827555297296,selection_x_vol:control|vol_extreme
10,6.0,86400,25,0.0,-3.092935497868498,-2.5425333759314435,-77.32338744671246,-1.6307994590676664,-6.434983442164044,7.274856197619183,2.029326427619498,767.0,1.0,0.0,0.0,0.0,0.0,0.0,0.0,selection_x_vol:control|vol_extreme
3,4.0,900,773,0.1500646830530401,-1.4733859490424241,-2.10382905327691,-1138.9273386097939,8.92093027812651,-15.88579686628347,1.8298923038518289,1.4355505416439178,819.0,0.5161707632600259,0.07503234152652005,0.04398447606727038,0.02199223803363519,0.009055627425614488,0.0,0.1430451463482364,selection_x_vol:control|vol_high
3,4.0,3600,771,0.1543450064850843,-1.5869343740742285,-2.1251564424114817,-1223.5264024112303,10.729949966850862,-15.88579686628347,3.333640916823568,1.4362201260969854,806.0,0.7172503242542153,0.10635538261997406,0.0622568093385214,0.038910505836575876,0.020752269779507133,0.0038910505836575876,0.19285796979498399,selection_x_vol:control|vol_high
3,4.0,14400,760,0.11578947368421053,-1.6555631560086774,-2.1820001101993274,-1258.2279985665948,22.956407569378776,-15.88579686628347,6.449106299083245,1.4399255231323043,780.5,0.8697368421052631,0.0881578947368421,0.07368421052631578,0.056578947368421055,0.038157894736842106,0.017105263157894738,0.25220644941786635,selection_x_vol:control|vol_high
3,4.0,86400,743,0.021534320323014805,-2.015721670181713,-2.2158910582495133,-1497.6812009450127,55.3490946997055,-15.88579686628347,12.069971676616358,1.442921235253368,737.0,0.9771197846567967,0.014804845222072678,0.012113055181695828,0.012113055181695828,0.012113055181695828,0.012113055181695828,0.18478100677336887,selection_x_vol:control|vol_high
3,6.0,900,237,0.1308016877637131,-1.9233359280397573,-2.133926513439746,-455.8306149454225,8.92093027812651,-15.88579686628347,1.9328191134072061,1.7995942470302293,695.0,0.5485232067510548,0.05485232067510549,0.029535864978902954,0.02531645569620253,0.004219409282700422,0.0,0.09173712473781946,selection_x_vol:control|vol_high
3,6.0,3600,236,0.11864406779661017,-2.128047561541051,-2.275841619895338,-502.219224523688,9.21845758909646,-15.88579686628347,3.302269619566868,1.8016854684037251,688.0,0.7542372881355932,0.08050847457627118,0.0423728813559322,0.029661016949152543,0.0211864406779661,0.0,0.11722539851738406,selection_x_vol:control|vol_high
3,6.0,14400,232,0.07327586206896551,-2.192205574082313,-2.3758737846661306,-508.59169318709667,17.54257340235682,-15.88579686628347,5.89019912923572,1.8124766805551897,669.5,0.9008620689655172,0.0603448275862069,0.05603448275862069,0.05172413793103448,0.03879310344827586,0.017241379310344827,0.17740102060307564,selection_x_vol:control|vol_high
3,6.0,86400,225,0.013333333333333334,-2.8632193404512227,-2.401541370975971,-644.2243516015251,1.4466991222562755,-15.88579686628347,11.465073890963685,1.819520276122789,590.0,0.9866666666666667,0.0044444444444444444,0.0,0.0,0.0,0.0,0.0033089715067180082,selection_x_vol:control|vol_high
5,4.0,900,517,0.1470019342359768,-1.5969126455147802,-2.103859827715225,-825.6038377311413,8.92093027812651,-15.920912412998952,1.8840124742138857,1.5522831019997894,837.0,0.5067698259187621,0.07543520309477757,0.03868471953578337,0.019342359767891684,0.007736943907156673,0.0,0.12803235036991967,selection_x_vol:control|vol_high
5,4.0,3600,516,0.1434108527131783,-1.7329066718370414,-2.159768236761667,-894.1798426679134,10.234203858490243,-15.920912412998952,3.252598432485996,1.5531596196393238,828.0,0.7248062015503876,0.10465116279069768,0.0562015503875969,0.03875968992248062,0.025193798449612403,0.001937984496124031,0.1741176031392142,selection_x_vol:control|vol_high
5,4.0,14400,508,0.0984251968503937,-1.693952216402191,-2.2075653350048867,-860.527725932313,22.956407569378776,-15.920912412998952,6.1447503763952165,1.5556772293876364,805.5,0.8818897637795275,0.07874015748031496,0.0688976377952756,0.0610236220472441,0.04921259842519685,0.027559055118110236,0.2786286000430967,selection_x_vol:control|vol_high
5,4.0,86400,493,0.02028397565922921,-2.077589634060489,-2.249366143534635,-1024.251689591821,55.3490946997055,-15.920912412998952,11.888408015998616,1.5576780084020645,737.0,0.9776876267748479,0.014198782961460446,0.012170385395537525,0.012170385395537525,0.012170385395537525,0.012170385395537525,0.1941131493178108,selection_x_vol:control|vol_high
5,6.0,900,161,0.13664596273291926,-2.0232318619708374,-2.1960548727365903,-325.7403297773048,8.92093027812651,-15.920912412998952,2.2309617467699554,2.061626107832141,682.0,0.5403726708074534,0.08074534161490683,0.043478260869565216,0.031055900621118012,0.012422360248447204,0.0,0.1191021428865664,selection_x_vol:control|vol_high
5,6.0,3600,160,0.125,-2.232542817849898,-2.3646899174603684,-357.2068508559837,9.015060113695403,-15.920912412998952,3.4024202621065918,2.0663483584880593,655.0,0.73125,0.09375,0.05625,0.04375,0.025,0.0,0.1256896974596884,selection_x_vol:control|vol_high
5,6.0,14400,159,0.0880503144654088,-2.274813442671151,-2.4580460419319983,-361.69533738471296,18.27047096927251,-15.920912412998952,6.166356942952697,2.061141037760172,628.0,0.8867924528301887,0.07547169811320754,0.06289308176100629,0.06289308176100629,0.050314465408805034,0.018867924528301886,0.1975894136229938,selection_x_vol:control|vol_high
5,6.0,86400,154,0.025974025974025976,-2.652319192404011,-2.520880144218843,-408.4571556302177,37.88167898712932,-15.920912412998952,11.294761909908502,2.080583530734971,594.5,0.974025974025974,0.01948051948051948,0.012987012987012988,0.012987012987012988,0.012987012987012988,0.012987012987012988,0.13123793597024266,selection_x_vol:control|vol_high
10,4.0,900,305,0.2,-1.4817600093135062,-1.9891979128605732,-451.93680284061935,8.375479708532055,-15.920912412998952,2.231777284330912,1.5951511264223797,900.0,0.49508196721311476,0.10163934426229508,0.04262295081967213,0.01639344262295082,0.009836065573770493,0.0,0.16544149443669867,selection_x_vol:control|vol_high
10,4.0,3600,304,0.16776315789473684,-1.699984477082338,-2.1556587153811297,-516.7952810330307,16.866138043305074,-15.920912412998952,3.4978911732507476,1.5961020643287522,911.0,0.7203947368421053,0.12828947368421054,0.0625,0.02631578947368421,0.009868421052631578,0.003289473684210526,0.18400355738090157,selection_x_vol:control|vol_high
10,4.0,14400,302,0.09602649006622517,-1.8594527344640925,-2.2227979578456702,-561.5547258081559,18.67585537567485,-15.920912412998952,6.336574538931306,1.5981049003882943,874.0,0.8774834437086093,0.08278145695364239,0.06622516556291391,0.059602649006622516,0.04304635761589404,0.016556291390728478,0.21801602791691238,selection_x_vol:control|vol_high
10,4.0,86400,289,0.01730103806228374,-2.3137306583130077,-2.2641192265299566,-668.6681602524592,44.96720603591549,-15.920912412998952,11.69432967845447,1.600161915705368,795.0,0.9792387543252595,0.01730103806228374,0.01384083044982699,0.01384083044982699,0.01384083044982699,0.010380622837370242,0.11744132573429109,selection_x_vol:control|vol_high
10,6.0,900,89,0.20224719101123595,-1.6319996867587687,-1.6091352978647628,-145.2479721215304,8.375479708532055,-15.920912412998952,2.703130805214219,1.9608589318320688,900.0,0.43820224719101125,0.11235955056179775,0.06741573033707865,0.033707865168539325,0.02247191011235955,0.0,0.19015886783267452,selection_x_vol:control|vol_high
10,6.0,3600,88,0.19318181818181818,-1.724495698688289,-2.1642580930071107,-151.75562148456942,16.866138043305074,-15.920912412998952,4.068766399792083,1.9706414196937965,1160.0,0.7272727272727273,0.13636363636363635,0.09090909090909091,0.06818181818181818,0.03409090909090909,0.022727272727272728,0.2881277995119203,selection_x_vol:control|vol_high
10,6.0,14400,88,0.11363636363636363,-2.1311280519119435,-2.2164574113748405,-187.53926856825103,15.955900195104345,-15.920912412998952,6.253200667282067,1.9706414196937965,1160.0,0.8409090909090909,0.10227272727272728,0.09090909090909091,0.06818181818181818,0.03409090909090909,0.011363636363636364,0.1982107391461263,selection_x_vol:control|vol_high
10,6.0,86400,86,0.046511627906976744,-1.8786261490243181,-2.35942655050515,-161.56184881609136,44.96720603591549,-15.920912412998952,11.186376236198807,1.9663526667787998,1117.5,0.9418604651162791,0.046511627906976744,0.046511627906976744,0.046511627906976744,0.046511627906976744,0.03488372093023256,0.34899273515156803,selection_x_vol:control|vol_high
3,4.0,900,2842,0.11928219563687543,-1.2287269345384857,-1.4030294155164382,-3492.0419479583766,10.989757077758728,-5.707203126181184,1.109051649356369,1.2137940404741425,900.0,0.3610133708655876,0.04785362420830401,0.02287121745249824,0.015130190007037298,0.005629838142153413,0.0007037297677691766,0.11367073963817895,selection_x_vol:control|vol_normal
3,4.0,3600,2804,0.1572753209700428,-1.2749232542385374,-2.106518102549406,-3574.884804884859,17.408033217815138,-10.0797706118626,2.206292232174575,1.214418418397836,1863.0,0.6208987161198288,0.09807417974322397,0.0631241084165478,0.039586305278174035,0.01747503566333809,0.0028530670470756064,0.21930772935911305,selection_x_vol:control|vol_normal
3,4.0,14400,2755,0.13502722323049002,-1.212041182131687,-2.1204842040510306,-3339.1734567727976,34.88111885533063,-10.0797706118626,4.741179137265062,1.2153066341728616,1789.0,0.8188747731397459,0.11433756805807622,0.094010889292196,0.07150635208711434,0.047186932849364795,0.019600725952813067,0.3632093694624983,selection_x_vol:control|vol_normal
3,4.0,86400,2575,0.023689320388349516,-1.9764820293128558,-2.1466334905797066,-5089.441225480604,45.870883233982504,-10.0797706118626,12.424538897106034,1.2190999492902195,1486.0,0.9755339805825243,0.022524271844660194,0.02058252427184466,0.018640776699029128,0.014757281553398059,0.007766990291262136,0.1126118901583784,selection_x_vol:control|vol_normal
3,6.0,900,1089,0.09641873278236915,-1.3779919628992794,-1.4155132252756886,-1500.6332475973152,5.429402859795164,-5.707203126181184,1.016732684862139,1.3161717920009528,900.0,0.35537190082644626,0.04132231404958678,0.01652892561983471,0.011937557392102846,0.0009182736455463728,0.0,0.07965604280343974,selection_x_vol:control|vol_normal
3,6.0,3600,1073,0.14818266542404473,-1.4118791085134637,-2.1073581299618778,-1514.9462834349465,11.275609206803999,-5.707203126181184,2.007547003889414,1.3178814553426415,1990.0,0.587138863000932,0.08574091332712022,0.05125815470643057,0.02702702702702703,0.011183597390493943,0.0009319664492078285,0.16631232511691554,selection_x_vol:control|vol_normal
3,6.0,14400,1046,0.13862332695984703,-1.354613450682235,-2.1382792680837737,-1416.9256694136177,23.783893471961978,-5.707203126181184,4.246934745042628,1.320368455418471,1857.5,0.7944550669216062,0.1118546845124283,0.09464627151051626,0.06692160611854685,0.04110898661567878,0.015296367112810707,0.30909760482918397,selection_x_vol:control|vol_normal
3,6.0,86400,968,0.01859504132231405,-2.2256992981260235,-2.188347489509011,-2154.4769205859907,17.579297028474812,-5.707203126181184,11.208354043246196,1.329034715068131,1447.5,0.9803719008264463,0.01756198347107438,0.015495867768595042,0.014462809917355372,0.009297520661157025,0.0030991735537190084,0.052000287257274846,selection_x_vol:control|vol_normal
5,4.0,900,1928,0.12396265560165975,-1.2263407814083458,-1.359511642533096,-2364.3850265552906,10.438738597884884,-4.76381723715625,1.1439238746299007,1.2502289905799624,900.0,0.345954356846473,0.05134854771784232,0.02437759336099585,0.014004149377593362,0.00466804979253112,0.0005186721991701245,0.11337847497334806,selection_x_vol:control|vol_normal
5,4.0,3600,1902,0.16561514195583596,-1.2598122827569294,-2.106547435759615,-2396.1629618036795,17.408033217815138,-5.970601467575326,2.210608699366617,1.2516318371308315,2160.5,0.5962145110410094,0.10042060988433228,0.061514195583596214,0.03943217665615142,0.014721345951629864,0.0026288117770767614,0.21929365016091892,selection_x_vol:control|vol_normal
5,4.0,14400,1860,0.14677419354838708,-1.2309751868319045,-2.1310927810858438,-2289.6138475073426,30.06607388324944,-5.970601467575326,4.693158151128221,1.2532000693152308,1982.0,0.7973118279569893,0.12419354838709677,0.09462365591397849,0.06881720430107527,0.0456989247311828,0.016666666666666666,0.3498542819180727,selection_x_vol:control|vol_normal
5,4.0,86400,1727,0.021424435437174292,-2.0646418533361595,-2.1652509682178835,-3565.6364807115474,45.870883233982504,-5.970601467575326,12.302888110012512,1.2576175923369122,1624.0,0.9779965257672264,0.019687319050376375,0.01795020266357846,0.016213086276780544,0.012738853503184714,0.0052113491603937466,0.08951814004891562,selection_x_vol:control|vol_normal
5,6.0,900,650,0.11384615384615385,-1.3642265186945997,-1.446880581756247,-886.7472371514898,8.053385522659632,-4.76381723715625,1.1255780173621057,1.3681942303778296,900.0,0.35846153846153844,0.047692307692307694,0.021538461538461538,0.012307692307692308,0.003076923076923077,0.0,0.0946294942290241,selection_x_vol:control|vol_normal
5,6.0,3600,644,0.15372670807453417,-1.3635386407133938,-2.107245928000882,-878.1188846194256,17.408033217815138,-10.0797706118626,2.115422321672155,1.369315086832408,2191.0,0.5745341614906833,0.09161490683229814,0.06055900621118013,0.03571428571428571,0.015527950310559006,0.003105590062111801,0.203931599416705,selection_x_vol:control|vol_normal
5,6.0,14400,626,0.14057507987220447,-1.3258273352640748,-2.150544535537665,-829.9679118753108,30.06607388324944,-10.0797706118626,4.278254585426928,1.3771091328507823,1961.5,0.7795527156549521,0.10862619808306709,0.08945686900958466,0.07028753993610223,0.04792332268370607,0.012779552715654952,0.3334266049059938,selection_x_vol:control|vol_normal
5,6.0,86400,578,0.025951557093425604,-2.2018423874349002,-2.214877185714532,-1272.6648999373724,42.738901979367846,-10.0797706118626,10.77199470996569,1.3763264018125951,1575.0,0.972318339100346,0.02249134948096886,0.01903114186851211,0.015570934256055362,0.00865051903114187,0.0034602076124567475,0.0779055280914115,selection_x_vol:control|vol_normal
10,4.0,900,1079,0.13901760889712697,-1.1453611608691099,-1.3065227102346162,-1235.8446925777696,10.438738597884884,-9.436412582861346,1.2893853225444396,1.273120051469896,900.0,0.3132530120481928,0.061167747914735865,0.03243744207599629,0.019462465245597776,0.004633920296570899,0.0009267840593141798,0.1457724312059201,selection_x_vol:control|vol_normal
10,4.0,3600,1065,0.1784037558685446,-1.1718194512855804,-2.1055905863043396,-1247.987715619143,17.408033217815138,-9.588719628346349,2.3558948613268678,1.2733368502688014,2399.0,0.5671361502347417,0.11267605633802817,0.07793427230046948,0.04976525821596244,0.01784037558685446,0.0028169014084507044,0.26486900284950926,selection_x_vol:control|vol_normal
10,4.0,14400,1035,0.15845410628019324,-1.0965353492870753,-2.1312542381256363,-1134.9140865121228,30.06607388324944,-9.588719628346349,4.87703784572146,1.273407627850509,2239.0,0.7777777777777778,0.13043478260869565,0.1072463768115942,0.08019323671497584,0.05410628019323672,0.020289855072463767,0.41926592260795176,selection_x_vol:control|vol_normal
10,4.0,86400,960,0.026041666666666668,-2.04556937955277,-2.1731651613044796,-1963.7466043706593,45.870883233982504,-9.588719628346349,12.098805078234655,1.2735735241948898,1894.5,0.9708333333333333,0.021875,0.019791666666666666,0.01875,0.011458333333333333,0.00625,0.10768877362491974,selection_x_vol:control|vol_normal
10,6.0,900,300,0.14333333333333334,-1.2243618229364173,-1.34255285081812,-367.3085468809252,4.961976534845663,-4.504529736764356,1.4564104984603745,1.396146586504047,900.0,0.30333333333333334,0.07333333333333333,0.023333333333333334,0.016666666666666666,0.0,0.0,0.13309983259123748,selection_x_vol:control|vol_normal
10,6.0,3600,299,0.1939799331103679,-1.2250240134891377,-2.105781515322932,-366.2821800332522,13.61061012356485,-9.354722943229135,2.4667680902332996,1.3978443922062527,2440.0,0.5618729096989966,0.11371237458193979,0.07357859531772576,0.046822742474916385,0.023411371237458192,0.006688963210702341,0.2719749460097473,selection_x_vol:control|vol_normal
10,6.0,14400,287,0.18466898954703834,-0.9674717525658081,-2.149580579889478,-277.66439298638693,23.540361366297912,-9.354722943229135,4.784233064282633,1.407384617137691,2236.0,0.7421602787456446,0.13240418118466898,0.1254355400696864,0.09059233449477352,0.07317073170731707,0.027874564459930314,0.5021138022325924,selection_x_vol:control|vol_normal
10,6.0,86400,263,0.019011406844106463,-2.21750008904642,-2.231718525707743,-583.2025234192084,34.44776404311481,-9.354722943229135,9.717215273533085,1.4012423532398834,1898.0,0.9695817490494296,0.011406844106463879,0.011406844106463879,0.011406844106463879,0.0076045627376425855,0.0076045627376425855,0.08883757166738271,selection_x_vol:control|vol_normal
3,4.0,900,1533,0.1415525114155251,-1.4015577294875445,-2.103935697285339,-2148.587999304406,15.690621412740608,-7.463253303660872,2.0210179401143016,1.3933304617872935,776.0,0.5296803652968036,0.08023483365949119,0.050880626223091974,0.03261578604044357,0.01304631441617743,0.0006523157208088715,0.17025067644936973,selection_x_vol:extreme|unknown
3,4.0,3600,1533,0.19373776908023482,-1.241605928170427,-2.1278297132927837,-1903.3818878852646,23.77582430777219,-7.463253303660872,4.3258508529722794,1.3933304617872935,776.0,0.7240704500978473,0.14220482713633398,0.09262883235485975,0.06653620352250489,0.03457273320287019,0.012393998695368558,0.3405051163394095,selection_x_vol:extreme|unknown
3,4.0,14400,1533,0.11480756686236138,-1.0398709101043735,-2.1656959417588566,-1594.1221051900047,70.32593983902768,-7.463253303660872,9.805510622460007,1.3933304617872935,776.0,0.8669275929549902,0.1004566210045662,0.08741030658838878,0.07632093933463796,0.06588388780169602,0.037834311806914545,0.5148669020480988,selection_x_vol:extreme|unknown
3,4.0,86400,1533,0.06457925636007827,1.2737545072391108,-2.18631316776459,1952.6656595975567,184.0942047526187,-7.463253303660872,43.38850397710026,1.3933304617872935,776.0,0.9354207436399217,0.06457925636007827,0.06457925636007827,0.06457925636007827,0.0639269406392694,0.06131767775603392,1.5542141355339185,selection_x_vol:extreme|unknown
3,6.0,900,469,0.14498933901918976,-1.56596265615691,-1.930828880022255,-734.4364857375908,6.885012197068871,-7.595225036398501,1.8395765105525497,1.539050244564038,900.0,0.47121535181236673,0.07249466950959488,0.031982942430703626,0.014925373134328358,0.0021321961620469083,0.0,0.11030148062304528,selection_x_vol:extreme|unknown
3,6.0,3600,469,0.1791044776119403,-1.441722105644317,-2.168740108718064,-676.1676675471847,21.7032271897661,-7.595225036398501,3.6965014119179767,1.539050244564038,1083.0,0.7164179104477612,0.12366737739872068,0.07249466950959488,0.05543710021321962,0.0255863539445629,0.014925373134328358,0.2839254346373933,selection_x_vol:extreme|unknown
3,6.0,14400,469,0.09594882729211088,-1.3217458515536271,-2.2281821870352405,-619.8988043786511,39.27147243766924,-7.595225036398501,8.258803648049089,1.539050244564038,1083.0,0.8699360341151386,0.08102345415778252,0.07249466950959488,0.06183368869936034,0.05543710021321962,0.03411513859275053,0.42278403482538707,selection_x_vol:extreme|unknown
3,6.0,86400,469,0.07036247334754797,0.7658330496336853,-2.239521628421147,359.1757002781984,130.9371632414119,-7.595225036398501,40.16430029948993,1.539050244564038,1083.0,0.929637526652452,0.07036247334754797,0.07036247334754797,0.07036247334754797,0.07036247334754797,0.06609808102345416,1.3162830023445011,selection_x_vol:extreme|unknown
5,4.0,900,1043,0.15532118887823587,-1.343048200566054,-2.10495733253493,-1400.7992731903944,15.690621412740608,-7.463253303660872,2.231355560802955,1.4320864215857176,706.0,0.5263662511984659,0.0987535953978907,0.06519654841802493,0.037392138063279005,0.019175455417066157,0.0028763183125599234,0.21235212778920112,selection_x_vol:extreme|unknown
5,4.0,3600,1043,0.1850431447746884,-1.2156111987431375,-2.1590459095454655,-1267.8824802890924,52.02032207692196,-7.463253303660872,4.5658593882438705,1.4320864215857176,706.0,0.7305848513902206,0.1342281879194631,0.08916586768935762,0.07094918504314478,0.038350910834132314,0.01725790987535954,0.37244070092569503,selection_x_vol:extreme|unknown
5,4.0,14400,1043,0.10930009587727708,-1.0560472184509933,-2.193957480361286,-1101.457248844386,70.32593983902768,-7.463253303660872,9.816332706051384,1.4320864215857176,706.0,0.8705656759348035,0.09300095877277086,0.08533077660594439,0.06999041227229147,0.061361457334611694,0.039309683604985615,0.5182771672368627,selection_x_vol:extreme|unknown
5,4.0,86400,1043,0.06327900287631831,1.1604700529053902,-2.2162467770768113,1210.370265180322,129.75542155482756,-7.463253303660872,40.70110037729969,1.4320864215857176,706.0,0.9367209971236817,0.06327900287631831,0.06327900287631831,0.06327900287631831,0.061361457334611694,0.059443911792905084,1.4964560886615035,selection_x_vol:extreme|unknown
5,6.0,900,290,0.1724137931034483,-1.6176549448320865,-2.1311912695511777,-469.11993400130507,6.885012197068871,-7.595225036398501,2.0527281540722586,1.59365403906038,708.0,0.5344827586206896,0.09310344827586207,0.034482758620689655,0.02413793103448276,0.006896551724137931,0.0,0.13739958252632736,selection_x_vol:extreme|unknown
5,6.0,3600,290,0.20344827586206896,-1.30067955273271,-2.1957570454531528,-377.1970702924859,30.548699418418135,-7.595225036398501,3.9725342228331595,1.59365403906038,708.0,0.7241379310344828,0.14482758620689656,0.09310344827586207,0.07586206896551724,0.03793103448275862,0.013793103448275862,0.3635588666122476,selection_x_vol:extreme|unknown
5,6.0,14400,290,0.1310344827586207,-1.0397254171710726,-2.2517932618715513,-301.5203709796111,38.2159260868741,-7.595225036398501,8.706533571015955,1.59365403906038,708.0,0.8448275862068966,0.11379310344827587,0.09655172413793103,0.08275862068965517,0.07241379310344828,0.04482758620689655,0.5420411066370165,selection_x_vol:extreme|unknown
5,6.0,86400,290,0.08620689655172414,2.0112674044494736,-2.276541215710606,583.2675472903474,125.50350338336176,-7.595225036398501,42.354099348285416,1.59365403906038,708.0,0.9137931034482759,0.08620689655172414,0.08620689655172414,0.08620689655172414,0.08275862068965517,0.08275862068965517,1.8289426776063695,selection_x_vol:extreme|unknown
10,4.0,900,638,0.18181818181818182,-1.3288651761536143,-2.1033334236960424,-847.815982386006,11.836623312409232,-7.463253303660872,2.3997072877657577,1.4166246204620783,751.0,0.5329153605015674,0.11128526645768025,0.061128526645768025,0.029780564263322883,0.014106583072100314,0.003134796238244514,0.2048386168370092,selection_x_vol:extreme|unknown
10,4.0,3600,638,0.1896551724137931,-1.2094037351262503,-2.1507703130473006,-771.5995830105477,19.780022468681317,-7.463253303660872,4.551348454455057,1.4166246204620783,751.0,0.7335423197492164,0.14106583072100312,0.09561128526645768,0.06896551724137931,0.03761755485893417,0.018808777429467086,0.36756000744941325,selection_x_vol:extreme|unknown
10,4.0,14400,638,0.11598746081504702,-0.9572908144060919,-2.1911004832708567,-610.7515395910866,70.32593983902768,-7.463253303660872,9.478641441031987,1.4166246204620783,751.0,0.8620689655172413,0.10188087774294671,0.08934169278996865,0.07366771159874608,0.05329153605015674,0.03605015673981191,0.5553488779404687,selection_x_vol:extreme|unknown
10,4.0,86400,638,0.07366771159874608,1.7670278364124858,-2.2099861714288194,1127.363759631166,129.75542155482756,-7.463253303660872,40.761445444211326,1.4166246204620783,751.0,0.9263322884012539,0.07366771159874608,0.07366771159874608,0.07366771159874608,0.07210031347962383,0.07053291536050156,1.7728510277597191,selection_x_vol:extreme|unknown
10,6.0,900,147,0.19047619047619047,-1.4663361811064473,-1.8621870624474526,-215.55141862264776,7.1184470711268455,-10.761079908651181,2.4966467891845494,1.617059177104542,900.0,0.4965986394557823,0.10204081632653061,0.06802721088435375,0.034013605442176874,0.02040816326530612,0.0,0.19706361779387838,selection_x_vol:extreme|unknown
10,6.0,3600,147,0.19047619047619047,-1.1364599831825921,-2.162644406712761,-167.05961752784103,17.76239807464377,-10.761079908651181,4.7119581955035,1.617059177104542,919.0,0.7074829931972789,0.1564625850340136,0.10204081632653061,0.07482993197278912,0.05442176870748299,0.04081632653061224,0.4506846457659315,selection_x_vol:extreme|unknown
10,6.0,14400,147,0.1564625850340136,-0.3842530556938478,-2.228054869135734,-56.48519918699563,38.2159260868741,-10.761079908651181,10.418594134889906,1.617059177104542,919.0,0.8231292517006803,0.14285714285714285,0.12244897959183673,0.09523809523809523,0.06802721088435375,0.061224489795918366,0.8288947947908564,selection_x_vol:extreme|unknown
10,6.0,86400,147,0.11564625850340136,2.5918913554579506,-2.239521628421147,381.00802925231875,126.87197648714515,-10.761079908651181,41.4593013896342,1.617059177104542,919.0,0.8843537414965986,0.11564625850340136,0.11564625850340136,0.11564625850340136,0.10884353741496598,0.10204081632653061,2.0969794202774397,selection_x_vol:extreme|unknown
3,4.0,900,251,0.09163346613545817,-3.2162955963712743,-3.265678580573959,-807.2901946891899,45.095901677391076,-28.444869940877236,11.069367954050707,3.2277299132641772,21.0,0.8884462151394422,0.08366533864541832,0.0796812749003984,0.07171314741035857,0.04780876494023904,0.0199203187250996,0.20562568978972193,selection_x_vol:extreme|vol_extreme
3,4.0,3600,251,0.07569721115537849,-3.3628328152837326,-3.3657135742055013,-844.0710366362168,51.20445207868692,-28.444869940877236,20.48058573182488,3.2277299132641772,21.0,0.9243027888446215,0.07569721115537849,0.07171314741035857,0.05976095617529881,0.0398406374501992,0.0199203187250996,0.19007376892933092,selection_x_vol:extreme|vol_extreme
3,4.0,14400,251,0.05179282868525897,-2.9785305389797965,-3.4073149708040193,-747.6111652839289,52.37336365703355,-28.444869940877236,29.283133199237607,3.2277299132641772,21.0,0.9482071713147411,0.05179282868525897,0.04780876494023904,0.04780876494023904,0.043824701195219126,0.035856573705179286,0.29409969539397784,selection_x_vol:extreme|vol_extreme
3,4.0,86400,251,0.0398406374501992,-1.7304102899654576,-3.4495795459453533,-434.33298278132986,121.18951224181379,-28.444869940877236,57.36554098897353,3.2277299132641772,21.0,0.9601593625498008,0.0398406374501992,0.0398406374501992,0.0398406374501992,0.0398406374501992,0.03187250996015936,0.5941237187728542,selection_x_vol:extreme|vol_extreme
3,6.0,900,85,0.047058823529411764,-4.193747069032859,-3.9362073871787904,-356.46850086779295,20.642531904471394,-18.028505433090487,11.741286507392102,3.9350337395312702,13.0,0.9058823529411765,0.047058823529411764,0.047058823529411764,0.047058823529411764,0.047058823529411764,0.03529411764705882,0.14409740139473848,selection_x_vol:extreme|vol_extreme
3,6.0,3600,85,0.058823529411764705,-4.621452169080265,-3.9362073871787904,-392.82343437182254,11.641891538050173,-18.028505433090487,19.40949207947662,3.9350337395312702,13.0,0.9411764705882353,0.058823529411764705,0.058823529411764705,0.058823529411764705,0.023529411764705882,0.011764705882352941,0.0717489330741909,selection_x_vol:extreme|vol_extreme
3,6.0,14400,85,0.058823529411764705,-3.540691457838252,-3.9362073871787904,-300.9587739162514,52.37336365703355,-18.028505433090487,25.36397903386789,3.9350337395312702,13.0,0.9411764705882353,0.058823529411764705,0.047058823529411764,0.047058823529411764,0.047058823529411764,0.03529411764705882,0.28882729861779666,selection_x_vol:extreme|vol_extreme
3,6.0,86400,85,0.047058823529411764,-3.863765226021063,-4.042270845046249,-328.42004421179035,39.03286022179611,-18.028505433090487,54.570117652636945,3.9350337395312702,13.0,0.9529411764705882,0.047058823529411764,0.047058823529411764,0.047058823529411764,0.047058823529411764,0.03529411764705882,0.23132468658583288,selection_x_vol:extreme|vol_extreme
5,4.0,900,191,0.14136125654450263,-2.6674760980588132,-2.96861418656461,-509.48793472923336,38.341064505830985,-21.994500181806266,9.741204928071161,2.9883699676728774,50.0,0.8324607329842932,0.13612565445026178,0.1256544502617801,0.10471204188481675,0.06806282722513089,0.02617801047120419,0.2621709335976849,selection_x_vol:extreme|vol_extreme
5,4.0,3600,191,0.1099476439790576,-2.8369185427339696,-3.107011115025501,-541.8514416621882,26.650945060441337,-21.994500181806266,17.417332568403143,2.9883699676728774,50.0,0.8848167539267016,0.1099476439790576,0.08376963350785341,0.06806282722513089,0.05235602094240838,0.031413612565445025,0.23586765223482084,selection_x_vol:extreme|vol_extreme
5,4.0,14400,191,0.06282722513089005,-2.909401861280687,-3.1515574963139845,-555.6957555046113,34.41404554682039,-21.994500181806266,27.44194995985882,2.9883699676728774,50.0,0.9319371727748691,0.06282722513089005,0.06282722513089005,0.05759162303664921,0.05235602094240838,0.04712041884816754,0.24208611746806613,selection_x_vol:extreme|vol_extreme
5,4.0,86400,191,0.05759162303664921,-2.2100392492305434,-3.1605106290385567,-422.1174966030338,73.4573161713014,-21.994500181806266,50.265916543261,2.9883699676728774,50.0,0.9424083769633508,0.05759162303664921,0.05759162303664921,0.05759162303664921,0.05235602094240838,0.041884816753926704,0.42880431932417684,selection_x_vol:extreme|vol_extreme
5,6.0,900,63,0.1111111111111111,-3.7499690566989154,-3.209146703562781,-236.24805057203167,6.41617823122812,-21.994500181806266,10.540292103769374,3.38274672960829,36.0,0.8253968253968254,0.07936507936507936,0.07936507936507936,0.06349206349206349,0.031746031746031744,0.0,0.0882102157225978,selection_x_vol:extreme|vol_extreme
5,6.0,3600,63,0.1111111111111111,-3.8210620089278433,-3.226318019384396,-240.72690656245413,16.486858994661006,-21.994500181806266,17.693681426653594,3.38274672960829,36.0,0.8888888888888888,0.09523809523809523,0.06349206349206349,0.047619047619047616,0.015873015873015872,0.015873015873015872,0.10389667400549923,selection_x_vol:extreme|vol_extreme
5,6.0,14400,63,0.09523809523809523,-3.627663387224406,-3.358784175133264,-228.54279339513758,18.151327645259943,-21.994500181806266,22.0768982493713,3.38274672960829,36.0,0.9047619047619048,0.07936507936507936,0.06349206349206349,0.06349206349206349,0.047619047619047616,0.031746031746031744,0.16503631854590062,selection_x_vol:extreme|vol_extreme
5,6.0,86400,63,0.07936507936507936,-2.9021060522241777,-3.358784175133264,-182.8326812901232,40.79015936901604,-21.994500181806266,42.92894927969351,3.38274672960829,36.0,0.9206349206349206,0.07936507936507936,0.07936507936507936,0.07936507936507936,0.07936507936507936,0.047619047619047616,0.3380101981288271,selection_x_vol:extreme|vol_extreme
10,4.0,900,154,0.16883116883116883,-2.6509051263726597,-2.517906167612291,-408.2393894613896,6.811618960368028,-14.085865927150154,7.568823912135521,2.4084371394229347,103.0,0.7727272727272727,0.13636363636363635,0.09090909090909091,0.045454545454545456,0.012987012987012988,0.0,0.13028806584789923,selection_x_vol:extreme|vol_extreme
10,4.0,3600,154,0.12987012987012986,-2.7038843024765438,-2.5455984709769175,-416.39818258138774,9.091795829820462,-14.085865927150154,14.55418539648822,2.4084371394229347,103.0,0.8506493506493507,0.11688311688311688,0.07792207792207792,0.07142857142857142,0.045454545454545456,0.0,0.1563183056094533,selection_x_vol:extreme|vol_extreme
10,4.0,14400,154,0.1038961038961039,-2.15205017362765,-2.6174957124236804,-331.4157267386581,34.61097893623352,-14.085865927150154,22.094595687073536,2.4084371394229347,103.0,0.8896103896103896,0.09090909090909091,0.09090909090909091,0.09090909090909091,0.06493506493506493,0.025974025974025976,0.34491083115599125,selection_x_vol:extreme|vol_extreme
10,4.0,86400,153,0.0784313725490196,-0.8050572655866399,-2.6459955867713907,-123.1737616347559,80.61663101003985,-14.085865927150154,45.779499426402865,2.4191897593602705,102.0,0.9150326797385621,0.0718954248366013,0.0718954248366013,0.06535947712418301,0.06535947712418301,0.0457516339869281,0.7594688052995011,selection_x_vol:extreme|vol_extreme
10,6.0,900,52,0.23076923076923078,-2.0251025945368246,-1.8184383244825901,-105.30533491591488,9.57230474042677,-12.580970701942713,7.625140298373508,2.2981591136788264,253.0,0.6346153846153846,0.15384615384615385,0.07692307692307693,0.038461538461538464,0.019230769230769232,0.0,0.2036964314698164,selection_x_vol:extreme|vol_extreme
10,6.0,3600,52,0.19230769230769232,-2.5531071985221816,-2.2586424099440263,-132.76157432315344,7.980898976594062,-13.968005591992037,12.116644272047143,2.2981591136788264,253.0,0.7884615384615384,0.15384615384615385,0.057692307692307696,0.038461538461538464,0.038461538461538464,0.0,0.16614646237432096,selection_x_vol:extreme|vol_extreme
10,6.0,14400,52,0.15384615384615385,-2.005181717628624,-2.366239210853321,-104.26944931668844,23.351662606525494,-13.968005591992037,14.082207492926424,2.2981591136788264,253.0,0.8269230769230769,0.1346153846153846,0.1346153846153846,0.1346153846153846,0.07692307692307693,0.019230769230769232,0.36448309218200114,selection_x_vol:extreme|vol_extreme
10,6.0,86400,52,0.11538461538461539,-0.3822930406922698,-2.366239210853321,-19.87923811599803,53.31650383704747,-13.968005591992037,24.364209819956823,2.2981591136788264,253.0,0.8653846153846154,0.11538461538461539,0.11538461538461539,0.11538461538461539,0.09615384615384616,0.09615384615384616,0.8812210722131657,selection_x_vol:extreme|vol_extreme
3,4.0,900,634,0.13406940063091483,-1.9714672226352552,-2.6231386721660304,-1249.9102191507518,73.90102200391978,-13.155946740588606,5.7370600818353905,2.181114294015692,85.5,0.8138801261829653,0.11514195583596215,0.08990536277602523,0.07570977917981073,0.050473186119873815,0.02050473186119874,0.28993081451908187,selection_x_vol:extreme|vol_high
3,4.0,3600,634,0.08517350157728706,-2.1927718455831444,-2.702723333259521,-1390.2173500997135,59.59819161919336,-13.155946740588606,10.910288118892609,2.181114294015692,85.5,0.9069400630914827,0.07886435331230283,0.07413249211356467,0.06466876971608833,0.0473186119873817,0.01892744479495268,0.2682932596109037,selection_x_vol:extreme|vol_high
3,4.0,14400,634,0.05362776025236593,-1.945578062641335,-2.739482658614784,-1233.4964917146065,99.20789521304401,-13.155946740588606,23.160603438058196,2.181114294015692,85.5,0.9463722397476341,0.05362776025236593,0.052050473186119876,0.052050473186119876,0.052050473186119876,0.04100946372239748,0.3767895763018634,selection_x_vol:extreme|vol_high
3,4.0,86400,629,0.030206677265500796,-1.2396475731826992,-2.7658869450563435,-779.7383235319178,113.61203161718997,-13.155946740588606,55.070554556504256,2.1787546118583085,84.0,0.9697933227344993,0.030206677265500796,0.030206677265500796,0.030206677265500796,0.030206677265500796,0.030206677265500796,0.612477212770006,selection_x_vol:extreme|vol_high
3,6.0,900,172,0.14534883720930233,-2.2947711588349433,-2.914064788936054,-394.7006393196102,25.03760169911262,-13.155946740588606,6.534666384322897,2.695852089284517,89.0,0.7790697674418605,0.13372093023255813,0.12209302325581395,0.09883720930232558,0.05813953488372093,0.023255813953488372,0.26881293932913913,selection_x_vol:extreme|vol_high
3,6.0,3600,172,0.12209302325581395,-2.0180568085970627,-3.0359763273750007,-347.1057710786948,31.991753456453115,-13.155946740588606,13.881375428639775,2.695852089284517,89.0,0.877906976744186,0.11627906976744186,0.11627906976744186,0.10465116279069768,0.08139534883720931,0.03488372093023256,0.3985818587034132,selection_x_vol:extreme|vol_high
3,6.0,14400,172,0.12209302325581395,-1.406533735072859,-3.0359763273750007,-241.92380243253174,38.220909005837854,-13.155946740588606,22.978707448216348,2.695852089284517,89.0,0.877906976744186,0.11627906976744186,0.11627906976744186,0.10465116279069768,0.10465116279069768,0.08139534883720931,0.5808270109073203,selection_x_vol:extreme|vol_high
3,6.0,86400,170,0.07647058823529412,1.0003031301973222,-3.140914243284841,170.05153213354478,116.53813904765188,-13.155946740588606,51.58907073478859,2.6888045107352885,84.5,0.9235294117647059,0.07647058823529412,0.07647058823529412,0.07647058823529412,0.07647058823529412,0.07647058823529412,1.2842810634493182,selection_x_vol:extreme|vol_high
5,4.0,900,436,0.12614678899082568,-2.0863291718710757,-2.591573574911246,-909.639518935789,32.754478225590965,-12.107296792863536,5.93997743950048,2.1603234928293387,105.0,0.8165137614678899,0.10550458715596331,0.08944954128440367,0.0779816513761468,0.045871559633027525,0.016055045871559634,0.2528677972233808,selection_x_vol:extreme|vol_high
5,4.0,3600,436,0.08944954128440367,-1.9791444871181534,-2.6978553342232003,-862.9069963835149,59.59819161919336,-12.107296792863536,11.43952883267667,2.1603234928293387,105.0,0.9059633027522935,0.08027522935779817,0.07568807339449542,0.06422018348623854,0.052752293577981654,0.022935779816513763,0.33597411832578206,selection_x_vol:extreme|vol_high
5,4.0,14400,436,0.07339449541284404,-1.6759032655087596,-2.7302672313232863,-730.6938237618192,50.16554030958077,-12.107296792863536,22.97246916187288,2.1603234928293387,105.0,0.9243119266055045,0.07110091743119266,0.07110091743119266,0.07110091743119266,0.06192660550458716,0.045871559633027525,0.4462210157735642,selection_x_vol:extreme|vol_high
5,4.0,86400,432,0.04398148148148148,-0.7321771836939818,-2.7863699453081203,-316.30054335580013,98.2576938244,-12.107296792863536,51.453855717637715,2.161539788403566,98.5,0.9560185185185185,0.04398148148148148,0.04398148148148148,0.04398148148148148,0.04398148148148148,0.04398148148148148,0.7660104731787689,selection_x_vol:extreme|vol_high
5,6.0,900,128,0.21875,-1.6610933938059569,-2.5542079682956844,-212.61995440716248,32.754478225590965,-12.107296792863536,6.9043296878343865,2.305482090260006,137.5,0.71875,0.1796875,0.1328125,0.109375,0.0546875,0.0234375,0.3782766585988007,selection_x_vol:extreme|vol_high
5,6.0,3600,128,0.1796875,-0.7919692543096255,-2.5973808164338252,-101.37206455163206,59.59819161919336,-12.107296792863536,14.067658958761873,2.305482090260006,137.5,0.8125,0.171875,0.1640625,0.140625,0.1171875,0.046875,0.7237393092383518,selection_x_vol:extreme|vol_high
5,6.0,14400,128,0.1796875,-0.07035131333656694,-2.5973808164338252,-9.004968107080568,38.220909005837854,-12.107296792863536,21.961470070161923,2.305482090260006,137.5,0.8125,0.171875,0.1640625,0.1640625,0.1484375,0.1015625,0.9754423432550323,selection_x_vol:extreme|vol_high
5,6.0,86400,126,0.11904761904761904,2.648584887830493,-2.702504115449314,333.72169586664216,98.2576938244,-12.107296792863536,45.94180040817142,2.330416666002797,123.5,0.8809523809523809,0.11904761904761904,0.11904761904761904,0.11904761904761904,0.11904761904761904,0.1111111111111111,1.8592993400385391,selection_x_vol:extreme|vol_high
10,4.0,900,302,0.2251655629139073,-1.3289458041269875,-2.261514944231692,-401.3416328463502,34.84257695655881,-13.036819921842676,5.367108685559443,1.877578480402357,251.5,0.6920529801324503,0.17549668874172186,0.11920529801324503,0.09933774834437085,0.046357615894039736,0.026490066225165563,0.4109120146964658,selection_x_vol:extreme|vol_high
10,4.0,3600,302,0.1456953642384106,-1.1768420359807579,-2.3551018763816716,-355.4062948661889,59.59819161919336,-13.036819921842676,10.32845502399612,1.877578480402357,251.5,0.847682119205298,0.1390728476821192,0.11589403973509933,0.10596026490066225,0.08609271523178808,0.04304635761589404,0.5402758437490283,selection_x_vol:extreme|vol_high
10,4.0,14400,301,0.11627906976744186,-0.7023917092915705,-2.3857246337874365,-211.4199044967627,63.52247755490018,-13.036819921842676,21.16305597116831,1.8817193675762869,250.0,0.8837209302325582,0.11295681063122924,0.10963455149501661,0.10299003322259136,0.08970099667774087,0.0664451827242525,0.7346891194625345,selection_x_vol:extreme|vol_high
10,4.0,86400,296,0.06418918918918919,0.4961873238467911,-2.429752226105177,146.87144785865016,117.04410162274108,-13.036819921842676,46.18908780380227,1.8727668913615103,236.5,0.9358108108108109,0.06418918918918919,0.06418918918918919,0.06418918918918919,0.06418918918918919,0.06418918918918919,1.1775750915646426,selection_x_vol:extreme|vol_high
10,6.0,900,73,0.3424657534246575,-0.921024170330533,-1.9026323742050542,-67.2347644341289,19.12572947158591,-9.689252956879985,5.430499308469674,1.8391170353792223,654.0,0.5205479452054794,0.2328767123287671,0.1643835616438356,0.1643835616438356,0.0547945205479452,0.0136986301369863,0.5476269291510035,selection_x_vol:extreme|vol_high
10,6.0,3600,73,0.2465753424657534,-0.841320705864994,-2.199939692475765,-61.41641152814456,19.781089610916823,-9.689252956879985,11.404303860449097,1.8391170353792223,654.0,0.7397260273972602,0.2328767123287671,0.1780821917808219,0.1643835616438356,0.136986301369863,0.0410958904109589,0.6436143059064967,selection_x_vol:extreme|vol_high
10,6.0,14400,73,0.2328767123287671,-0.18552265295160675,-2.262100386322064,-13.543153665467292,37.64301404218049,-9.689252956879985,20.542712998655233,1.8391170353792223,654.0,0.7534246575342466,0.2191780821917808,0.2191780821917808,0.1917808219178082,0.1232876712328767,0.0958904109589041,0.9227079726054616,selection_x_vol:extreme|vol_high
10,6.0,86400,71,0.18309859154929578,3.6897142624821075,-2.3246594091942607,261.96971263622964,103.81041955995242,-9.689252956879985,42.15880062354001,1.868273895984482,651.0,0.8169014084507042,0.18309859154929578,0.18309859154929578,0.16901408450704225,0.16901408450704225,0.16901408450704225,2.446146990254971,selection_x_vol:extreme|vol_high
3,4.0,900,1606,0.18057285180572852,-1.3267079614673463,-2.156466831666336,-2130.692986116558,26.111217573980916,-7.243182807373737,3.0086120949799566,1.533359594027373,345.0,0.6413449564134496,0.1232876712328767,0.07658779576587796,0.060398505603985055,0.0361145703611457,0.012453300124533,0.3022489839634557,selection_x_vol:extreme|vol_normal
3,4.0,3600,1593,0.15379786566227244,-1.2509100623741307,-2.253802813303517,-1992.6997293619902,53.52066520868091,-7.243182807373737,6.208554108375989,1.535138878320054,336.0,0.8129315756434401,0.12429378531073447,0.09918392969240426,0.07846829880728186,0.05586942875078468,0.028876333961079723,0.4219367592572055,selection_x_vol:extreme|vol_normal
3,4.0,14400,1577,0.09258084971464807,-0.9521710285722951,-2.30105166678226,-1501.5737120585093,84.89977494252655,-7.243182807373737,12.665925830527083,1.5367462282199813,326.0,0.9029803424223208,0.08877615726062144,0.07419150285351934,0.06658211794546608,0.05263157894736842,0.03487634749524413,0.5960009817881613,selection_x_vol:extreme|vol_normal
3,4.0,86400,1535,0.035830618892508145,0.10877024758485704,-2.3408477842004136,166.96233004275555,138.46147519375756,-7.269404391278078,42.51756898953834,1.5368596358820688,301.0,0.9641693811074918,0.035830618892508145,0.035830618892508145,0.035830618892508145,0.035830618892508145,0.035830618892508145,1.04316772504194,selection_x_vol:extreme|vol_normal
3,6.0,900,462,0.16666666666666666,-1.5721694127583503,-2.2545822542905025,-726.3422686943578,26.111217573980916,-8.175339146960887,3.323973098721919,1.8422784806597323,355.0,0.6515151515151515,0.10606060606060606,0.08008658008658008,0.06277056277056277,0.032467532467532464,0.015151515151515152,0.2769411213646194,selection_x_vol:extreme|vol_normal
3,6.0,3600,458,0.14410480349344978,-1.4983357202897978,-2.3342036098883043,-686.2377598927274,37.58213438642764,-8.175339146960887,6.146308113206695,1.841776721294269,349.0,0.7882096069868996,0.1091703056768559,0.0851528384279476,0.07641921397379912,0.05458515283842795,0.034934497816593885,0.3711239284830054,selection_x_vol:extreme|vol_normal
3,6.0,14400,453,0.09713024282560706,-1.3300644052323465,-2.439332083479667,-602.519175570253,81.84802673614078,-8.175339146960887,12.499912806047378,1.8428649542651414,342.0,0.8940397350993378,0.09492273730684327,0.07505518763796909,0.0684326710816777,0.052980132450331126,0.03532008830022075,0.4901534884912302,selection_x_vol:extreme|vol_normal
3,6.0,86400,445,0.04269662921348315,0.1494248991651385,-2.537238426748215,66.49408012848663,80.78855568728648,-8.283225364473253,44.21500459899128,1.840416079988659,332.0,0.9573033707865168,0.04269662921348315,0.04269662921348315,0.04269662921348315,0.04269662921348315,0.04269662921348315,1.0531061554873786,selection_x_vol:extreme|vol_normal
5,4.0,900,1086,0.20349907918968693,-1.2242220339764274,-2.20140308826099,-1329.5051288984002,26.111217573980916,-8.298739565499043,3.3792877907687995,1.620407191861529,404.0,0.6289134438305709,0.1445672191528545,0.09668508287292818,0.07458563535911603,0.04604051565377532,0.016574585635359115,0.3681201254718218,selection_x_vol:extreme|vol_normal
5,4.0,3600,1075,0.15627906976744185,-1.2387980636341156,-2.303734365853809,-1331.7079184066743,46.005958879377495,-8.298739565499043,6.271409766967074,1.623207759055011,396.0,0.8027906976744186,0.12744186046511627,0.10511627906976745,0.08837209302325581,0.06046511627906977,0.030697674418604652,0.44419997934336924,selection_x_vol:extreme|vol_normal
5,4.0,14400,1063,0.09689557855126998,-0.9248884905442989,-2.3581096541834445,-983.1564654485898,84.89977494252655,-8.298739565499043,13.104183255135153,1.6284924381461516,380.0,0.8955785512699906,0.09313264346190028,0.07902163687676388,0.07431796801505174,0.05738476011288805,0.041392285983066796,0.6197011107060635,selection_x_vol:extreme|vol_normal
5,4.0,86400,1036,0.032818532818532815,-0.36487650074436245,-2.3957322701243307,-378.0120547711595,116.97115667935479,-8.298739565499043,40.99651851531817,1.6261358850491312,354.5,0.9671814671814671,0.032818532818532815,0.032818532818532815,0.032818532818532815,0.032818532818532815,0.032818532818532815,0.860568064990909,selection_x_vol:extreme|vol_normal
5,6.0,900,262,0.20229007633587787,-1.55673855277361,-2.2750276239072758,-407.86550082668583,17.850835413531836,-10.218476627807965,3.5547520562963837,2.0317800790197253,371.5,0.6030534351145038,0.1297709923664122,0.0916030534351145,0.08015267175572519,0.05725190839694656,0.019083969465648856,0.3174270316385513,selection_x_vol:extreme|vol_normal
5,6.0,3600,258,0.1511627906976744,-1.6257774914701875,-2.3611721232343195,-419.45059279930837,30.683563113445143,-10.218476627807965,6.032128999672299,2.0336096135736144,356.5,0.7674418604651163,0.12403100775193798,0.08139534883720931,0.07751937984496124,0.05426356589147287,0.04263565891472868,0.3628946124378404,selection_x_vol:extreme|vol_normal
5,6.0,14400,257,0.10505836575875487,-1.6069186692698407,-2.568786490824784,-412.97809800234904,40.25392438789986,-10.218476627807965,11.293267229835257,2.0377282023431573,356.0,0.8910505836575876,0.09727626459143969,0.08560311284046693,0.08171206225680934,0.058365758754863814,0.03501945525291829,0.4260162178413643,selection_x_vol:extreme|vol_normal
5,6.0,86400,250,0.044,0.15598596460940428,-2.6773064283070664,38.99649115235107,78.90530868875533,-10.218476627807965,37.826088224329574,2.0337521794221307,349.0,0.956,0.044,0.044,0.044,0.044,0.044,1.0520652164752557,selection_x_vol:extreme|vol_normal
10,4.0,900,661,0.2632375189107413,-0.8137179434994449,-2.1053656139724035,-537.8675606531331,26.06552464396061,-7.817393579718322,3.8099319904120663,1.5859064912351735,601.0,0.5658093797276853,0.18305597579425115,0.13161875945537066,0.09682299546142209,0.060514372163388806,0.02118003025718608,0.5382269813997714,selection_x_vol:extreme|vol_normal
10,4.0,3600,652,0.20398773006134968,-0.8070756826791349,-2.2005316304769007,-526.2133451067959,38.89793486101498,-8.149114013564324,6.887892920863896,1.5916071964476528,585.5,0.754601226993865,0.18251533742331288,0.15030674846625766,0.12116564417177914,0.08742331288343558,0.03834355828220859,0.6130440013403219,selection_x_vol:extreme|vol_normal
10,4.0,14400,642,0.1261682242990654,-0.7637593703134666,-2.273982287315216,-490.3335157412456,80.0671629251131,-8.149114013564324,12.611279251055144,1.5970541461822156,567.5,0.8707165109034268,0.11993769470404984,0.1059190031152648,0.10124610591900311,0.0763239875389408,0.04672897196261682,0.673816694932254,selection_x_vol:extreme|vol_normal
10,4.0,86400,614,0.03257328990228013,-0.44118661399071996,-2.322373040758989,-270.88858099030205,80.87195668695655,-8.149114013564324,39.023936567091546,1.6013438307181815,503.0,0.9674267100977199,0.03257328990228013,0.03257328990228013,0.03257328990228013,0.03257328990228013,0.030944625407166124,0.8302743997693948,selection_x_vol:extreme|vol_normal
10,6.0,900,148,0.2972972972972973,-0.7930672920038646,-1.8123150412526463,-117.37395921657196,18.61940392244062,-10.57662369302593,3.8782638410964916,1.7441275219402634,823.0,0.5202702702702703,0.1891891891891892,0.16216216216216217,0.11486486486486487,0.07432432432432433,0.02027027027027027,0.557007650522776,selection_x_vol:extreme|vol_normal
10,6.0,3600,147,0.21768707482993196,-0.7257527973000478,-2.18218944700172,-106.68566120310703,32.00464528152296,-10.57662369302593,6.216109647985326,1.7539770213114425,805.0,0.7074829931972789,0.19727891156462585,0.16326530612244897,0.14285714285714285,0.10204081632653061,0.04081632653061224,0.6573240742420476,selection_x_vol:extreme|vol_normal
10,6.0,14400,145,0.1724137931034483,-0.4914720849062611,-2.2362620989431625,-71.26345231140786,37.82856288484988,-10.57662369302593,11.11786216114225,1.7625925998841938,690.0,0.8275862068965517,0.16551724137931034,0.14482758620689656,0.1310344827586207,0.1103448275862069,0.06896551724137931,0.7887075598021056,selection_x_vol:extreme|vol_normal
10,6.0,86400,136,0.04411764705882353,-0.4282726282107572,-2.317990655854118,-58.245077436662974,75.61546372105322,-10.57662369302593,27.964055649302974,1.736762746297531,596.0,0.9558823529411765,0.04411764705882353,0.04411764705882353,0.04411764705882353,0.04411764705882353,0.03676470588235294,0.8419953134593859,selection_x_vol:extreme|vol_normal
3,4.0,900,4527,0.14468743096973713,-1.4257299444761404,-2.104031748421336,-6454.2794586434875,73.90102200391978,-15.88579686628347,2.3497040074758266,1.4771019414856925,774.0,0.5244091009498564,0.08305721228186437,0.050585376629114207,0.035343494588027394,0.017450850452838524,0.004197039982328253,0.19618733775653358,side:long
3,4.0,3600,4503,0.14767932489451477,-1.470365763718469,-2.142183661853135,-6621.057034024266,53.52066520868091,-15.88579686628347,4.4828527751082685,1.4785569364016133,760.0,0.7379524761270264,0.10992671552298468,0.07728181212524983,0.05507439484787919,0.029313790806129246,0.009327115256495669,0.2754989531647698,side:long
3,4.0,14400,4473,0.10529845741113347,-1.3126915356202002,-2.1845730557587237,-5871.669238829156,99.20789521304401,-15.88579686628347,8.366506287835758,1.4806717314967364,745.0,0.8694388553543483,0.09210820478426113,0.08271853342275877,0.07265817124972054,0.05432595573440644,0.02682763246143528,0.41691905958519737,side:long
3,4.0,86400,4331,0.024705610713461095,-1.5797512179630655,-2.232904444009239,-6841.902524998037,138.46147519375756,-15.88579686628347,21.148101883458676,1.4884528905875798,672.0,0.9750634957284692,0.023089355806972984,0.021473100900484876,0.020780420226275687,0.01916416531978758,0.016855229739090278,0.3673635145496686,side:long
3,6.0,900,1561,0.13004484304932734,-1.5860515558222392,-1.8761542042266137,-2475.8264786385153,23.279437644674463,-15.88579686628347,2.1692796306554802,1.6435532799694275,900.0,0.47085201793721976,0.06982703395259449,0.04035874439461883,0.026905829596412557,0.011531069827033953,0.003843689942344651,0.15072236161380417,side:long
3,6.0,3600,1550,0.13741935483870968,-1.6798844415456329,-2.1631677732192376,-2603.820884395731,37.58213438642764,-15.88579686628347,3.9866716822163055,1.6449903112442323,1085.5,0.6916129032258065,0.09612903225806452,0.06451612903225806,0.04258064516129032,0.02129032258064516,0.007741935483870968,0.20942606010416806,side:long
3,6.0,14400,1533,0.11611219830397912,-1.4935499416934197,-2.231797286362609,-2289.6120606160125,81.84802673614078,-15.88579686628347,7.215335748555758,1.6506503699594566,1054.0,0.8414872798434442,0.09784735812133072,0.08806262230919765,0.07436399217221135,0.05283757338551859,0.023483365949119372,0.3656002975455653,side:long
3,6.0,86400,1472,0.026494565217391304,-1.9921374574237145,-2.296037552599037,-2932.4263373277076,116.53813904765188,-15.88579686628347,18.821962627808293,1.6655301863873755,909.0,0.9735054347826086,0.024456521739130436,0.022418478260869564,0.021739130434782608,0.019021739130434784,0.015625,0.25380711083441576,side:long
5,4.0,900,3225,0.15286821705426357,-1.383529104977048,-2.1008536144420584,-4461.88136355098,26.06552464396061,-11.625154219268753,2.334339142423424,1.4973680927386694,871.0,0.5035658914728682,0.08992248062015504,0.059224806201550385,0.03906976744186046,0.020155038759689922,0.005271317829457364,0.21129615342980634,side:long
5,4.0,3600,3210,0.14984423676012462,-1.450530247663726,-2.151841352516203,-4656.202095000561,46.005958879377495,-11.625154219268753,4.236678261170385,1.498675164331708,848.0,0.7193146417445483,0.11090342679127727,0.07538940809968847,0.05389408099688474,0.029595015576323987,0.011214953271028037,0.28102311382920125,side:long
5,4.0,14400,3182,0.11062225015713388,-1.3611244374610585,-2.197767578992075,-4331.097960001088,84.89977494252655,-11.625154219268753,8.077079398861827,1.5019656888013406,831.5,0.8576367064739158,0.09742300439974859,0.08610936517913262,0.07510999371464487,0.05436832181018227,0.027341294783155248,0.39387172959859684,side:long
5,4.0,86400,3071,0.025398892868772387,-1.7592962033061705,-2.257080961410812,-5402.7986403532495,129.75542155482756,-11.625154219268753,19.61585054355604,1.5116721070153003,745.0,0.9742754802995767,0.02377075871051775,0.022468251383914034,0.02181699772061218,0.01986323673070661,0.0162813415825464,0.29888090202941414,side:long
5,6.0,900,973,0.14799588900308325,-1.5175795620072656,-1.821437900366961,-1476.6049138330695,17.850835413531836,-10.11090553884836,2.2790411964592643,1.638406761493567,900.0,0.4624871531346352,0.0842754367934224,0.046248715313463515,0.03391572456320658,0.017471736896197326,0.003083247687564234,0.1697983676132692,side:long
5,6.0,3600,969,0.14963880288957687,-1.6513732203769484,-2.17716286817997,-1600.180650545263,30.683563113445143,-10.11090553884836,3.728056253711428,1.638456072991829,1133.0,0.675954592363261,0.10939112487100103,0.07120743034055728,0.04643962848297214,0.021671826625386997,0.007223942208462332,0.2098032605513472,side:long
5,6.0,14400,956,0.1192468619246862,-1.6782955634728005,-2.252471143186218,-1604.4505586799974,40.25392438789986,-10.11090553884836,6.280856205571366,1.6459105936307972,1099.5,0.8315899581589958,0.09832635983263599,0.08786610878661087,0.07426778242677824,0.049163179916317995,0.015690376569037656,0.28133050152793304,side:long
5,6.0,86400,919,0.030467899891186073,-2.076276801128438,-2.3415725716031983,-1908.0983802370345,74.20173698813544,-10.11090553884836,16.562106138073492,1.6607370741515497,966.0,0.969532100108814,0.02720348204570185,0.023939064200217627,0.02176278563656148,0.017410228509249184,0.013057671381936888,0.217987952075356,side:long
10,4.0,900,1946,0.18859198355601234,-1.2569332732279879,-1.7138211803275882,-2445.9921497016644,26.06552464396061,-14.085865927150154,2.4563301900140804,1.4940352171139033,900.0,0.46557040082219936,0.10945529290853032,0.06680369989722508,0.03751284686536485,0.019527235354573486,0.0046248715313463515,0.24350104820346077,side:long
10,4.0,3600,1935,0.1710594315245478,-1.3371226190674717,-2.1296388909318233,-2587.332267895558,38.89793486101498,-14.085865927150154,4.351299183779918,1.4950280590452474,1091.0,0.689405684754522,0.12919896640826872,0.09198966408268734,0.06563307493540052,0.03462532299741602,0.0103359173126615,0.3170411480092352,side:long
10,4.0,14400,1911,0.12454212454212454,-1.3546077813207937,-2.188453705877851,-2588.655470104037,80.0671629251131,-14.085865927150154,7.715795681843676,1.4996764114888224,1041.0,0.8351648351648352,0.10989010989010989,0.0989010989010989,0.0837257980115123,0.05337519623233909,0.021454735740450027,0.3859711048427813,side:long
10,4.0,86400,1839,0.032082653616095705,-1.6586242323592733,-2.253717775626894,-3050.2099633087037,129.75542155482756,-14.085865927150154,18.911724896323843,1.5096114235407574,939.0,0.9668297988036977,0.030451332245785754,0.028820010875475803,0.02773246329526917,0.0255573681348559,0.02011963023382273,0.33646354458348127,side:long
10,6.0,900,514,0.2140077821011673,-1.1731936346934326,-1.5070779344657819,-603.0215282324243,18.61940392244062,-7.497860518259702,2.5414698043546817,1.5953322380688477,900.0,0.3968871595330739,0.11867704280155641,0.07198443579766536,0.04474708171206226,0.019455252918287938,0.0038910505836575876,0.27482299546828237,side:long
10,6.0,3600,512,0.197265625,-1.355588753455603,-2.120561913265039,-694.0614417692688,32.00464528152296,-13.968005591992037,3.790573656251073,1.5976802103239127,1501.5,0.65234375,0.146484375,0.099609375,0.0703125,0.0390625,0.01171875,0.3192647049597785,side:long
10,6.0,14400,504,0.1488095238095238,-1.421128190497407,-2.2025295895504904,-716.248608010693,23.351662606525494,-13.968005591992037,6.063310151487755,1.606555156147061,1447.0,0.8015873015873016,0.125,0.11507936507936507,0.09126984126984126,0.05952380952380952,0.021825396825396824,0.3663834886610276,side:long
10,6.0,86400,480,0.04583333333333333,-1.5620171123225326,-2.302199645484733,-749.7682139148156,103.81041955995242,-13.968005591992037,14.745873908431443,1.6224491019175171,1347.0,0.95,0.041666666666666664,0.041666666666666664,0.041666666666666664,0.035416666666666666,0.03125,0.3955707109871195,side:long
3,4.0,900,5139,0.13582409028993966,-1.411646763798457,-2.1014019627478473,-7254.452719160271,45.095901677391076,-28.444869940877236,2.164124792875992,1.425465649576212,900.0,0.4979568009340339,0.07238762405137186,0.04261529480443666,0.02918855808523059,0.014788869429850166,0.004475578906402024,0.17646341081740932,side:short
3,4.0,3600,5104,0.16379310344827586,-1.3809020861486727,-2.1184615065764687,-7048.124247702825,59.59819161919336,-28.444869940877236,4.432186085237707,1.4270465625683944,891.5,0.6937695924764891,0.10873824451410659,0.07660658307210032,0.055642633228840124,0.032327586206896554,0.010775862068965518,0.2797325921217539,side:short
3,4.0,14400,5058,0.11724001581652828,-1.313302449479515,-2.1602632576164815,-6642.683789467386,70.32593983902768,-28.444869940877236,9.580953405999415,1.4287215630759567,863.0,0.8481613285883749,0.09608540925266904,0.07789640173981811,0.06207987346777382,0.04804270462633452,0.026294978252273626,0.3945705846116324,side:short
3,4.0,86400,4951,0.056756210866491616,-0.2612995432994718,-2.1879933574698054,-1293.694038875685,184.0942047526187,-28.444869940877236,32.050540952371215,1.4317096810100833,816.0,0.9408200363562916,0.05332256109876793,0.051302767117753986,0.05069682892344981,0.04948495253484145,0.044435467582306605,0.8895646870158046,side:short
3,6.0,900,1652,0.1162227602905569,-1.6461217821331802,-2.0707338702363507,-2719.3931840840137,26.111217573980916,-18.028505433090487,2.216541235447747,1.6263626026308704,900.0,0.4872881355932203,0.06174334140435835,0.038135593220338986,0.027239709443099273,0.009685230024213076,0.004842615012106538,0.13809874481496104,side:short
3,6.0,3600,1642,0.1577344701583435,-1.5631743981973114,-2.147342465108595,-2566.7323618399855,31.991753456453115,-18.028505433090487,4.334494584712783,1.628790159274436,966.0,0.6711327649208283,0.09622411693057248,0.06516443361753958,0.05054811205846529,0.031059683313032885,0.012180267965895249,0.24729640752207938,side:short
3,6.0,14400,1623,0.11768330252618607,-1.503458341214192,-2.205226306201065,-2440.1128877906335,39.27147243766924,-18.028505433090487,8.603858655757985,1.6311527509976969,920.0,0.829328404189772,0.09303758471965495,0.07886629698089957,0.06284658040665435,0.04805914972273567,0.025261860751694395,0.3532638417597163,side:short
3,6.0,86400,1586,0.06620428751576292,-0.2185027516970387,-2.244524603487689,-346.5453641915034,130.9371632414119,-18.028505433090487,29.698928894768972,1.6356789734060548,870.0,0.9300126103404792,0.06242118537200504,0.0617906683480454,0.0617906683480454,0.05989911727616646,0.053593947036569986,0.9138384913853859,side:short
5,4.0,900,3322,0.14148103552077063,-1.426392165437731,-2.096515338742084,-4738.474773584142,38.341064505830985,-21.994500181806266,2.4256095139889697,1.5034521242917236,900.0,0.49729078868151716,0.08007224563515954,0.04876580373269115,0.034918723660445516,0.017760385310054184,0.005418422636965683,0.1950058737900733,side:short
5,4.0,3600,3298,0.1646452395391146,-1.3607281768387174,-2.1418877466908035,-4487.68152721409,59.59819161919336,-21.994500181806266,4.774047262991113,1.5057250362285393,886.0,0.6907216494845361,0.10976349302607641,0.0782292298362644,0.061249241964827165,0.03699211643420255,0.013038204972710734,0.3115371276382266,side:short
5,4.0,14400,3264,0.12254901960784313,-1.2466566356674509,-2.1921961047682843,-4069.0872588185593,70.32593983902768,-21.994500181806266,10.028299956963325,1.508184678150851,856.0,0.8428308823529411,0.09926470588235294,0.08057598039215687,0.06372549019607843,0.050551470588235295,0.030637254901960783,0.43981455809153386,side:short
5,4.0,86400,3191,0.0589157004073958,-0.19331354343586027,-2.2248067285251016,-616.8635171038301,128.21024305025196,-21.994500181806266,31.94005668928151,1.5093595888635138,798.0,0.9382638671262927,0.05515512378564713,0.054214979630209964,0.0532748354747728,0.05108116577875274,0.04544030084612974,0.920505504763227,side:short
5,6.0,900,997,0.1444332998996991,-1.7011846041466834,-2.0669839094435316,-1696.0810503342434,32.754478225590965,-21.994500181806266,2.5594756983251026,1.7837207859453688,900.0,0.4974924774322969,0.07823470411233702,0.04513540621865597,0.033099297893681046,0.014042126379137413,0.0050150451354062184,0.159914407064674,side:short
5,6.0,3600,990,0.16767676767676767,-1.449832990045224,-2.178478764931012,-1435.3346601447718,59.59819161919336,-21.994500181806266,5.025410283750795,1.786289866224355,886.5,0.6656565656565656,0.11313131313131314,0.07878787878787878,0.06565656565656566,0.043434343434343436,0.01818181818181818,0.34104066598007904,side:short
5,6.0,14400,983,0.13936927772126145,-1.2315480799655767,-2.261698601502471,-1210.6117626061618,38.48807871110429,-21.994500181806266,9.50274493609845,1.7893818223506077,876.0,0.814852492370295,0.11088504577822991,0.09257375381485249,0.08341810783316378,0.06408952187182096,0.038657171922685654,0.4929159784580991,side:short
5,6.0,86400,956,0.08054393305439331,0.5382759887043531,-2.3128387619994037,514.5918452013616,125.50350338336176,-21.994500181806266,29.847293621492593,1.791682458513173,824.5,0.9163179916317992,0.07635983263598327,0.07635983263598327,0.07635983263598327,0.07426778242677824,0.06799163179916318,1.202648936900214,side:short
10,4.0,900,1966,0.17955239064089523,-1.2388875930398355,-1.8057346823216966,-2435.6530079163167,34.84257695655881,-15.920912412998952,2.752079191459943,1.4864905326941293,900.0,0.47863682604272634,0.10732451678535096,0.06510681586978637,0.045269582909460836,0.019328585961342827,0.008138351983723296,0.2645103759741872,side:short
10,4.0,3600,1953,0.19457245263696876,-1.1595799808152805,-2.1249216042250954,-2264.6597025322426,59.59819161919336,-15.920912412998952,5.1394691510952715,1.488734496109857,996.0,0.6738351254480287,0.13773681515617,0.09779825908858167,0.07168458781362007,0.04659498207885305,0.017409114183307733,0.3949493941846471,side:short
10,4.0,14400,1934,0.1375387797311272,-0.922514601241346,-2.1786284254562296,-1784.1432388007631,70.32593983902768,-15.920912412998952,10.484434142219781,1.4895199807519939,976.0,0.828335056876939,0.11427094105480869,0.09824198552223372,0.08428128231644261,0.06463288521199587,0.03981385729058945,0.5767254841192644,side:short
10,4.0,86400,1882,0.06748140276301806,0.19829477527955527,-2.2218350532492153,373.19076707612305,128.21024305025196,-15.920912412998952,32.74682875230462,1.4860897602660847,901.0,0.9282678002125399,0.06323060573857599,0.062167906482465465,0.062167906482465465,0.0589798087141339,0.05419766206163656,1.0826804635835512,side:short
10,6.0,900,516,0.19767441860465115,-1.3276935458243735,-1.506446971283117,-685.0898696453767,19.12572947158591,-15.920912412998952,2.876153164626848,1.6693085136133272,900.0,0.42441860465116277,0.11434108527131782,0.07170542635658915,0.05426356589147287,0.02131782945736434,0.003875968992248062,0.25124484494784405,side:short
10,6.0,3600,515,0.19805825242718447,-1.2024295096415039,-2.1092895059207732,-619.2511974653745,22.41502582388244,-15.920912412998952,5.407367768974689,1.671974644485631,1236.0,0.654368932038835,0.141747572815534,0.1029126213592233,0.07961165048543689,0.05436893203883495,0.02524271844660194,0.4118928083977522,side:short
10,6.0,14400,509,0.17288801571709234,-0.6980476876435121,-2.1595444606279615,-355.30627301054767,38.2159260868741,-15.920912412998952,10.3993653491027,1.6759933744540243,1212.0,0.7858546168958742,0.14341846758349705,0.13163064833005894,0.11198428290766209,0.0825147347740668,0.05304518664047151,0.6909506514099677,side:short
10,6.0,86400,493,0.09127789046653144,0.5311507420219954,-2.218017974442888,261.85731581684377,126.87197648714515,-15.920912412998952,26.543892193811786,1.6622244288159627,1167.0,0.8985801217038539,0.0872210953346856,0.0872210953346856,0.08519269776876268,0.08519269776876268,0.07707910750507099,1.2114765288263205,side:short
3,4.0,900,3329,0.14118353860018024,-1.3389294132354186,-1.8286160689151492,-4457.296016660708,15.690621412740608,-7.463253303660872,1.6539435323998122,1.3314564664272386,900.0,0.47882246920997296,0.07389606488434966,0.04265545208771403,0.025533193151096426,0.009011715229798739,0.0006007810153199159,0.15431705215552435,vol:unknown
3,4.0,3600,3329,0.1814358666266146,-1.2566620434063138,-2.114139574294825,-4183.427942499618,23.77582430777219,-7.463253303660872,3.434758811928385,1.3314564664272386,1013.0,0.6869930910183238,0.1249624511865425,0.08531090417542805,0.06127966356263142,0.030039050765995796,0.006608591168519075,0.2949539398422159,vol:unknown
3,4.0,14400,3329,0.11895464103334334,-1.198696204898511,-2.1492507325239876,-3990.459666107143,70.32593983902768,-7.463253303660872,7.417678700379301,1.3314564664272386,1013.0,0.8395914689095825,0.09432261940522679,0.08230699909882848,0.07119255031541004,0.05707419645539201,0.028236707720036048,0.41443075338514657,vol:unknown
3,4.0,86400,3329,0.06728747371583058,0.002889958683307642,-2.1712450845171523,9.62067245673114,184.0942047526187,-7.463253303660872,27.89067330488128,1.3314564664272386,1013.0,0.9297086212075698,0.06248122559327125,0.05977771102433163,0.05947732051667167,0.0585761489936918,0.05407029137879243,1.001294740293852,vol:unknown
3,6.0,900,1099,0.12829845313921748,-1.4802607201013136,-1.6201204489460965,-1626.8065313913437,9.648923537742336,-7.595225036398501,1.5293570477747225,1.4709767573377863,900.0,0.42766151046405826,0.06369426751592357,0.03366696997270246,0.015468607825295723,0.00272975432211101,0.0,0.10992448079442005,vol:unknown
3,6.0,3600,1099,0.17015468607825296,-1.4312410803637248,-2.1306584992342192,-1572.9339473197335,21.7032271897661,-7.595225036398501,3.0053315421585225,1.4709767573377863,1342.0,0.6578707916287534,0.10737033666969972,0.06915377616014559,0.04913557779799818,0.022747952684258416,0.007279344858962694,0.23674353835555687,vol:unknown
3,6.0,14400,1099,0.12010919017288443,-1.3666856910501421,-2.188850118210125,-1501.9875744641063,39.27147243766924,-7.595225036398501,6.4524890424201065,1.4709767573377863,1342.0,0.8171064604185623,0.08826205641492266,0.08098271155595996,0.07006369426751592,0.051865332120109194,0.02183803457688808,0.3598824316468022,vol:unknown
3,6.0,86400,1099,0.07825295723384895,-0.20140756567530788,-2.219197548483002,-221.34691467716334,130.9371632414119,-7.595225036398501,25.159393821676407,1.4709767573377863,1342.0,0.9171974522292994,0.07279344858962693,0.0718835304822566,0.0718835304822566,0.07006369426751592,0.06278434940855324,0.9136803462700533,vol:unknown
5,4.0,900,2231,0.1425369789332138,-1.3390514243984637,-1.8055567537819677,-2987.4237278329724,15.690621412740608,-7.463253303660872,1.765198781832723,1.3748983046686343,900.0,0.4715374271627073,0.07844016136261767,0.049305244285073956,0.02868668758404303,0.011205737337516808,0.0017929179740026895,0.16914983249539137,vol:unknown
5,4.0,3600,2231,0.17480950246526222,-1.265632264918288,-2.129540223100819,-2823.625583032701,52.02032207692196,-7.463253303660872,3.535013584083608,1.3748983046686343,1069.0,0.6875840430300314,0.12057373375168086,0.08202599731062304,0.061407440609592114,0.03272075302554908,0.009861048857014791,0.30872388594082173,vol:unknown
5,4.0,14400,2231,0.12057373375168086,-1.2131550603730892,-2.1765449655479725,-2706.548939692362,70.32593983902768,-7.463253303660872,7.398771384712186,1.3748983046686343,1069.0,0.8417749887942627,0.09367996414164052,0.0842671447781264,0.07037203047960555,0.05468399820708202,0.02868668758404303,0.4200268603006327,vol:unknown
5,4.0,86400,2231,0.0681308830121022,-0.01775014293543185,-2.193995376987305,-39.60056888894846,129.75542155482756,-7.463253303660872,26.504607032300033,1.3748983046686343,1069.0,0.9282832810398924,0.0632003585835948,0.061855670103092786,0.06095921111609144,0.05826983415508741,0.05199462124607799,0.9921770704721513,vol:unknown
5,6.0,900,666,0.14414414414414414,-1.5483787121429933,-1.8097619511867236,-1031.2202222872336,6.885012197068871,-8.596186826712321,1.654066771681888,1.551871649350775,900.0,0.45345345345345345,0.07507507507507508,0.03153153153153153,0.018018018018018018,0.003003003003003003,0.0,0.1150551334434373,vol:unknown
5,6.0,3600,666,0.17717717717717718,-1.4348067696279674,-2.1783398125193623,-955.5813085722262,30.548699418418135,-8.596186826712321,3.1061884554693955,1.551871649350775,1200.0,0.6606606606606606,0.12312312312312312,0.07657657657657657,0.05555555555555555,0.028528528528528527,0.0075075075075075074,0.2660493027878964,vol:unknown
5,6.0,14400,666,0.13513513513513514,-1.3323287708053906,-2.2342168337957133,-887.3309613563902,38.2159260868741,-8.596186826712321,6.589346592027921,1.551871649350775,1200.0,0.8138138138138138,0.1021021021021021,0.09009009009009009,0.07807807807807808,0.05105105105105105,0.025525525525525526,0.39030448137544016,vol:unknown
5,6.0,86400,666,0.08108108108108109,0.2388932773843646,-2.278738985708565,159.10292273798683,125.50350338336176,-8.596186826712321,26.196678532384126,1.551871649350775,1200.0,0.9159159159159159,0.07507507507507508,0.07507507507507508,0.07507507507507508,0.07207207207207207,0.06606606606606606,1.0992502276401004,vol:unknown
10,4.0,900,1323,0.17384731670445955,-1.2672563246245623,-1.6548876875819685,-1676.580117478296,11.836623312409232,-7.463253303660872,1.9928219123124,1.3884204623575098,900.0,0.4520030234315949,0.09674981103552532,0.05366591080876795,0.026455026455026454,0.009070294784580499,0.0015117157974300832,0.18647301427083043,vol:unknown
10,4.0,3600,1323,0.19954648526077098,-1.209336160738814,-2.126292695404311,-1599.951740657451,19.780022468681317,-7.463253303660872,3.6218868905959245,1.3884204623575098,1176.0,0.6651549508692366,0.13529856386999245,0.09145880574452003,0.06273620559334846,0.034013605442176874,0.009070294784580499,0.3256343148322084,vol:unknown
10,4.0,14400,1323,0.1330309901738473,-1.0801792888990052,-2.179689541227947,-1429.077199213384,70.32593983902768,-7.463253303660872,7.36246690714177,1.3884204623575098,1176.0,0.8216175359032502,0.10808767951625095,0.09901738473167045,0.08390022675736962,0.05442176870748299,0.02872260015117158,0.47653471301921607,vol:unknown
10,4.0,86400,1323,0.07860922146636433,0.328404740301584,-2.201647407981639,434.4794714189957,129.75542155482756,-7.463253303660872,27.17285322506371,1.3884204623575098,1176.0,0.9176114890400605,0.07407407407407407,0.07331821617535904,0.07331821617535904,0.0710506424792139,0.06424792139077853,1.1456164190554776,vol:unknown
10,6.0,900,340,0.18235294117647058,-1.295227941247092,-1.4512010589264372,-440.3775000240113,7.1184470711268455,-10.761079908651181,1.9998878877665194,1.5339250863778318,900.0,0.38823529411764707,0.09705882352941177,0.058823529411764705,0.03235294117647059,0.008823529411764706,0.0,0.19263180736450763,vol:unknown
10,6.0,3600,340,0.18235294117647058,-1.2927514662998045,-2.126086884276172,-439.5354985419335,17.76239807464377,-10.761079908651181,3.4551079769247175,1.5339250863778318,1441.5,0.6558823529411765,0.13529411764705881,0.09705882352941177,0.061764705882352944,0.03235294117647059,0.01764705882352941,0.3250407167696713,vol:unknown
10,6.0,14400,340,0.13529411764705881,-1.0548359942195957,-2.1910541627758033,-358.6442380346625,38.2159260868741,-10.761079908651181,7.225328376443967,1.5339250863778318,1441.5,0.8117647058823529,0.11470588235294117,0.1,0.08529411764705883,0.05,0.03235294117647059,0.5141620621117156,vol:unknown
10,6.0,86400,340,0.09705882352941177,0.4421513661778583,-2.2173825566617307,150.3314645004718,126.87197648714515,-10.761079908651181,24.70972242996831,1.5339250863778318,1441.5,0.8970588235294118,0.09117647058823529,0.09117647058823529,0.09117647058823529,0.08823529411764706,0.07647058823529412,1.1888614995609168,vol:unknown
3,4.0,900,482,0.10995850622406639,-2.572331264123589,-2.6181336890743383,-1239.8636693075698,45.095901677391076,-28.444869940877236,6.674296013079053,2.4381839904760065,70.0,0.7634854771784232,0.07676348547717843,0.056016597510373446,0.04149377593360996,0.024896265560165973,0.01037344398340249,0.1650640895137978,vol:vol_extreme
3,4.0,3600,476,0.07983193277310924,-2.7403887656926056,-2.666137948668,-1304.4250524696802,51.20445207868692,-28.444869940877236,12.205508009552208,2.454435515233551,68.5,0.8676470588235294,0.06092436974789916,0.052521008403361345,0.04411764705882353,0.0273109243697479,0.012605042016806723,0.15761718866706925,vol:vol_extreme
3,4.0,14400,476,0.058823529411764705,-2.5029867711699376,-2.7054632649204606,-1191.4217030768903,52.37336365703355,-28.444869940877236,18.002385786834193,2.454435515233551,68.5,0.930672268907563,0.058823529411764705,0.052521008403361345,0.05042016806722689,0.04411764705882353,0.023109243697478993,0.25762782037999404,vol:vol_extreme
3,4.0,86400,471,0.027600849256900213,-2.007046319353873,-2.7636740058458757,-945.3188164156742,121.18951224181379,-28.444869940877236,35.16259501007025,2.4664044244714125,67.0,0.9723991507430998,0.027600849256900213,0.025477707006369428,0.025477707006369428,0.025477707006369428,0.021231422505307854,0.42585952846419317,vol:vol_extreme
3,6.0,900,154,0.1038961038961039,-3.1877036413927233,-2.998118939162724,-490.9063607744794,20.642531904471394,-18.028505433090487,7.417337763006629,2.9941564792682565,34.5,0.7662337662337663,0.07142857142857142,0.03896103896103896,0.032467532467532464,0.025974025974025976,0.01948051948051948,0.13248066298095368,vol:vol_extreme
3,6.0,3600,154,0.07142857142857142,-3.552664025882637,-3.0490284312227427,-547.1102599859261,11.641891538050173,-18.028505433090487,12.062873998283232,2.9941564792682565,34.5,0.8506493506493507,0.05194805194805195,0.045454545454545456,0.03896103896103896,0.01948051948051948,0.006493506493506494,0.07009297292691419,vol:vol_extreme
3,6.0,14400,154,0.06493506493506493,-2.9725781385652,-3.0882855100952273,-457.7770333390408,52.37336365703355,-18.028505433090487,16.30044623169832,2.9941564792682565,34.5,0.922077922077922,0.06493506493506493,0.05194805194805195,0.05194805194805195,0.05194805194805195,0.01948051948051948,0.24660859828798484,vol:vol_extreme
3,6.0,86400,151,0.033112582781456956,-3.2812524961361795,-3.155294260307922,-495.46912691656314,39.03286022179611,-18.028505433090487,34.987476784243036,3.0282400075262377,34.0,0.9668874172185431,0.033112582781456956,0.033112582781456956,0.033112582781456956,0.033112582781456956,0.026490066225165563,0.19869360906586336,vol:vol_extreme
5,4.0,900,349,0.15472779369627507,-2.245842112267988,-2.5509130147722,-783.7988971815278,38.341064505830985,-21.994500181806266,6.328663821392387,2.4110224282416057,114.0,0.7335243553008596,0.11461318051575932,0.09169054441260745,0.07449856733524356,0.045845272206303724,0.014326647564469915,0.22613589194706454,vol:vol_extreme
5,4.0,3600,348,0.10919540229885058,-2.400288275632665,-2.579886792328824,-835.3003199201675,26.650945060441337,-21.994500181806266,11.050606832518351,2.414789734069886,113.0,0.8247126436781609,0.09195402298850575,0.07183908045977011,0.05747126436781609,0.04310344827586207,0.022988505747126436,0.21379948240885827,vol:vol_extreme
5,4.0,14400,348,0.07183908045977011,-2.3840356795322415,-2.6363835646463016,-829.64441647722,34.41404554682039,-21.994500181806266,17.61617252965871,2.414789734069886,113.0,0.9080459770114943,0.06896551724137931,0.06609195402298851,0.0603448275862069,0.05172413793103448,0.040229885057471264,0.26146730292584264,vol:vol_extreme
5,4.0,86400,343,0.04081632653061224,-2.028748746757444,-2.702251716127806,-695.8608201378033,73.4573161713014,-21.994500181806266,32.713375673260835,2.428602231435658,104.0,0.9591836734693877,0.04081632653061224,0.04081632653061224,0.04081632653061224,0.037900874635568516,0.03206997084548105,0.3968164248811853,vol:vol_extreme
5,6.0,900,103,0.14563106796116504,-2.9950749487129755,-2.5538333608163586,-308.4927197174365,6.41617823122812,-21.994500181806266,7.395981496476393,2.818609152331497,74.0,0.7184466019417476,0.08737864077669903,0.06796116504854369,0.05825242718446602,0.02912621359223301,0.0,0.10195714758351229,vol:vol_extreme
5,6.0,3600,103,0.11650485436893204,-3.143549604771446,-2.612054470828705,-323.7856092914589,16.486858994661006,-21.994500181806266,12.186915861030572,2.818609152331497,74.0,0.8252427184466019,0.07766990291262135,0.05825242718446602,0.04854368932038835,0.019417475728155338,0.009708737864077669,0.11124728684226297,vol:vol_extreme
5,6.0,14400,103,0.08737864077669903,-3.049369364663258,-2.8127155686677607,-314.08504456031557,19.995602279534126,-21.994500181806266,15.389475756944503,2.818609152331497,74.0,0.8932038834951457,0.07766990291262135,0.05825242718446602,0.04854368932038835,0.038834951456310676,0.02912621359223301,0.17884617106359638,vol:vol_extreme
5,6.0,86400,101,0.0594059405940594,-2.4178771210402266,-2.874379828198131,-244.20558922506288,50.99734542250466,-21.994500181806266,30.661437192777868,2.846754596668322,69.0,0.9405940594059405,0.0594059405940594,0.0594059405940594,0.0594059405940594,0.0594059405940594,0.039603960396039604,0.371506082434641,vol:vol_extreme
10,4.0,900,242,0.15289256198347106,-2.3887369885198884,-2.3018755782619538,-578.074351221813,6.811618960368028,-14.085865927150154,5.549306391490238,2.1381079636302625,174.5,0.731404958677686,0.10330578512396695,0.06611570247933884,0.028925619834710745,0.008264462809917356,0.0,0.11022542246254842,vol:vol_extreme
10,4.0,3600,242,0.11983471074380166,-2.5026346824181447,-2.3807095285573237,-605.637593145191,9.091795829820462,-14.085865927150154,10.259935003361027,2.1381079636302625,174.5,0.8223140495867769,0.08264462809917356,0.05371900826446281,0.049586776859504134,0.03305785123966942,0.0,0.1284266676799191,vol:vol_extreme
10,4.0,14400,242,0.07851239669421488,-2.254129244351772,-2.4823630840793838,-545.4992771331288,34.61097893623352,-14.085865927150154,15.922878732767483,2.1381079636302625,174.5,0.8925619834710744,0.07024793388429752,0.06611570247933884,0.06198347107438017,0.04132231404958678,0.01652892561983471,0.2511053372620112,vol:vol_extreme
10,4.0,86400,239,0.05439330543933055,-1.4856350204887276,-2.4972994607178127,-355.0667698968059,80.61663101003985,-14.085865927150154,32.7670618624237,2.1484291893026053,172.0,0.9414225941422594,0.0502092050209205,0.04602510460251046,0.04184100418410042,0.04184100418410042,0.029288702928870293,0.5235932850741841,vol:vol_extreme
10,6.0,900,80,0.25,-1.8821081900079153,-1.788297335216608,-150.56865520063323,9.57230474042677,-12.580970701942713,5.781716766779985,2.1760324538661426,531.0,0.575,0.125,0.0625,0.0375,0.0125,0.0,0.18361559297776436,vol:vol_extreme
10,6.0,3600,80,0.2,-2.345465830545457,-2.230165597462027,-187.63726644363658,7.980898976594062,-13.968005591992037,8.861674983000288,2.1760324538661426,531.0,0.725,0.125,0.05,0.0375,0.025,0.0,0.1523869155732107,vol:vol_extreme
10,6.0,14400,80,0.15,-2.0362546931883125,-2.4132500686584404,-162.900375455065,23.351662606525494,-13.968005591992037,10.718862757684477,2.1760324538661426,531.0,0.825,0.125,0.125,0.1125,0.075,0.0125,0.3149949595209836,vol:vol_extreme
10,6.0,86400,77,0.07792207792207792,-1.2623717605546818,-2.4864190281528824,-97.2026255627105,53.31650383704747,-13.968005591992037,18.815718384132914,2.2108757740491742,491.0,0.9090909090909091,0.07792207792207792,0.07792207792207792,0.07792207792207792,0.06493506493506493,0.06493506493506493,0.6027466367165955,vol:vol_extreme
3,4.0,900,1407,0.14285714285714285,-1.6978234241368484,-2.2123583469656687,-2388.8375577605457,73.90102200391978,-15.88579686628347,3.5904782109176274,1.7715046418597704,311.0,0.650319829424307,0.09310589907604833,0.06467661691542288,0.04619758351101635,0.02771855010660981,0.00923951670220327,0.22673960841603785,vol:vol_high
3,4.0,3600,1405,0.12313167259786477,-1.8603158380860811,-2.2869326280214284,-2613.743752510944,59.59819161919336,-15.88579686628347,6.752569262810595,1.7723503057841454,307.0,0.802846975088968,0.09395017793594305,0.06761565836298933,0.050533807829181494,0.032740213523131674,0.010676156583629894,0.23481673208936743,vol:vol_high
3,4.0,14400,1394,0.08751793400286945,-1.7874637663423252,-2.3393440700478028,-2491.7244902812013,99.20789521304401,-15.88579686628347,14.049600693710303,1.7770228550835723,302.5,0.9045911047345767,0.07245337159253945,0.06384505021520803,0.054519368723098996,0.04447632711621234,0.027977044476327116,0.31954472650170324,vol:vol_high
3,4.0,86400,1372,0.025510204081632654,-1.6599267671114655,-2.3993518797707916,-2277.4195244769307,113.61203161718997,-15.88579686628347,31.78379575201686,1.7802675864811435,292.5,0.9737609329446064,0.021865889212827987,0.02040816326530612,0.02040816326530612,0.02040816326530612,0.02040816326530612,0.4083489878147283,vol:vol_high
3,6.0,900,409,0.13691931540342298,-2.07953851898541,-2.3904423295515675,-850.5312542650327,25.03760169911262,-15.88579686628347,3.868070288462216,2.176504635459905,324.0,0.6454767726161369,0.08801955990220049,0.06845965770171149,0.05623471882640587,0.02689486552567237,0.009779951100244499,0.18349952126519517,vol:vol_high
3,6.0,3600,408,0.12009803921568628,-2.0816789107901537,-2.4927522082541245,-849.3249956023827,31.991753456453115,-15.88579686628347,7.762088735156427,2.1786380634809217,323.0,0.8063725490196079,0.09558823529411764,0.07352941176470588,0.061274509803921566,0.04656862745098039,0.014705882352941176,0.25891454544164483,vol:vol_high
3,6.0,14400,404,0.09405940594059406,-1.8577116228208623,-2.566888807951859,-750.5154956196284,38.220909005837854,-15.88579686628347,13.165504651177967,2.1885672011033193,302.5,0.8910891089108911,0.08415841584158416,0.08168316831683169,0.07425742574257425,0.06683168316831684,0.04455445544554455,0.37217403770074076,vol:vol_high
3,6.0,86400,395,0.04050632911392405,-1.2004375176404565,-2.6797013390898896,-474.1728194679803,116.53813904765188,-15.88579686628347,28.733629494635167,2.1936426049433586,272.0,0.959493670886076,0.035443037974683546,0.03291139240506329,0.03291139240506329,0.03291139240506329,0.03291139240506329,0.6189987971567834,vol:vol_high
5,4.0,900,953,0.13746065057712487,-1.8208219902066425,-2.2340555031635603,-1735.2433566669304,32.754478225590965,-15.920912412998952,3.7396270858245417,1.8304631758735392,299.0,0.6484784889821616,0.08919202518363065,0.06190975865687303,0.046169989506820566,0.025183630640083946,0.007345225603357817,0.19825625508775613,vol:vol_high
5,4.0,3600,952,0.11869747899159663,-1.8456794527851135,-2.326395937294669,-1757.0868390514281,59.59819161919336,-15.920912412998952,7.002074960304412,1.8312304691255072,298.5,0.8077731092436975,0.0934873949579832,0.06512605042016807,0.05042016806722689,0.037815126050420166,0.011554621848739496,0.2624113901399015,vol:vol_high
5,4.0,14400,944,0.08686440677966102,-1.6856160484048013,-2.3787316566432883,-1591.2215496941324,50.16554030958077,-15.920912412998952,13.916874730704816,1.8349418171636769,295.0,0.9014830508474576,0.07521186440677965,0.06991525423728813,0.06567796610169492,0.05508474576271186,0.036016949152542374,0.36664611705322553,vol:vol_high
5,4.0,86400,925,0.03135135135135135,-1.4492456572406716,-2.449290960928766,-1340.5522329476212,98.2576938244,-15.920912412998952,30.366541429088443,1.8396977802514143,273.0,0.9675675675675676,0.02810810810810811,0.02702702702702703,0.02702702702702703,0.02702702702702703,0.02702702702702703,0.48887228447296577,vol:vol_high
5,6.0,900,289,0.17301038062283736,-1.8628383535794713,-2.348534736786694,-538.3602841844672,32.754478225590965,-15.920912412998952,4.30082713243171,2.169631525654863,326.0,0.6193771626297578,0.1245674740484429,0.08304498269896193,0.0657439446366782,0.031141868512110725,0.010380622837370242,0.24362850076483136,vol:vol_high
5,6.0,3600,288,0.14930555555555555,-1.592287900720888,-2.4695357820280366,-458.5789154076158,59.59819161919336,-15.920912412998952,8.14252634950894,2.1726300170533692,323.5,0.7673611111111112,0.1284722222222222,0.10416666666666667,0.08680555555555555,0.06597222222222222,0.020833333333333332,0.408668252282935,vol:vol_high
5,6.0,14400,287,0.1289198606271777,-1.2916386950933572,-2.5452434390004,-370.70030549179353,38.220909005837854,-15.920912412998952,13.210867327213258,2.1701154444499937,321.0,0.8536585365853658,0.11846689895470383,0.10801393728222997,0.10801393728222997,0.09407665505226481,0.05574912891986063,0.5465149598156931,vol:vol_high
5,6.0,86400,280,0.06785714285714285,-0.2669123562984839,-2.61130330882214,-74.73545976357549,98.2576938244,-15.920912412998952,26.885929234126813,2.1930084416054925,296.5,0.9321428571428572,0.06428571428571428,0.060714285714285714,0.060714285714285714,0.060714285714285714,0.05714285714285714,0.9129489872054136,vol:vol_high
10,4.0,900,607,0.21252059308072488,-1.4057305365518442,-2.117543367695588,-853.2784356869695,34.84257695655881,-15.920912412998952,3.7916950490278087,1.7356668774964374,440.0,0.5930807248764415,0.13838550247116968,0.08072487644151564,0.057660626029654036,0.02800658978583196,0.013179571663920923,0.3022050658125711,vol:vol_high
10,4.0,3600,606,0.15676567656765678,-1.439276527886501,-2.2477084433478742,-872.2015758992196,59.59819161919336,-15.920912412998952,6.901901541113953,1.7363757898307797,435.5,0.7838283828382838,0.13366336633663367,0.0891089108910891,0.066006600660066,0.04785478547854786,0.0231023102310231,0.37984109823619905,vol:vol_high
10,4.0,14400,603,0.10613598673300166,-1.2818816422967143,-2.2908562568542856,-772.9746303049187,63.52247755490018,-15.920912412998952,13.737521323513958,1.7396769644406755,427.0,0.8805970149253731,0.0978441127694859,0.087893864013267,0.0812603648424544,0.06633499170812604,0.04145936981757877,0.4897828629094348,vol:vol_high
10,4.0,86400,585,0.041025641025641026,-0.8919601921261693,-2.349707603951131,-521.796712393809,117.04410162274108,-15.920912412998952,29.14808763589541,1.7380953734732623,403.0,0.9572649572649573,0.041025641025641026,0.039316239316239315,0.039316239316239315,0.039316239316239315,0.037606837606837605,0.670737149067962,vol:vol_high
10,6.0,900,162,0.2654320987654321,-1.3116218305904894,-1.7145263063490481,-212.4827365556593,19.12572947158591,-15.920912412998952,3.932130192483652,1.9059999291094898,900.0,0.47530864197530864,0.16666666666666666,0.1111111111111111,0.09259259259259259,0.037037037037037035,0.006172839506172839,0.3521481977146266,vol:vol_high
10,6.0,3600,161,0.21739130434782608,-1.3240498944889065,-2.1706724432520503,-213.17203301271397,19.781089610916823,-15.920912412998952,7.394817546549611,1.9110061398493001,950.0,0.7329192546583851,0.18012422360248448,0.13043478260869565,0.11180124223602485,0.08074534161490683,0.031055900621118012,0.4470381649098794,vol:vol_high
10,6.0,14400,161,0.16770186335403728,-1.2489591443088095,-2.2168961434551675,-201.08242223371832,37.64301404218049,-15.920912412998952,12.732296320637602,1.9110061398493001,950.0,0.8012422360248447,0.15527950310559005,0.14906832298136646,0.12422360248447205,0.07453416149068323,0.049689440993788817,0.5085019742320316,vol:vol_high
10,6.0,86400,157,0.10828025477707007,0.6395405338862311,-2.353753037300248,100.40786382013829,103.81041955995242,-15.920912412998952,25.19301401646139,1.9219985729800957,931.0,0.8853503184713376,0.10828025477707007,0.10828025477707007,0.10191082802547771,0.10191082802547771,0.09554140127388536,1.233875290112189,vol:vol_high
3,4.0,900,4448,0.14141187050359713,-1.264104076905336,-1.743858814654037,-5622.734934074934,26.111217573980916,-7.243182807373737,1.7949091303976195,1.3291767470853135,900.0,0.46223021582733814,0.07508992805755396,0.04226618705035971,0.03147482014388489,0.016636690647482015,0.0049460431654676255,0.1960113864782697,vol:vol_normal
3,4.0,3600,4397,0.15601546508983397,-1.266223455594007,-2.112596304790423,-5567.584534246849,53.52066520868091,-10.0797706118626,3.656281581455642,1.3306130266889646,1093.0,0.6904707755287696,0.10757334546281555,0.07618831021150785,0.053672958835569703,0.03138503525130771,0.012281100750511713,0.3063342473209268,vol:vol_normal
3,4.0,14400,4332,0.11957525392428439,-1.1174393279850663,-2.146957899233583,-4840.747168831307,84.89977494252655,-10.0797706118626,7.626064994899921,1.3323219249882603,1040.5,0.8494921514312096,0.10503231763619575,0.08679593721144968,0.06971375807940905,0.04916897506925208,0.025161588180978762,0.4597699772999535,vol:vol_normal
3,4.0,86400,4110,0.028223844282238442,-1.1976834295469216,-2.180645179487393,-4922.478895437848,138.46147519375756,-10.0797706118626,23.66366327469328,1.3377766205599246,899.0,0.9712895377128954,0.027493917274939172,0.026277372262773723,0.02506082725060827,0.022627737226277374,0.01824817518248175,0.48740533715010953,vol:vol_normal
3,6.0,900,1551,0.11734364925854288,-1.4358320543466623,-1.7117150435205355,-2226.975516291673,26.111217573980916,-8.175339146960887,1.7039957868629247,1.47288442266527,900.0,0.4435847840103159,0.06060606060606061,0.03546099290780142,0.027079303675048357,0.010315925209542231,0.004513217279174726,0.15486547267035727,vol:vol_normal
3,6.0,3600,1531,0.14696276943174397,-1.4377426801617725,-2.119452122193255,-2201.184043327674,37.58213438642764,-8.175339146960887,3.2456610392044465,1.474605186110666,1231.0,0.6472893533638145,0.09274983670803397,0.06139777922926192,0.041802743305029394,0.024167210973220117,0.011103853690398433,0.2431569620064423,vol:vol_normal
3,6.0,14400,1499,0.12608405603735823,-1.3471946931179926,-2.1742039756793115,-2019.4448449838708,81.84802673614078,-8.175339146960887,6.740996827521049,1.4782676642093595,1177.0,0.8245496997998666,0.1067378252168112,0.08872581721147432,0.06737825216811208,0.04469646430953969,0.02134756504336224,0.37528757853306133,vol:vol_normal
3,6.0,86400,1413,0.026185421089879687,-1.4776948623195358,-2.236516303048907,-2087.982840457504,80.78855568728648,-8.283225364473253,21.603229837518356,1.4900854633976675,1008.0,0.97310686482661,0.025477707006369428,0.024062278839348902,0.02335456475583864,0.019815994338287332,0.01556970983722576,0.40762294838010305,vol:vol_normal
5,4.0,900,3014,0.15262110152621103,-1.2255773574829765,-1.6875035276616188,-3693.890155453691,26.111217573980916,-8.298739565499043,1.9493668782552638,1.3836110498340373,900.0,0.44790975447909753,0.08493696084936961,0.050431320504313204,0.035832780358327807,0.019575315195753153,0.0063039150630391505,0.22572659682110038,vol:vol_normal
5,4.0,3600,2977,0.16224386966745044,-1.252224010819736,-2.120663439837236,-3727.870880210354,46.005958879377495,-8.298739565499043,3.676971194385257,1.3858085640601203,1185.0,0.670809539805173,0.11017803157541149,0.07725898555592879,0.05710446758481693,0.03123950285522338,0.012764528048370843,0.31789492299935684,vol:vol_normal
5,4.0,14400,2923,0.12863496407800204,-1.1196614139431857,-2.1675495733640497,-3272.7703129559322,84.89977494252655,-8.298739565499043,7.751974328192665,1.3896816936967802,1120.0,0.8330482381115293,0.11289770783441669,0.08894970920287376,0.07081765309613411,0.04994868286007526,0.02565856996236743,0.4640876841994655,vol:vol_normal
5,4.0,86400,2763,0.025696706478465437,-1.427306744655341,-2.218017974442888,-3943.648535482707,116.97115667935479,-8.298739565499043,23.061701392638884,1.395795280085685,952.0,0.9739413680781759,0.024610930148389432,0.023525153818313427,0.022439377488237423,0.020267824828085413,0.015562794064422729,0.4049384151019748,vol:vol_normal
5,6.0,900,912,0.13925438596491227,-1.419531510940982,-1.7160377369315762,-1294.6127379781756,17.850835413531836,-10.218476627807965,1.8234328399506814,1.5588296386499532,900.0,0.42872807017543857,0.0712719298245614,0.041666666666666664,0.03179824561403509,0.01864035087719298,0.005482456140350877,0.17905126115072229,vol:vol_normal
5,6.0,3600,902,0.15299334811529933,-1.4385470924819665,-2.124654552316364,-1297.5694774187339,30.683563113445143,-10.218476627807965,3.2357220144925947,1.5593239425965222,1381.5,0.6297117516629712,0.1008869179600887,0.06651884700665188,0.04767184035476718,0.026607538802660754,0.014412416851441241,0.2633468647907155,vol:vol_normal
5,6.0,14400,883,0.13023782559456398,-1.407639875286138,-2.2007917144197564,-1242.94600987766,40.25392438789986,-10.218476627807965,6.319996657468764,1.5693844452624928,1288.0,0.812004530011325,0.10532276330690826,0.08833522083805209,0.07361268403171008,0.05096262740656852,0.01925254813137033,0.36733529469167325,vol:vol_normal
5,6.0,86400,828,0.03140096618357488,-1.4899376917693494,-2.2783360960760937,-1233.6684087850213,78.90530868875533,-10.218476627807965,18.940501205848506,1.574824523071513,1095.5,0.967391304347826,0.028985507246376812,0.026570048309178744,0.024154589371980676,0.01932367149758454,0.01570048309178744,0.4205905574731395,vol:vol_normal
10,4.0,900,1740,0.18620689655172415,-1.0193748581786797,-1.502978390188276,-1773.7122532309027,26.06552464396061,-9.436412582861346,2.246903338326337,1.3919429461163606,900.0,0.4091954022988506,0.1074712643678161,0.07011494252873564,0.04885057471264368,0.02586206896551724,0.008620689655172414,0.32081416971080007,vol:vol_normal
10,4.0,3600,1717,0.18811881188118812,-1.033314537405905,-2.108789799968524,-1774.201060725939,38.89793486101498,-9.588719628346349,4.076839960230854,1.3941943142808053,1519.0,0.6383226557949913,0.1391962725684333,0.10541642399534071,0.0768782760629004,0.0442632498543972,0.016307513104251603,0.4197252401773016,vol:vol_normal
10,4.0,14400,1677,0.14609421586165772,-0.9691398940091641,-2.155265113022871,-1625.2476022533683,80.0671629251131,-9.588719628346349,7.8379102262964295,1.3973080838844718,1392.0,0.8133571854502087,0.12641621943947526,0.10673822301729279,0.08825283243887895,0.0626118067978533,0.03041144901610018,0.5299383749424923,vol:vol_normal
10,4.0,86400,1574,0.028589580686149935,-1.419717398577485,-2.2178738761381434,-2234.6351853609613,80.87195668695655,-9.588719628346349,22.60200122445964,1.4014330973875844,1188.0,0.9695044472681067,0.026048284625158832,0.02477763659466328,0.0241423125794155,0.019695044472681066,0.01588310038119441,0.4114394157555557,vol:vol_normal
10,6.0,900,448,0.19419642857142858,-1.0818805939676275,-1.450829520960629,-484.68250609749714,18.61940392244062,-10.57662369302593,2.256487049152663,1.5111045741035112,900.0,0.375,0.11160714285714286,0.06919642857142858,0.049107142857142856,0.024553571428571428,0.006696428571428571,0.29619526361759935,vol:vol_normal
10,6.0,3600,446,0.20179372197309417,-1.0604660117407156,-2.107687720436959,-472.9678412363592,32.00464528152296,-10.57662369302593,3.702537617115694,1.5152244291534789,1927.0,0.6098654708520179,0.1412556053811659,0.1031390134529148,0.07847533632286996,0.04932735426008968,0.017937219730941704,0.41927847477317237,vol:vol_normal
10,6.0,14400,432,0.18055555555555555,-0.8077033455967473,-2.156579027406858,-348.9278452977948,37.82856288484988,-10.57662369302593,6.910103941700792,1.526609518753994,1805.5,0.7708333333333334,0.14351851851851852,0.13194444444444445,0.10416666666666667,0.08564814814814815,0.041666666666666664,0.6101192749184944,vol:vol_normal
10,6.0,86400,399,0.02756892230576441,-1.6076380973831363,-2.270627487012354,-641.4476008558714,75.61546372105322,-10.57662369302593,15.93668968732934,1.5156051939813373,1391.0,0.9649122807017544,0.022556390977443608,0.022556390977443608,0.022556390977443608,0.020050125313283207,0.017543859649122806,0.3640804958609908,vol:vol_normal
