window_s,sigma_mult,max_hold_s,n,win_rate,mean_r,median_r,total_r,max_r,min_r,mean_mfe_r,mean_cost_r,median_hold_s,stop_rate,p_ge_1r,p_ge_2r,p_ge_3r,p_ge_5r,p_ge_10r,profit_factor,stratum
10,4.0,900,315,0.012698412698412698,-0.4534711754710675,-0.12879427039669922,-142.84342027338627,14.934510242387592,-2.7227263647585063,0.3642465475193841,0.4399126134800689,900.0,0.06349206349206349,0.009523809523809525,0.0031746031746031746,0.0031746031746031746,0.0031746031746031746,0.0031746031746031746,0.1091880637289635,align:counter_trend
5,4.0,900,356,0.008426966292134831,-0.570874788710058,-0.22859834904308773,-203.23142478078066,3.083136780348225,-2.356758467494366,0.2873685885341124,0.5247058748064034,900.0,0.06741573033707865,0.008426966292134831,0.0056179775280898875,0.0028089887640449437,0.0,0.0,0.03606824941133543,align:counter_trend
10,6.0,900,255,0.011764705882352941,-0.3501750113645512,-0.12679872740692213,-89.29462789796055,1.0413441612020697,-2.7227263647585063,0.17908666064252962,0.27223563880211793,900.0,0.054901960784313725,0.00392156862745098,0.0,0.0,0.0,0.0,0.021449625980015576,align:counter_trend
3,6.0,900,282,0.010638297872340425,-0.5020815236703011,-0.37216068999834784,-141.5869896750249,4.6828845000169155,-2.203718271278104,0.2387382156683185,0.4879854756528368,900.0,0.05673758865248227,0.010638297872340425,0.010638297872340425,0.0070921985815602835,0.0,0.0,0.07470008007734781,align:counter_trend
3,4.0,900,355,0.005633802816901409,-0.6015166408759859,-0.3784054329332473,-213.538407510975,13.417375873799601,-2.364726509321313,0.3509885390941696,0.6025229680029814,900.0,0.05352112676056338,0.005633802816901409,0.005633802816901409,0.005633802816901409,0.0028169014084507044,0.0028169014084507044,0.07500156038937958,align:counter_trend
5,6.0,900,257,0.01556420233463035,-0.40405228688410133,-0.22260618893303863,-103.84143772921404,3.229422888913173,-2.356758467494366,0.1959082548104446,0.3710118077865096,900.0,0.06614785992217899,0.011673151750972763,0.007782101167315175,0.0038910505836575876,0.0,0.0,0.07294861955381961,align:counter_trend
5,6.0,3600,257,0.011673151750972763,-0.7103791441934784,-0.25038090469200863,-182.56744005772393,3.2391537920415487,-2.356758467494366,1.0268326516233777,0.3710118077865096,3600.0,0.3657587548638132,0.011673151750972763,0.007782101167315175,0.0038910505836575876,0.0,0.0,0.0388373256498371,align:counter_trend
10,4.0,3600,315,0.012698412698412698,-0.6999005565797046,-1.0036940107586154,-220.46867532260694,14.990171536940455,-2.7667943410581137,1.3249326817885547,0.4399126134800689,3600.0,0.23174603174603176,0.012698412698412698,0.006349206349206349,0.0031746031746031746,0.0031746031746031746,0.0031746031746031746,0.08186322456759695,align:counter_trend
3,4.0,3600,355,0.005633802816901409,-0.8530295695140407,-0.443442531468075,-302.82549717748446,13.564733546788796,-2.364726509321313,1.5089445879036218,0.6025229680029814,3600.0,0.29859154929577464,0.005633802816901409,0.005633802816901409,0.005633802816901409,0.0028169014084507044,0.0028169014084507044,0.05445110770565276,align:counter_trend
3,6.0,3600,282,0.014184397163120567,-0.7523290449528754,-0.4064597870269717,-212.15679067671087,4.735780712929099,-2.2409982088810043,1.1276256079029179,0.4879854756528368,3600.0,0.30851063829787234,0.014184397163120567,0.014184397163120567,0.0070921985815602835,0.0,0.0,0.062311307993509334,align:counter_trend
10,6.0,3600,255,0.00784313725490196,-0.5799953301070411,-0.1389708958982538,-147.89880917729548,1.0493853683235104,-2.7667943410581137,0.6577202995319905,0.27223563880211793,3600.0,0.1843137254901961,0.00392156862745098,0.0,0.0,0.0,0.0,0.012017080926471167,align:counter_trend
5,4.0,3600,356,0.011235955056179775,-0.841087267811251,-1.0703515889574684,-299.42706734080537,3.08661755848772,-2.356758467494366,1.3533788453277091,0.5247058748064034,3600.0,0.33707865168539325,0.008426966292134831,0.0056179775280898875,0.0028089887640449437,0.0,0.0,0.027430023337612415,align:counter_trend
5,6.0,14400,257,0.011673151750972763,-1.3585975171587656,-1.2295544787734414,-349.1595619098028,1.6687288402925486,-3.1652358025097094,3.3982364118470985,0.3710118077865096,5224.0,0.9844357976653697,0.0038910505836575876,0.0,0.0,0.0,0.0,0.007432707171062198,align:counter_trend
5,4.0,14400,356,0.008426966292134831,-1.5288567348679243,-1.2296461620688972,-544.272997612981,1.548222984397014,-3.1652358025097094,5.100552114260533,0.5247058748064034,4962.0,0.9887640449438202,0.0056179775280898875,0.0,0.0,0.0,0.0,0.005244793231581718,align:counter_trend
3,6.0,14400,282,0.010638297872340425,-1.4712120028316233,-1.3826618600049558,-414.8817847985178,2.060422378417966,-3.1652358025097094,4.470176458241639,0.4879854756528368,5382.0,0.9787234042553191,0.0070921985815602835,0.0035460992907801418,0.0,0.0,0.0,0.008200965086967129,align:counter_trend
10,4.0,14400,315,0.009523809523809525,-1.4126530032287348,-1.1297214866745018,-444.98569601705145,6.959244477894444,-3.689197331233378,4.177531933098369,0.4399126134800689,7335.0,0.9111111111111111,0.0031746031746031746,0.0031746031746031746,0.0031746031746031746,0.0031746031746031746,0.0,0.016410915827156043,align:counter_trend
10,6.0,14400,255,0.00392156862745098,-1.2660816331619784,-1.1296612651227351,-322.85081645630447,0.15385133372881588,-3.689197331233378,2.2956109304235555,0.27223563880211793,8010.0,0.8823529411764706,0.0,0.0,0.0,0.0,0.0,0.0004763130352928081,align:counter_trend
3,4.0,14400,355,0.005633802816901409,-1.5869437535268087,-1.3827728479257126,-563.3650325020171,5.7082231285241045,-3.1652358025097094,5.864267629486768,0.6025229680029814,5508.0,0.9830985915492958,0.005633802816901409,0.0028169014084507044,0.0028169014084507044,0.0028169014084507044,0.0,0.011921368865109817,align:counter_trend
5,6.0,86400,257,0.0,-1.3755220307013207,-1.2295588085916314,-353.50916189023945,-0.11790868910527987,-3.1652358025097094,5.114392312450479,0.3710118077865096,5224.0,0.9883268482490273,0.0,0.0,0.0,0.0,0.0,0.0,align:counter_trend
10,6.0,86400,255,0.0,-1.2801204433188875,-1.1296712949825836,-326.4307130463163,-0.13366770137622744,-3.689197331233378,3.5117295570590947,0.27223563880211793,8010.0,0.996078431372549,0.0,0.0,0.0,0.0,0.0,0.0,align:counter_trend
3,6.0,86400,282,0.0,-1.4988169452834523,-1.3826714309256873,-422.66637856993356,-0.32799775584596547,-3.1652358025097094,6.868769441342993,0.4879854756528368,5382.0,0.9893617021276596,0.0,0.0,0.0,0.0,0.0,0.0,align:counter_trend
10,4.0,86400,315,0.0,-1.4532937838448536,-1.1297344549276003,-457.7875419111289,-0.10875513360940482,-3.689197331233378,5.951399660256359,0.4399126134800689,7335.0,0.9936507936507937,0.0,0.0,0.0,0.0,0.0,0.0,align:counter_trend
5,4.0,86400,356,0.0,-1.5429295630030817,-1.2296467229321142,-549.2829244290971,-0.20729858341457466,-3.1652358025097094,7.312766063928075,0.5247058748064034,4962.0,0.9915730337078652,0.0,0.0,0.0,0.0,0.0,0.0,align:counter_trend
3,4.0,86400,355,0.0,-1.616811391890058,-1.3828129299030374,-573.9680441209706,-0.32723551750637847,-3.1652358025097094,8.532154843467323,0.6025229680029814,5508.0,0.9887323943661972,0.0,0.0,0.0,0.0,0.0,0.0,align:counter_trend
10,6.0,900,15,0.0,-0.6177313177863398,-0.12729754987394276,-9.265969766795097,-0.11774864624384117,-1.2440951479255107,0.20104262289463026,0.3408489496771648,900.0,0.26666666666666666,0.0,0.0,0.0,0.0,0.0,0.0,align:unknown
3,4.0,900,28,0.0,-0.6520520756627465,-0.38416018760620585,-18.2574581185569,-0.34842526402507634,-1.7337455158232211,0.22491932735640144,0.5314315231321501,900.0,0.10714285714285714,0.0,0.0,0.0,0.0,0.0,0.0,align:unknown
5,4.0,900,23,0.0,-0.6510614400306495,-0.22621114891370384,-14.974413120704938,-0.19990322591939588,-1.4341047275795085,0.24011351608997966,0.4743600613892342,900.0,0.17391304347826086,0.0,0.0,0.0,0.0,0.0,0.0,align:unknown
10,4.0,900,20,0.0,-0.6855495064691198,-1.035952764636027,-13.710990129382397,-0.11219993927701379,-1.2440951479255107,0.17212282015656793,0.48184075833154144,900.0,0.15,0.0,0.0,0.0,0.0,0.0,0.0,align:unknown
3,6.0,900,22,0.0,-0.6530565025476371,-0.366873530072102,-14.367243056048016,-0.3270997966288292,-1.7337455158232211,0.28742365691160265,0.5099338830525328,900.0,0.13636363636363635,0.0,0.0,0.0,0.0,0.0,0.0,align:unknown
5,6.0,900,19,0.0,-0.5097139985176561,-0.2233330071010975,-9.684565971835466,-0.199924353096093,-1.4341047275795085,0.28186814654218423,0.29623723081430564,900.0,0.21052631578947367,0.0,0.0,0.0,0.0,0.0,0.0,align:unknown
10,4.0,3600,20,0.0,-0.9741165026011934,-1.0387252621440086,-19.48233005202387,-0.10175328440535315,-2.1430125013664005,1.194166995060416,0.48184075833154144,3600.0,0.3,0.0,0.0,0.0,0.0,0.0,0.0,align:unknown
5,4.0,3600,23,0.0,-0.778274433021077,-0.9041296289927528,-17.90031195948477,-0.18142213713071922,-2.147685759836867,0.7603623347445295,0.4743600613892342,3600.0,0.30434782608695654,0.0,0.0,0.0,0.0,0.0,0.0,align:unknown
3,6.0,3600,22,0.0,-1.0665457546339634,-1.369472179248548,-23.464006601947194,-0.29426509803747547,-2.1264951254108624,1.8679240400402706,0.5099338830525328,3365.5,0.5454545454545454,0.0,0.0,0.0,0.0,0.0,0.0,align:unknown
10,6.0,3600,15,0.0,-0.9451600120285321,-1.129723191615251,-14.17740018042798,-0.11931895194879481,-2.130063236660777,1.126292892571899,0.3408489496771648,2217.0,0.5333333333333333,0.0,0.0,0.0,0.0,0.0,0.0,align:unknown
3,4.0,3600,28,0.0,-1.0606581667325434,-1.2424773447997493,-29.698428668511216,-0.31876199475948536,-2.227872139924609,1.9136120956100604,0.5314315231321501,3489.5,0.5,0.0,0.0,0.0,0.0,0.0,0.0,align:unknown
5,6.0,3600,19,0.0,-0.5591543626328042,-0.22922747212941486,-10.62393289002328,-0.18069813660432205,-1.4341047275795085,0.3945187314123261,0.29623723081430564,3600.0,0.2631578947368421,0.0,0.0,0.0,0.0,0.0,0.0,align:unknown
10,4.0,14400,20,0.0,-1.499182372500581,-1.1834015482633071,-29.98364745001162,-1.0196893370245559,-2.2353024643524337,4.740984335547425,0.48184075833154144,7009.5,0.95,0.0,0.0,0.0,0.0,0.0,0.0,align:unknown
5,4.0,14400,23,0.0,-1.5038947227202513,-1.239252606322929,-34.58957862256578,-1.222762962859918,-2.242702947287451,4.219068858392321,0.4743600613892342,5462.0,1.0,0.0,0.0,0.0,0.0,0.0,0.0,align:unknown
3,6.0,14400,22,0.0,-1.5371055628384431,-1.3835933266315799,-33.81632238244575,-1.3683541985904133,-2.1920857409766152,4.227315362527558,0.5099338830525328,3365.5,1.0,0.0,0.0,0.0,0.0,0.0,0.0,align:unknown
5,6.0,14400,19,0.0,-1.309967339645255,-1.2295838837791837,-24.889379453259842,-1.2216677691017326,-2.1475444527387717,2.8896329569149173,0.29623723081430564,5488.0,1.0,0.0,0.0,0.0,0.0,0.0,0.0,align:unknown
10,6.0,14400,15,0.0,-1.3420258221800836,-1.1297601862785829,-20.130387332701254,-1.032357696671226,-2.1478606433155827,3.5613639879712857,0.3408489496771648,2217.0,0.8666666666666667,0.0,0.0,0.0,0.0,0.0,0.0,align:unknown
3,4.0,14400,28,0.0,-1.5602922094425222,-1.3932559847595398,-43.68818186439062,-1.367017540794777,-2.227872139924609,4.587443666345638,0.5314315231321501,3640.5,1.0,0.0,0.0,0.0,0.0,0.0,0.0,align:unknown
3,6.0,86400,22,0.0,-1.5371055628384431,-1.3835933266315799,-33.81632238244575,-1.3683541985904133,-2.1920857409766152,5.343092937645191,0.5099338830525328,3365.5,1.0,0.0,0.0,0.0,0.0,0.0,0.0,align:unknown
10,6.0,86400,15,0.0,-1.3536611354141177,-1.1297625590089364,-20.304917031211765,-1.129551159709322,-2.1478606433155827,3.6901200406588313,0.3408489496771648,2217.0,1.0,0.0,0.0,0.0,0.0,0.0,0.0,align:unknown
3,4.0,86400,28,0.0,-1.5602922094425222,-1.3932559847595398,-43.68818186439062,-1.367017540794777,-2.227872139924609,5.967923351709535,0.5314315231321501,3640.5,1.0,0.0,0.0,0.0,0.0,0.0,0.0,align:unknown
10,4.0,86400,20,0.0,-1.5046770174824677,-1.1834015482633071,-30.093540349649356,-1.1294261201669922,-2.2353024643524337,6.422788715267076,0.48184075833154144,7009.5,1.0,0.0,0.0,0.0,0.0,0.0,0.0,align:unknown
5,6.0,86400,19,0.0,-1.309967339645255,-1.2295838837791837,-24.889379453259842,-1.2216677691017326,-2.1475444527387717,3.337389854096042,0.29623723081430564,5488.0,1.0,0.0,0.0,0.0,0.0,0.0,0.0,align:unknown
5,4.0,86400,23,0.0,-1.5038947227202513,-1.239252606322929,-34.58957862256578,-1.222762962859918,-2.242702947287451,5.980433081273764,0.4743600613892342,5462.0,1.0,0.0,0.0,0.0,0.0,0.0,0.0,align:unknown
10,4.0,900,451,0.004434589800443459,-0.6546424725417885,-0.15572483040434992,-295.2437551163466,0.2531450736869775,-2.541515579028196,0.4177963770865045,0.38798107798064796,900.0,0.2549889135254989,0.0,0.0,0.0,0.0,0.0,0.0012660911323545512,align:with_trend
5,6.0,900,366,0.0,-0.6819968136192004,-0.22817650994939528,-249.61083378462735,-0.1971949196077952,-2.590560273231702,0.46810654799907203,0.35824936413403097,900.0,0.31693989071038253,0.0,0.0,0.0,0.0,0.0,0.0,align:with_trend
3,4.0,900,445,0.0044943820224719105,-0.9253723972945403,-1.0452072483208272,-411.79071679607046,1.2236132624929668,-2.590560273231702,0.8456240897465434,0.6577189189962058,900.0,0.27191011235955054,0.0022471910112359553,0.0,0.0,0.0,0.0,0.00401970337045979,align:with_trend
10,6.0,900,372,0.008064516129032258,-0.5271937092278797,-0.12965690591596957,-196.11605983277124,0.7985401765353728,-2.541515579028196,0.2315029082623612,0.23863399380543562,900.0,0.271505376344086,0.0,0.0,0.0,0.0,0.0,0.006113118135753001,align:with_trend
3,6.0,900,338,0.0029585798816568047,-0.8654121850888424,-0.38229986416459183,-292.50931856002876,0.40802275970331564,-2.590560273231702,0.7666870726304953,0.5437450795951826,900.0,0.31952662721893493,0.0,0.0,0.0,0.0,0.0,0.0013929621164284055,align:with_trend
5,4.0,900,431,0.0,-0.7990903333876956,-1.0555108815653622,-344.4079336900968,-0.19455159642379283,-2.590560273231702,0.5248143943746484,0.5106595156780143,900.0,0.28306264501160094,0.0,0.0,0.0,0.0,0.0,0.0,align:with_trend
5,4.0,3600,431,0.004640371229698376,-1.0228407195903682,-1.2237793710375613,-440.84435014344865,1.3839930316268074,-2.6236037441714863,1.5504016862969634,0.5106595156780143,3279.0,0.505800464037123,0.002320185614849188,0.0,0.0,0.0,0.0,0.004439404979893614,align:with_trend
5,6.0,3600,366,0.00819672131147541,-0.8630681504749979,-1.2217573100162413,-315.8829430738492,1.3844215561968116,-2.6236037441714863,0.9358242431785225,0.35824936413403097,3259.5,0.5027322404371585,0.00273224043715847,0.0,0.0,0.0,0.0,0.00824046071563447,align:with_trend
10,6.0,3600,372,0.005376344086021506,-0.7603502912293248,-1.0306694877935159,-282.85030833730883,0.25427900234879985,-2.6236037441714863,0.545256014806433,0.23863399380543562,3600.0,0.3951612903225806,0.0,0.0,0.0,0.0,0.0,0.0013844550453914718,align:with_trend
10,4.0,3600,451,0.0022172949002217295,-0.8910060299483883,-1.078002832908274,-401.8437195067231,0.254377323621369,-2.6236037441714863,1.0699226381276763,0.38798107798064796,3600.0,0.3968957871396896,0.0,0.0,0.0,0.0,0.0,0.0006326250375880225,align:with_trend
3,4.0,3600,445,0.0044943820224719105,-1.1437796610579558,-1.3691571609682331,-508.98194917079036,7.882501629051884,-2.6236037441714863,1.9838458493946634,0.6577189189962058,3600.0,0.4943820224719101,0.0022471910112359553,0.0022471910112359553,0.0022471910112359553,0.0022471910112359553,0.0,0.016114613499236034,align:with_trend
3,6.0,3600,338,0.005917159763313609,-1.0447607587230583,-1.3704589971345502,-353.1291364483937,1.906785659311114,-2.6236037441714863,1.4786054628908514,0.5437450795951826,3558.5,0.5,0.0029585798816568047,0.0,0.0,0.0,0.0,0.006775515672388324,align:with_trend
3,4.0,14400,445,0.0,-1.684412494081989,-1.439059503089374,-749.5635598664851,-0.3660376279033999,-3.692066301786888,5.420512863369998,0.6577189189962058,3667.0,0.9887640449438202,0.0,0.0,0.0,0.0,0.0,0.0,align:with_trend
3,6.0,14400,338,0.0,-1.559712705759316,-1.405330287299507,-527.1828945466489,-0.3486668806975906,-3.692066301786888,3.7698507262047625,0.5437450795951826,3558.5,0.9881656804733728,0.0,0.0,0.0,0.0,0.0,0.0,align:with_trend
5,4.0,14400,431,0.0,-1.5243940364543127,-1.2493101393334078,-657.0138297118087,-0.20383906465156115,-3.692066301786888,4.489587799587715,0.5106595156780143,3279.0,0.9860788863109049,0.0,0.0,0.0,0.0,0.0,0.0,align:with_trend
10,4.0,14400,451,0.0,-1.375045316144242,-1.129768520885265,-620.1454375810531,-0.1909606054310191,-3.617075014341558,3.305072965882598,0.38798107798064796,5690.0,0.7516629711751663,0.0,0.0,0.0,0.0,0.0,0.0,align:with_trend
10,6.0,14400,372,0.0,-1.2105957687093372,-1.1296749439635103,-450.3416259598734,-0.13387002677069462,-3.617075014341558,1.8533531029591892,0.23863399380543562,6256.0,0.706989247311828,0.0,0.0,0.0,0.0,0.0,0.0,align:with_trend
5,6.0,14400,366,0.0,-1.367045224768174,-1.2405295247463022,-500.33855226515163,-0.20389463808200928,-3.692066301786888,2.6602881039617237,0.35824936413403097,3259.5,0.9890710382513661,0.0,0.0,0.0,0.0,0.0,0.0,align:with_trend
10,4.0,86400,451,0.0,-1.400230750809308,-1.1298062693096382,-631.5040686149979,-0.1909606054310191,-3.617075014341558,3.916381518333396,0.38798107798064796,5690.0,0.9933481152993349,0.0,0.0,0.0,0.0,0.0,0.0,align:with_trend
3,4.0,86400,445,0.0,-1.684412494081989,-1.439059503089374,-749.5635598664851,-0.3660376279033999,-3.692066301786888,6.101976866625923,0.6577189189962058,3667.0,0.9887640449438202,0.0,0.0,0.0,0.0,0.0,0.0,align:with_trend
3,6.0,86400,338,0.0,-1.559712705759316,-1.405330287299507,-527.1828945466489,-0.3486668806975906,-3.692066301786888,4.31166414261903,0.5437450795951826,3558.5,0.9881656804733728,0.0,0.0,0.0,0.0,0.0,0.0,align:with_trend
5,4.0,86400,431,0.0,-1.5243940364543127,-1.2493101393334078,-657.0138297118087,-0.20383906465156115,-3.692066301786888,5.169971431086825,0.5106595156780143,3279.0,0.9860788863109049,0.0,0.0,0.0,0.0,0.0,0.0,align:with_trend
5,6.0,86400,366,0.0,-1.367045224768174,-1.2405295247463022,-500.33855226515163,-0.20389463808200928,-3.692066301786888,3.0648858315295007,0.35824936413403097,3259.5,0.9890710382513661,0.0,0.0,0.0,0.0,0.0,0.0,align:with_trend
10,6.0,86400,372,0.0,-1.2405033284336775,-1.1297450867092909,-461.467238177328,-0.13387002677069462,-3.617075014341558,2.132470760720924,0.23863399380543562,6256.0,0.989247311827957,0.0,0.0,0.0,0.0,0.0,0.0,align:with_trend
3,4.0,900,17,0.0,-0.7576982249477336,-0.3729517704553045,-12.880869824111471,-0.3489816595020675,-1.6851578172476154,0.2789214284619354,0.7034550667896567,900.0,0.058823529411764705,0.0,0.0,0.0,0.0,0.0,0.0,align_x_vol:counter_trend|unknown
10,6.0,900,19,0.0,-0.3723060206193957,-0.1286468441360071,-7.073814391768519,-0.11616328948552807,-1.1094786184420407,0.07445752109224783,0.33278501203720623,900.0,0.0,0.0,0.0,0.0,0.0,0.0,0.0,align_x_vol:counter_trend|unknown
10,4.0,900,18,0.0,-0.6724238594810635,-0.13071100101570204,-12.103629470659143,-0.11461312058677448,-2.2256678329155486,1.0169321859671838,0.5579396692271947,900.0,0.1111111111111111,0.0,0.0,0.0,0.0,0.0,0.0,align_x_vol:counter_trend|unknown
5,6.0,900,10,0.0,-0.22266668028187958,-0.22021792580450236,-2.2266668028187957,-0.21047848229255958,-0.23494944425162057,0.0059285950786580645,0.22001268588752826,900.0,0.0,0.0,0.0,0.0,0.0,0.0,0.0,align_x_vol:counter_trend|unknown
5,4.0,900,12,0.0,-0.5167087123970061,-0.2300267318416575,-6.200504548764073,-0.2061889906480033,-1.1740590235723098,0.017896313618536205,0.5132796711012745,900.0,0.0,0.0,0.0,0.0,0.0,0.0,0.0,align_x_vol:counter_trend|unknown
3,6.0,900,17,0.0,-0.6330291938214275,-0.37498416519582706,-10.761496294964267,-0.34501304442487635,-1.380893491139506,0.36612997120282287,0.5122781961642155,900.0,0.11764705882352941,0.0,0.0,0.0,0.0,0.0,0.0,align_x_vol:counter_trend|unknown
5,6.0,3600,10,0.0,-0.5213595054772748,-0.22775948120411793,-5.213595054772749,-0.18563470853954311,-1.2411960652625833,0.5704665608632846,0.22001268588752826,3600.0,0.3,0.0,0.0,0.0,0.0,0.0,0.0,align_x_vol:counter_trend|unknown
10,4.0,3600,18,0.0,-1.1370732780515242,-1.1296955183374977,-20.467319004927436,-0.12144418075965273,-2.2256678329155486,2.852507572604269,0.5579396692271947,3570.0,0.5,0.0,0.0,0.0,0.0,0.0,0.0,align_x_vol:counter_trend|unknown
3,6.0,3600,17,0.0,-0.8201226663776293,-0.43678678565215784,-13.942085328419699,-0.3246403328934532,-1.395481790831663,0.8926171495603895,0.5122781961642155,3600.0,0.29411764705882354,0.0,0.0,0.0,0.0,0.0,0.0,align_x_vol:counter_trend|unknown
3,4.0,3600,17,0.0,-0.9007843663406281,-0.3823506838891485,-15.313334227790678,-0.3309261318066586,-2.1476881217610195,1.354705194519706,0.7034550667896567,3600.0,0.17647058823529413,0.0,0.0,0.0,0.0,0.0,0.0,align_x_vol:counter_trend|unknown
10,6.0,3600,19,0.0,-0.7997508400019123,-1.0346240378137392,-15.195265960036334,-0.11338670989332976,-2.1688925122001685,1.3529685796792983,0.33278501203720623,3600.0,0.2631578947368421,0.0,0.0,0.0,0.0,0.0,0.0,align_x_vol:counter_trend|unknown
5,4.0,3600,12,0.0,-0.8598642886385974,-1.121043396812754,-10.31837146366317,-0.18213776532773265,-2.147664011931186,0.46099659598176257,0.5132796711012745,3600.0,0.3333333333333333,0.0,0.0,0.0,0.0,0.0,0.0,align_x_vol:counter_trend|unknown
3,4.0,14400,17,0.0,-1.7256304871310506,-1.3832681548222465,-29.33571828122786,-1.3686993081965613,-2.423074756452203,6.213088021463314,0.7034550667896567,7176.0,1.0,0.0,0.0,0.0,0.0,0.0,0.0,align_x_vol:counter_trend|unknown
3,6.0,14400,17,0.0,-1.5355503284079,-1.3825841745557814,-26.1043555829343,-1.3739646564285661,-2.423074756452203,4.382267850247718,0.5122781961642155,6735.0,1.0,0.0,0.0,0.0,0.0,0.0,0.0,align_x_vol:counter_trend|unknown
5,6.0,14400,10,0.0,-1.229469622219741,-1.2294024958847118,-12.294696222197409,-1.2237649560584458,-1.2411960652625833,1.7004418304638236,0.22001268588752826,7678.5,1.0,0.0,0.0,0.0,0.0,0.0,0.0,align_x_vol:counter_trend|unknown
10,6.0,14400,19,0.0,-1.3469258142909506,-1.1296847963548626,-25.59159047152806,-1.1295255974873353,-2.1688925122001685,2.792321030945635,0.33278501203720623,6535.0,1.0,0.0,0.0,0.0,0.0,0.0,0.0,align_x_vol:counter_trend|unknown
10,4.0,14400,18,0.0,-1.5910425380824558,-1.129778820927846,-28.638765685484202,-1.1295597732312095,-2.2256678329155486,5.892789643989721,0.5579396692271947,3887.0,1.0,0.0,0.0,0.0,0.0,0.0,0.0,align_x_vol:counter_trend|unknown
5,4.0,14400,12,0.0,-1.5352585219923938,-1.2351596792176878,-18.423102263908724,-1.2228072364022826,-2.147664011931186,4.887881749326665,0.5132796711012745,6200.5,1.0,0.0,0.0,0.0,0.0,0.0,0.0,align_x_vol:counter_trend|unknown
5,6.0,86400,10,0.0,-1.229469622219741,-1.2294024958847118,-12.294696222197409,-1.2237649560584458,-1.2411960652625833,3.344908268173583,0.22001268588752826,7678.5,1.0,0.0,0.0,0.0,0.0,0.0,0.0,align_x_vol:counter_trend|unknown
3,4.0,86400,17,0.0,-1.7256304871310506,-1.3832681548222465,-29.33571828122786,-1.3686993081965613,-2.423074756452203,10.264162364992119,0.7034550667896567,7176.0,1.0,0.0,0.0,0.0,0.0,0.0,0.0,align_x_vol:counter_trend|unknown
10,4.0,86400,18,0.0,-1.5910425380824558,-1.129778820927846,-28.638765685484202,-1.1295597732312095,-2.2256678329155486,7.44966530225977,0.5579396692271947,3887.0,1.0,0.0,0.0,0.0,0.0,0.0,0.0,align_x_vol:counter_trend|unknown
10,6.0,86400,19,0.0,-1.3469258142909506,-1.1296847963548626,-25.59159047152806,-1.1295255974873353,-2.1688925122001685,4.922347420240212,0.33278501203720623,6535.0,1.0,0.0,0.0,0.0,0.0,0.0,0.0,align_x_vol:counter_trend|unknown
5,4.0,86400,12,0.0,-1.5352585219923938,-1.2351596792176878,-18.423102263908724,-1.2228072364022826,-2.147664011931186,8.332292098574142,0.5132796711012745,6200.5,1.0,0.0,0.0,0.0,0.0,0.0,0.0,align_x_vol:counter_trend|unknown
3,6.0,86400,17,0.0,-1.5355503284079,-1.3825841745557814,-26.1043555829343,-1.3739646564285661,-2.423074756452203,7.613698459996179,0.5122781961642155,6735.0,1.0,0.0,0.0,0.0,0.0,0.0,0.0,align_x_vol:counter_trend|unknown
10,4.0,900,60,0.03333333333333333,-0.1103979384577813,-0.12722973396711496,-6.623876307466878,14.934510242387592,-1.155241611800244,0.30771129186977153,0.40641370737247384,900.0,0.0,0.03333333333333333,0.016666666666666666,0.016666666666666666,0.016666666666666666,0.016666666666666666,0.7085303599366907,align_x_vol:counter_trend|vol_extreme
10,6.0,900,40,0.0,-0.198609305684524,-0.12481777160356419,-7.944372227380961,-0.1095299890317753,-1.1360536752226877,0.0062660745807410325,0.19888180962200092,900.0,0.0,0.0,0.0,0.0,0.0,0.0,0.0,align_x_vol:counter_trend|vol_extreme
5,4.0,900,51,0.0392156862745098,-0.41436865027164715,-0.2238631379744536,-21.132801163854005,3.083136780348225,-2.356758467494366,0.12170974580500653,0.5018278536013913,900.0,0.0196078431372549,0.0392156862745098,0.0196078431372549,0.0196078431372549,0.0,0.0,0.18682932421610482,align_x_vol:counter_trend|vol_extreme
5,6.0,900,50,0.04,-0.3124270164261378,-0.2216339934159175,-15.621350821306889,2.3810285533048314,-2.356758467494366,0.10452121572552948,0.3842830149884311,900.0,0.02,0.04,0.02,0.0,0.0,0.0,0.2099980527592166,align_x_vol:counter_trend|vol_extreme
3,6.0,900,36,0.027777777777777776,-0.48520130859484667,-0.37694983573488844,-17.46724710941448,2.8511455036230084,-1.1523892671260492,0.11086895105860636,0.5577956969774079,900.0,0.0,0.027777777777777776,0.027777777777777776,0.0,0.0,0.0,0.1403233788185363,align_x_vol:counter_trend|vol_extreme
3,4.0,900,51,0.0196078431372549,-0.3066631915400094,-0.37359348269835624,-15.639822768540482,13.417375873799601,-2.364726509321313,0.30725449801368826,0.5761651342831796,900.0,0.0196078431372549,0.0196078431372549,0.0196078431372549,0.0196078431372549,0.0196078431372549,0.0196078431372549,0.46175737857429777,align_x_vol:counter_trend|vol_extreme
10,6.0,3600,40,0.0,-0.1977167017191413,-0.12856868002673094,-7.908668068765652,-0.10393091018133914,-1.080496763844589,0.012463213475449528,0.19888180962200092,3600.0,0.0,0.0,0.0,0.0,0.0,0.0,0.0,align_x_vol:counter_trend|vol_extreme
3,6.0,3600,36,0.027777777777777776,-0.4895714275512622,-0.3827984862129083,-17.62457139184544,2.8698960019124926,-1.21095203733709,0.1280355128656401,0.5577956969774079,3600.0,0.0,0.027777777777777776,0.027777777777777776,0.0,0.0,0.0,0.14003271940536433,align_x_vol:counter_trend|vol_extreme
5,6.0,3600,50,0.04,-0.31115185862859635,-0.22282757844615042,-15.557592931429818,2.390579678735011,-2.356758467494366,0.1166825683775149,0.3842830149884311,3600.0,0.02,0.04,0.02,0.0,0.0,0.0,0.2100888433462077,align_x_vol:counter_trend|vol_extreme
10,4.0,3600,60,0.03333333333333333,-0.10652595156532711,-0.13016959764874708,-6.3915570939196265,14.990171536940455,-1.2602289252995216,0.3271261401035466,0.40641370737247384,3600.0,0.0,0.03333333333333333,0.016666666666666666,0.016666666666666666,0.016666666666666666,0.016666666666666666,0.7168257419538493,align_x_vol:counter_trend|vol_extreme
3,4.0,3600,51,0.0196078431372549,-0.3097452296807365,-0.3881582255758562,-15.797006713717561,13.564733546788796,-2.364726509321313,0.32844438002971954,0.5761651342831796,3600.0,0.0196078431372549,0.0196078431372549,0.0196078431372549,0.0196078431372549,0.0196078431372549,0.0196078431372549,0.4619867019610665,align_x_vol:counter_trend|vol_extreme
5,4.0,3600,51,0.0392156862745098,-0.41735337366738146,-0.2337527818867942,-21.285022057036453,3.08661755848772,-2.356758467494366,0.1346907701305697,0.5018278536013913,3600.0,0.0196078431372549,0.0392156862745098,0.0196078431372549,0.0196078431372549,0.0,0.0,0.18509402566344485,align_x_vol:counter_trend|vol_extreme
10,6.0,14400,40,0.0,-1.2071511550706548,-1.1296867647450464,-48.28604620282619,-1.1245403677768988,-2.147597661743918,1.4484641969118572,0.19888180962200092,9374.0,1.0,0.0,0.0,0.0,0.0,0.0,0.0,align_x_vol:counter_trend|vol_extreme
3,6.0,14400,36,0.027777777777777776,-1.5327840885883524,-1.3827982469637534,-55.180227189180684,0.2814079213839331,-2.147754708135775,4.119144855791794,0.5577956969774079,9372.0,0.9722222222222222,0.0,0.0,0.0,0.0,0.0,0.005073920392410665,align_x_vol:counter_trend|vol_extreme
5,4.0,14400,51,0.0392156862745098,-1.439830652950801,-1.2295910425864212,-73.43136330049084,1.548222984397014,-2.356758467494366,3.6144234155573174,0.5018278536013913,9345.0,0.9607843137254902,0.0196078431372549,0.0,0.0,0.0,0.0,0.022588744317745647,align_x_vol:counter_trend|vol_extreme
3,4.0,14400,51,0.0196078431372549,-1.4188846769074868,-1.3825237894946507,-72.36311852228182,5.7082231285241045,-2.364726509321313,4.257735599575912,0.5761651342831796,9375.0,0.9607843137254902,0.0196078431372549,0.0196078431372549,0.0196078431372549,0.0196078431372549,0.0,0.0731154737170471,align_x_vol:counter_trend|vol_extreme
5,6.0,14400,50,0.04,-1.3308350374347366,-1.22951290593249,-66.54175187173684,0.7971374019143165,-2.356758467494366,2.7741679771921777,0.3842830149884311,9479.0,0.96,0.0,0.0,0.0,0.0,0.0,0.014015981380071737,align_x_vol:counter_trend|vol_extreme
10,4.0,14400,60,0.03333333333333333,-1.2440517673602156,-1.1297645189492973,-74.64310604161294,6.959244477894444,-2.1478252482136346,3.2697050396418725,0.40641370737247384,9329.5,0.9666666666666667,0.016666666666666666,0.016666666666666666,0.016666666666666666,0.016666666666666666,0.0,0.08875975750176218,align_x_vol:counter_trend|vol_extreme
5,6.0,86400,50,0.0,-1.3775321653131352,-1.2295214898118045,-68.87660826565676,-0.11790868910527987,-2.356758467494366,6.187832675751971,0.3842830149884311,9479.0,0.98,0.0,0.0,0.0,0.0,0.0,0.0,align_x_vol:counter_trend|vol_extreme
10,4.0,86400,60,0.0,-1.4063298396515374,-1.1297734687835979,-84.37979037909224,-0.10875513360940482,-2.3572845566711713,6.801283307606683,0.40641370737247384,9329.5,0.9833333333333333,0.0,0.0,0.0,0.0,0.0,0.0,align_x_vol:counter_trend|vol_extreme
3,6.0,86400,36,0.0,-1.580930406942306,-1.3828420276549553,-56.91349464992302,-1.3758768362055163,-2.147754708135775,9.121407616227657,0.5577956969774079,9372.0,1.0,0.0,0.0,0.0,0.0,0.0,0.0,align_x_vol:counter_trend|vol_extreme
5,4.0,86400,51,0.0,-1.5029518702420992,-1.2296050344563887,-76.65054538234706,-0.25096440561773875,-2.356758467494366,8.087720907405535,0.5018278536013913,9345.0,0.9803921568627451,0.0,0.0,0.0,0.0,0.0,0.0,align_x_vol:counter_trend|vol_extreme
3,4.0,86400,51,0.0,-1.5769799363119172,-1.382523963886173,-80.42597675190778,-1.0077520992507147,-2.364726509321313,9.146155318730012,0.5761651342831796,9375.0,0.9803921568627451,0.0,0.0,0.0,0.0,0.0,0.0,align_x_vol:counter_trend|vol_extreme
10,6.0,86400,40,0.0,-1.2071511550706548,-1.1296867647450464,-48.28604620282619,-1.1245403677768988,-2.147597661743918,3.2811796835350338,0.19888180962200092,9374.0,1.0,0.0,0.0,0.0,0.0,0.0,0.0,align_x_vol:counter_trend|vol_extreme
3,4.0,900,1,0.0,-0.39598755857810364,-0.39598755857810364,-0.39598755857810364,-0.39598755857810364,-0.39598755857810364,0.002261927921698053,0.3665784424524337,900.0,0.0,0.0,0.0,0.0,0.0,0.0,0.0,align_x_vol:counter_trend|vol_high
5,6.0,900,5,0.0,-0.22156694012999772,-0.22249105128869853,-1.1078347006499887,-0.20679773172551916,-0.23355478053087786,0.005554787420152793,0.22002019186388927,900.0,0.0,0.0,0.0,0.0,0.0,0.0,0.0,align_x_vol:counter_trend|vol_high
3,6.0,900,3,0.0,-0.6030139357894857,-0.3747485836232307,-1.809041807368457,-0.33387115315265015,-1.1004220705925762,0.021770878030027387,0.6113744361164181,900.0,0.0,0.0,0.0,0.0,0.0,0.0,0.0,align_x_vol:counter_trend|vol_high
10,6.0,900,5,0.2,-0.41115498924328675,-0.12397270341135169,-2.0557749462164336,1.0413441612020697,-2.7227263647585063,0.2510077041726939,0.6354630339463846,900.0,0.0,0.2,0.0,0.0,0.0,0.0,0.336229936623279,align_x_vol:counter_trend|vol_high
10,4.0,900,6,0.16666666666666666,-0.3614023830323272,-0.12009333171743589,-2.168414298193963,1.041134960604162,-2.7227263647585063,0.21076158279487256,0.5502566915988575,900.0,0.0,0.16666666666666666,0.0,0.0,0.0,0.0,0.3243866588899259,align_x_vol:counter_trend|vol_high
5,4.0,900,4,0.0,-0.4385972426819074,-0.22148020217906073,-1.7543889707276297,-0.20643738015836663,-1.1049911862111415,0.010374340796243013,0.4398892750386907,900.0,0.0,0.0,0.0,0.0,0.0,0.0,0.0,align_x_vol:counter_trend|vol_high
10,6.0,3600,5,0.2,-0.42239722533842805,-0.12839396976314985,-2.1119861266921403,1.0493853683235104,-2.7667943410581137,0.25274468100688097,0.6354630339463846,3600.0,0.0,0.2,0.0,0.0,0.0,0.0,0.33193990961771336,align_x_vol:counter_trend|vol_high
3,4.0,3600,1,0.0,-0.42576409648463187,-0.42576409648463187,-0.42576409648463187,-0.42576409648463187,-0.42576409648463187,0.002261927921698053,0.3665784424524337,3600.0,0.0,0.0,0.0,0.0,0.0,0.0,0.0,align_x_vol:counter_trend|vol_high
5,6.0,3600,5,0.0,-0.2135929140996366,-0.216300050311981,-1.067964570498183,-0.18475088931265873,-0.23370056880409257,0.012215714104636666,0.22002019186388927,3600.0,0.0,0.0,0.0,0.0,0.0,0.0,0.0,align_x_vol:counter_trend|vol_high
5,4.0,3600,4,0.0,-0.42514040158248934,-0.21823777633788669,-1.7005616063299573,-0.1844289550634717,-1.0796570985907123,0.021213779047798066,0.4398892750386907,3600.0,0.0,0.0,0.0,0.0,0.0,0.0,0.0,align_x_vol:counter_trend|vol_high
3,6.0,3600,3,0.0,-0.5860106864187858,-0.38652149348061926,-1.7580320592563574,-0.3321076347581748,-1.0394029310175634,0.04083663244045111,0.6113744361164181,3600.0,0.0,0.0,0.0,0.0,0.0,0.0,0.0,align_x_vol:counter_trend|vol_high
10,4.0,3600,6,0.16666666666666666,-0.36768866304060605,-0.11614840095091045,-2.2061319782436364,1.049174552289131,-2.7667943410581137,0.2157590531897737,0.5502566915988575,3600.0,0.0,0.16666666666666666,0.0,0.0,0.0,0.0,0.32229670000306293,align_x_vol:counter_trend|vol_high
10,6.0,14400,5,0.2,-1.384846873395837,-1.1296300577101737,-6.924234366979185,0.15385133372881588,-3.689197331233378,2.641641830764663,0.6354630339463846,8401.0,0.8,0.0,0.0,0.0,0.0,0.0,0.021736291454259524,align_x_vol:counter_trend|vol_high
5,6.0,14400,5,0.0,-1.2317029097223315,-1.2295385861899,-6.158514548611658,-1.2292406377585356,-1.2404380568818134,1.683030845159065,0.22002019186388927,8414.0,1.0,0.0,0.0,0.0,0.0,0.0,0.0,align_x_vol:counter_trend|vol_high
3,4.0,14400,1,0.0,-1.382424439474435,-1.382424439474435,-1.382424439474435,-1.382424439474435,-1.382424439474435,2.617905185878489,0.3665784424524337,8438.0,1.0,0.0,0.0,0.0,0.0,0.0,0.0,align_x_vol:counter_trend|vol_high
10,4.0,14400,6,0.16666666666666666,-1.3147050054401002,-1.0886195636819045,-7.8882300326406005,0.15382042580019428,-3.689197331233378,2.426888956580926,0.5502566915988575,11425.0,0.5,0.0,0.0,0.0,0.0,0.0,0.019127015752400195,align_x_vol:counter_trend|vol_high
3,6.0,14400,3,0.0,-1.6292991538589436,-1.383033435597313,-4.887897461576831,-1.382998164418923,-2.121865861560595,4.486410799037194,0.6113744361164181,8414.0,1.0,0.0,0.0,0.0,0.0,0.0,0.0,align_x_vol:counter_trend|vol_high
5,4.0,14400,4,0.0,-1.4611836803318805,-1.2338750244297967,-5.844734721327522,-1.229379416418664,-2.147605256049265,3.2808280604598137,0.4398892750386907,8400.0,1.0,0.0,0.0,0.0,0.0,0.0,0.0,align_x_vol:counter_trend|vol_high
10,4.0,86400,6,0.0,-1.3902224819238447,-1.1296304838425852,-8.341334891543069,-0.13364084823382677,-3.689197331233378,4.464808451307481,0.5502566915988575,12272.0,0.8333333333333334,0.0,0.0,0.0,0.0,0.0,0.0,align_x_vol:counter_trend|vol_high
10,6.0,86400,5,0.0,-1.4423506804168458,-1.1296300577101737,-7.211753402084229,-0.13366770137622744,-3.689197331233378,5.319730716441025,0.6354630339463846,8401.0,0.8,0.0,0.0,0.0,0.0,0.0,0.0,align_x_vol:counter_trend|vol_high
5,4.0,86400,4,0.0,-1.4611836803318805,-1.2338750244297967,-5.844734721327522,-1.229379416418664,-2.147605256049265,6.799935209381611,0.4398892750386907,8400.0,1.0,0.0,0.0,0.0,0.0,0.0,0.0,align_x_vol:counter_trend|vol_high
3,6.0,86400,3,0.0,-1.6292991538589436,-1.383033435597313,-4.887897461576831,-1.382998164418923,-2.121865861560595,10.159209404876316,0.6113744361164181,8414.0,1.0,0.0,0.0,0.0,0.0,0.0,0.0,align_x_vol:counter_trend|vol_high
3,4.0,86400,1,0.0,-1.382424439474435,-1.382424439474435,-1.382424439474435,-1.382424439474435,-1.382424439474435,5.998320792207143,0.3665784424524337,8438.0,1.0,0.0,0.0,0.0,0.0,0.0,0.0,align_x_vol:counter_trend|vol_high
5,6.0,86400,5,0.0,-1.2317029097223315,-1.2295385861899,-6.158514548611658,-1.2292406377585356,-1.2404380568818134,3.326209225518819,0.22002019186388927,8414.0,1.0,0.0,0.0,0.0,0.0,0.0,0.0,align_x_vol:counter_trend|vol_high
5,6.0,900,192,0.010416666666666666,-0.44211242398144984,-0.22444337011380805,-84.88558540443837,3.229422888913173,-2.1913796278128292,0.23455885839646065,0.37935237517456616,900.0,0.08333333333333333,0.005208333333333333,0.005208333333333333,0.005208333333333333,0.0,0.0,0.045202572100655404,align_x_vol:counter_trend|vol_normal
10,6.0,900,191,0.010471204188481676,-0.3781186718984012,-0.12728326317898261,-72.22066633259463,0.5503669541267945,-2.2271604316036604,0.22380483800523154,0.27206589063466596,900.0,0.07329842931937172,0.0,0.0,0.0,0.0,0.0,0.01252417345603842,align_x_vol:counter_trend|vol_normal
10,4.0,900,231,0.004329004329004329,-0.5279112562643562,-0.1290349470431958,-121.94750019706629,0.36547418849640895,-2.234568484352842,0.3320590307889228,0.4365506346674919,900.0,0.07792207792207792,0.0,0.0,0.0,0.0,0.0,0.002988024699197798,align_x_vol:counter_trend|vol_normal
3,4.0,900,286,0.0034965034965034965,-0.6455305152438634,-0.3788169213375869,-184.62172735974494,3.8969384866961607,-2.2193005791410974,0.3642902998879633,0.6020486615899988,900.0,0.05944055944055944,0.0034965034965034965,0.0034965034965034965,0.0034965034965034965,0.0,0.0,0.020671366780573512,align_x_vol:counter_trend|vol_normal
5,4.0,900,289,0.0034602076124567475,-0.6025734605447577,-0.23004131839598874,-174.14373009743497,2.7491336478927795,-2.2223107439490737,0.33162549257952,0.5303915492873308,900.0,0.07958477508650519,0.0034602076124567475,0.0034602076124567475,0.0,0.0,0.0,0.015541235466970003,align_x_vol:counter_trend|vol_normal
3,6.0,900,226,0.008849557522123894,-0.4935805507224677,-0.3709866517301366,-111.5492044632777,4.6828845000169155,-2.203718271278104,0.25240430281335363,0.4734000283175769,900.0,0.061946902654867256,0.008849557522123894,0.008849557522123894,0.008849557522123894,0.0,0.0,0.07141742991278216,align_x_vol:counter_trend|vol_normal
10,6.0,3600,191,0.005235602094240838,-0.6423187906900595,-0.14298974353848035,-122.68288902180136,0.7495444760091559,-2.2271604316036604,0.7342933058780028,0.27206589063466596,3600.0,0.2198952879581152,0.0,0.0,0.0,0.0,0.0,0.006072508292745047,align_x_vol:counter_trend|vol_normal
5,4.0,3600,289,0.006920415224913495,-0.9208412187327882,-1.1368041026015194,-266.1231122137758,2.743896801979581,-2.2467179189585074,1.6239336518755467,0.5303915492873308,3600.0,0.39792387543252594,0.0034602076124567475,0.0034602076124567475,0.0,0.0,0.0,0.013384892454172624,align_x_vol:counter_trend|vol_normal
5,6.0,3600,192,0.005208333333333333,-0.8371264974011625,-1.220840578681579,-160.7282875010232,3.2391537920415487,-2.210212160136949,1.3140422857769598,0.37935237517456616,3600.0,0.46875,0.005208333333333333,0.005208333333333333,0.005208333333333333,0.0,0.0,0.019754859662974772,align_x_vol:counter_trend|vol_normal
3,4.0,3600,286,0.0034965034965034965,-0.9485643081800406,-1.014899463982654,-271.2893921394916,3.8740090684328456,-2.2318815247770196,1.7338895632500468,0.6020486615899988,3600.0,0.35664335664335667,0.0034965034965034965,0.0034965034965034965,0.0034965034965034965,0.0,0.0,0.014078940191270168,align_x_vol:counter_trend|vol_normal
3,6.0,3600,226,0.01327433628318584,-0.7912924862707494,-0.4097088821588213,-178.83210189718937,4.735780712929099,-2.2409982088810043,1.3189563784319107,0.4734000283175769,3600.0,0.36283185840707965,0.01327433628318584,0.01327433628318584,0.008849557522123894,0.0,0.0,0.05907778901903187,align_x_vol:counter_trend|vol_normal
10,4.0,3600,231,0.004329004329004329,-0.828587304093144,-1.0270098567657342,-191.40366724551626,2.4287766504105486,-2.234568484352842,1.4938811070613265,0.4365506346674919,3600.0,0.27705627705627706,0.004329004329004329,0.004329004329004329,0.0,0.0,0.0,0.01253028957172214,align_x_vol:counter_trend|vol_normal
5,4.0,14400,289,0.0034602076124567475,-1.5452380530354806,-1.2296741998475567,-446.5737973272539,1.1725933854968529,-3.1652358025097094,5.396827215396427,0.5303915492873308,4263.0,0.9930795847750865,0.0034602076124567475,0.0,0.0,0.0,0.0,0.002618878476340692,align_x_vol:counter_trend|vol_normal
3,4.0,14400,286,0.0034965034965034965,-1.6093838155910245,-1.382839326145386,-460.283771259033,1.0888901239375446,-3.1652358025097094,6.141363955729638,0.6020486615899988,4805.5,0.986013986013986,0.0034965034965034965,0.0,0.0,0.0,0.0,0.002360109766091433,align_x_vol:counter_trend|vol_normal
3,6.0,14400,226,0.008849557522123894,-1.4544659494018848,-1.3826162540038576,-328.70930456482597,2.060422378417966,-3.1652358025097094,4.532490090992543,0.4734000283175769,4542.5,0.9778761061946902,0.008849557522123894,0.004424778761061947,0.0,0.0,0.0,0.009489458364859853,align_x_vol:counter_trend|vol_normal
10,6.0,14400,191,0.0,-1.2672719655234086,-1.129659764580239,-242.04894541497103,-0.935888223535917,-3.1652358025097094,2.4145545059672355,0.27206589063466596,7270.0,0.8481675392670157,0.0,0.0,0.0,0.0,0.0,0.0,align_x_vol:counter_trend|vol_normal
5,6.0,14400,192,0.005208333333333333,-1.3758572878502964,-1.229606504529078,-264.1645992672569,1.6687288402925486,-3.1652358025097094,3.6938478461180306,0.37935237517456616,3992.5,0.9895833333333334,0.005208333333333333,0.0,0.0,0.0,0.0,0.006277349992839961,align_x_vol:counter_trend|vol_normal
10,4.0,14400,231,0.0,-1.4450891526290637,-1.12970958585194,-333.8155942573137,-0.9348990748351473,-3.1652358025097094,4.325145927342742,0.4365506346674919,6490.0,0.9004329004329005,0.0,0.0,0.0,0.0,0.0,0.0,align_x_vol:counter_trend|vol_normal
3,4.0,86400,286,0.0,-1.6182654707984634,-1.3828981452956794,-462.8239246483605,-0.32723551750637847,-3.1652358025097094,8.32857331181327,0.6020486615899988,4805.5,0.9895104895104895,0.0,0.0,0.0,0.0,0.0,0.0,align_x_vol:counter_trend|vol_normal
5,6.0,86400,192,0.0,-1.3863507440300709,-1.229606504529078,-266.1793428537736,-0.20728262925838578,-3.1652358025097094,4.973578446368983,0.37935237517456616,3992.5,0.9895833333333334,0.0,0.0,0.0,0.0,0.0,0.0,align_x_vol:counter_trend|vol_normal
10,6.0,86400,191,0.0,-1.2845095443449104,-1.1296712936941482,-245.34132296987787,-1.1244724998053561,-3.1652358025097094,3.37235913686858,0.27206589063466596,7270.0,1.0,0.0,0.0,0.0,0.0,0.0,0.0,align_x_vol:counter_trend|vol_normal
5,4.0,86400,289,0.0,-1.5514344015969335,-1.2296741998475567,-448.36454206151376,-0.20729858341457466,-3.1652358025097094,7.140774070796874,0.5303915492873308,4263.0,0.9930795847750865,0.0,0.0,0.0,0.0,0.0,0.0,align_x_vol:counter_trend|vol_normal
3,6.0,86400,226,0.0,-1.4812417295376081,-1.3826406480509332,-334.76063087549943,-0.32799775584596547,-3.1652358025097094,6.410229231150285,0.4734000283175769,4542.5,0.9867256637168141,0.0,0.0,0.0,0.0,0.0,0.0,align_x_vol:counter_trend|vol_normal
10,4.0,86400,231,0.0,-1.4563967573809933,-1.1297206235330066,-336.4276509550094,-1.1243462257005568,-3.1652358025097094,5.652515447514422,0.4365506346674919,6490.0,1.0,0.0,0.0,0.0,0.0,0.0,0.0,align_x_vol:counter_trend|vol_normal
10,4.0,900,20,0.0,-0.6855495064691198,-1.035952764636027,-13.710990129382397,-0.11219993927701379,-1.2440951479255107,0.17212282015656793,0.48184075833154144,900.0,0.15,0.0,0.0,0.0,0.0,0.0,0.0,align_x_vol:unknown|unknown
5,6.0,900,19,0.0,-0.5097139985176561,-0.2233330071010975,-9.684565971835466,-0.199924353096093,-1.4341047275795085,0.28186814654218423,0.29623723081430564,900.0,0.21052631578947367,0.0,0.0,0.0,0.0,0.0,0.0,align_x_vol:unknown|unknown
3,4.0,900,28,0.0,-0.6520520756627465,-0.38416018760620585,-18.2574581185569,-0.34842526402507634,-1.7337455158232211,0.22491932735640144,0.5314315231321501,900.0,0.10714285714285714,0.0,0.0,0.0,0.0,0.0,0.0,align_x_vol:unknown|unknown
3,6.0,900,22,0.0,-0.6530565025476371,-0.366873530072102,-14.367243056048016,-0.3270997966288292,-1.7337455158232211,0.28742365691160265,0.5099338830525328,900.0,0.13636363636363635,0.0,0.0,0.0,0.0,0.0,0.0,align_x_vol:unknown|unknown
5,4.0,900,23,0.0,-0.6510614400306495,-0.22621114891370384,-14.974413120704938,-0.19990322591939588,-1.4341047275795085,0.24011351608997966,0.4743600613892342,900.0,0.17391304347826086,0.0,0.0,0.0,0.0,0.0,0.0,align_x_vol:unknown|unknown
10,6.0,900,15,0.0,-0.6177313177863398,-0.12729754987394276,-9.265969766795097,-0.11774864624384117,-1.2440951479255107,0.20104262289463026,0.3408489496771648,900.0,0.26666666666666666,0.0,0.0,0.0,0.0,0.0,0.0,align_x_vol:unknown|unknown
3,4.0,3600,28,0.0,-1.0606581667325434,-1.2424773447997493,-29.698428668511216,-0.31876199475948536,-2.227872139924609,1.9136120956100604,0.5314315231321501,3489.5,0.5,0.0,0.0,0.0,0.0,0.0,0.0,align_x_vol:unknown|unknown
3,6.0,3600,22,0.0,-1.0665457546339634,-1.369472179248548,-23.464006601947194,-0.29426509803747547,-2.1264951254108624,1.8679240400402706,0.5099338830525328,3365.5,0.5454545454545454,0.0,0.0,0.0,0.0,0.0,0.0,align_x_vol:unknown|unknown
10,4.0,3600,20,0.0,-0.9741165026011934,-1.0387252621440086,-19.48233005202387,-0.10175328440535315,-2.1430125013664005,1.194166995060416,0.48184075833154144,3600.0,0.3,0.0,0.0,0.0,0.0,0.0,0.0,align_x_vol:unknown|unknown
5,6.0,3600,19,0.0,-0.5591543626328042,-0.22922747212941486,-10.62393289002328,-0.18069813660432205,-1.4341047275795085,0.3945187314123261,0.29623723081430564,3600.0,0.2631578947368421,0.0,0.0,0.0,0.0,0.0,0.0,align_x_vol:unknown|unknown
5,4.0,3600,23,0.0,-0.778274433021077,-0.9041296289927528,-17.90031195948477,-0.18142213713071922,-2.147685759836867,0.7603623347445295,0.4743600613892342,3600.0,0.30434782608695654,0.0,0.0,0.0,0.0,0.0,0.0,align_x_vol:unknown|unknown
10,6.0,3600,15,0.0,-0.9451600120285321,-1.129723191615251,-14.17740018042798,-0.11931895194879481,-2.130063236660777,1.126292892571899,0.3408489496771648,2217.0,0.5333333333333333,0.0,0.0,0.0,0.0,0.0,0.0,align_x_vol:unknown|unknown
5,6.0,14400,19,0.0,-1.309967339645255,-1.2295838837791837,-24.889379453259842,-1.2216677691017326,-2.1475444527387717,2.8896329569149173,0.29623723081430564,5488.0,1.0,0.0,0.0,0.0,0.0,0.0,0.0,align_x_vol:unknown|unknown
3,4.0,14400,28,0.0,-1.5602922094425222,-1.3932559847595398,-43.68818186439062,-1.367017540794777,-2.227872139924609,4.587443666345638,0.5314315231321501,3640.5,1.0,0.0,0.0,0.0,0.0,0.0,0.0,align_x_vol:unknown|unknown
3,6.0,14400,22,0.0,-1.5371055628384431,-1.3835933266315799,-33.81632238244575,-1.3683541985904133,-2.1920857409766152,4.227315362527558,0.5099338830525328,3365.5,1.0,0.0,0.0,0.0,0.0,0.0,0.0,align_x_vol:unknown|unknown
10,4.0,14400,20,0.0,-1.499182372500581,-1.1834015482633071,-29.98364745001162,-1.0196893370245559,-2.2353024643524337,4.740984335547425,0.48184075833154144,7009.5,0.95,0.0,0.0,0.0,0.0,0.0,0.0,align_x_vol:unknown|unknown
10,6.0,14400,15,0.0,-1.3420258221800836,-1.1297601862785829,-20.130387332701254,-1.032357696671226,-2.1478606433155827,3.5613639879712857,0.3408489496771648,2217.0,0.8666666666666667,0.0,0.0,0.0,0.0,0.0,0.0,align_x_vol:unknown|unknown
5,4.0,14400,23,0.0,-1.5038947227202513,-1.239252606322929,-34.58957862256578,-1.222762962859918,-2.242702947287451,4.219068858392321,0.4743600613892342,5462.0,1.0,0.0,0.0,0.0,0.0,0.0,0.0,align_x_vol:unknown|unknown
5,6.0,86400,19,0.0,-1.309967339645255,-1.2295838837791837,-24.889379453259842,-1.2216677691017326,-2.1475444527387717,3.337389854096042,0.29623723081430564,5488.0,1.0,0.0,0.0,0.0,0.0,0.0,0.0,align_x_vol:unknown|unknown
3,4.0,86400,28,0.0,-1.5602922094425222,-1.3932559847595398,-43.68818186439062,-1.367017540794777,-2.227872139924609,5.967923351709535,0.5314315231321501,3640.5,1.0,0.0,0.0,0.0,0.0,0.0,0.0,align_x_vol:unknown|unknown
10,4.0,86400,20,0.0,-1.5046770174824677,-1.1834015482633071,-30.093540349649356,-1.1294261201669922,-2.2353024643524337,6.422788715267076,0.48184075833154144,7009.5,1.0,0.0,0.0,0.0,0.0,0.0,0.0,align_x_vol:unknown|unknown
10,6.0,86400,15,0.0,-1.3536611354141177,-1.1297625590089364,-20.304917031211765,-1.129551159709322,-2.1478606433155827,3.6901200406588313,0.3408489496771648,2217.0,1.0,0.0,0.0,0.0,0.0,0.0,0.0,align_x_vol:unknown|unknown
3,6.0,86400,22,0.0,-1.5371055628384431,-1.3835933266315799,-33.81632238244575,-1.3683541985904133,-2.1920857409766152,5.343092937645191,0.5099338830525328,3365.5,1.0,0.0,0.0,0.0,0.0,0.0,0.0,align_x_vol:unknown|unknown
5,4.0,86400,23,0.0,-1.5038947227202513,-1.239252606322929,-34.58957862256578,-1.222762962859918,-2.242702947287451,5.980433081273764,0.4743600613892342,5462.0,1.0,0.0,0.0,0.0,0.0,0.0,0.0,align_x_vol:unknown|unknown
5,6.0,900,17,0.0,-0.8138194240369282,-1.1013868261056543,-13.83493020862778,-0.2115765904703594,-1.4360997864224736,0.4752328350123037,0.4472880471771779,900.0,0.35294117647058826,0.0,0.0,0.0,0.0,0.0,0.0,align_x_vol:with_trend|unknown
3,4.0,900,28,0.0,-0.9313764654978636,-1.0504861423142935,-26.07854103394018,-0.3308107003403833,-2.147722773498397,0.9917661155390881,0.6065254938713256,900.0,0.32142857142857145,0.0,0.0,0.0,0.0,0.0,0.0,align_x_vol:with_trend|unknown
3,6.0,900,17,0.0,-0.883773770906569,-0.384641772692135,-15.024154105411672,-0.3502808391092233,-1.7152644168509377,0.6905332080857524,0.5213773251056847,900.0,0.35294117647058826,0.0,0.0,0.0,0.0,0.0,0.0,align_x_vol:with_trend|unknown
10,4.0,900,30,0.0,-0.5173316276355135,-0.13385775120191085,-15.519948829065406,-0.11277061722971765,-1.4329661220248417,0.1579697553626784,0.28362221914871294,900.0,0.2,0.0,0.0,0.0,0.0,0.0,0.0,align_x_vol:with_trend|unknown
10,6.0,900,22,0.0,-0.49114710246325316,-0.12843899974728185,-10.80523625419157,-0.11862744794000495,-1.4329661220248417,0.15717540945972683,0.24988303580950977,900.0,0.22727272727272727,0.0,0.0,0.0,0.0,0.0,0.0,align_x_vol:with_trend|unknown
5,4.0,900,21,0.0,-0.7776858474501641,-1.056961479502956,-16.331402796453446,-0.20575237088216652,-1.4360997864224736,0.3914140249686,0.4878769634839492,900.0,0.2857142857142857,0.0,0.0,0.0,0.0,0.0,0.0,align_x_vol:with_trend|unknown
5,4.0,3600,21,0.0,-1.0758883939866624,-1.2318399567034182,-22.593656273719912,-0.2051101509665268,-2.1477227734983444,1.6346884896175122,0.4878769634839492,2396.0,0.5714285714285714,0.0,0.0,0.0,0.0,0.0,0.0,align_x_vol:with_trend|unknown
5,6.0,3600,17,0.0,-0.9898316542983538,-1.2352827026934086,-16.827138123072015,-0.20498998527883927,-2.1139581272421135,1.301386229297775,0.4472880471771779,1570.0,0.5294117647058824,0.0,0.0,0.0,0.0,0.0,0.0,align_x_vol:with_trend|unknown
3,6.0,3600,17,0.0,-0.939856643137194,-0.4026686773016198,-15.977562933332297,-0.32385923852015547,-1.7152644168509377,0.8945946294957539,0.5213773251056847,3600.0,0.4117647058823529,0.0,0.0,0.0,0.0,0.0,0.0,align_x_vol:with_trend|unknown
3,4.0,3600,28,0.0,-1.1143398020379838,-1.2719852062128791,-31.201514457063546,-0.32039146442623667,-2.249555871506934,1.8182078855665005,0.6065254938713256,2906.5,0.5,0.0,0.0,0.0,0.0,0.0,0.0,align_x_vol:with_trend|unknown
10,4.0,3600,30,0.0,-0.776239111728396,-1.0428289005698685,-23.28717335185188,-0.10902658593884688,-2.1290091997255076,0.7832582947339147,0.28362221914871294,3600.0,0.36666666666666664,0.0,0.0,0.0,0.0,0.0,0.0,align_x_vol:with_trend|unknown
10,6.0,3600,22,0.0,-0.7452143156717493,-1.0368571974842986,-16.394714944778485,-0.10899162123402757,-1.4605722328620785,0.4476568154975569,0.24988303580950977,3600.0,0.3181818181818182,0.0,0.0,0.0,0.0,0.0,0.0,align_x_vol:with_trend|unknown
10,6.0,14400,22,0.0,-1.2243698735415167,-1.1296646868929114,-26.93613721791337,-1.0187625288816622,-2.3784436071757957,1.862048842851417,0.24988303580950977,9387.5,0.6363636363636364,0.0,0.0,0.0,0.0,0.0,0.0,align_x_vol:with_trend|unknown
10,4.0,14400,30,0.0,-1.2714136142197,-1.1296605403659576,-38.142408426591,-1.0314599273745815,-2.3784436071757957,2.4106995848893087,0.28362221914871294,7368.0,0.7,0.0,0.0,0.0,0.0,0.0,0.0,align_x_vol:with_trend|unknown
5,6.0,14400,17,0.0,-1.4708145882571446,-1.2479276998397286,-25.00384800037146,-1.2236713881914565,-2.3784436071757957,3.1589691763370893,0.4472880471771779,1570.0,1.0,0.0,0.0,0.0,0.0,0.0,0.0,align_x_vol:with_trend|unknown
3,6.0,14400,17,0.0,-1.541947658350027,-1.4107722932352493,-26.213110191950456,-1.367833253626326,-2.1171517263449884,3.235351129410047,0.5213773251056847,5476.0,1.0,0.0,0.0,0.0,0.0,0.0,0.0,align_x_vol:with_trend|unknown
3,4.0,14400,28,0.0,-1.6467662194220531,-1.4117115346420448,-46.10945414381749,-1.3671504305621744,-2.249555871506934,5.216975785719557,0.6065254938713256,3028.0,1.0,0.0,0.0,0.0,0.0,0.0,0.0,align_x_vol:with_trend|unknown
5,4.0,14400,21,0.0,-1.5126958034819842,-1.2478183203030295,-31.76661187312167,-1.223206240307477,-2.3784436071757957,4.094439452353382,0.4878769634839492,2396.0,1.0,0.0,0.0,0.0,0.0,0.0,0.0,align_x_vol:with_trend|unknown
3,4.0,86400,28,0.0,-1.6467662194220531,-1.4117115346420448,-46.10945414381749,-1.3671504305621744,-2.249555871506934,5.417604810072878,0.6065254938713256,3028.0,1.0,0.0,0.0,0.0,0.0,0.0,0.0,align_x_vol:with_trend|unknown
5,4.0,86400,21,0.0,-1.5126958034819842,-1.2478183203030295,-31.76661187312167,-1.223206240307477,-2.3784436071757957,4.150028058468608,0.4878769634839492,2396.0,1.0,0.0,0.0,0.0,0.0,0.0,0.0,align_x_vol:with_trend|unknown
10,6.0,86400,22,0.0,-1.2580930425982346,-1.12968980410111,-27.678046937161163,-1.1294308161263877,-2.3784436071757957,2.390316102555886,0.24988303580950977,9387.5,1.0,0.0,0.0,0.0,0.0,0.0,0.0,align_x_vol:with_trend|unknown
10,4.0,86400,30,0.0,-1.2978298557664452,-1.1297387984341114,-38.934895672993356,-1.1285053837247205,-2.3784436071757957,2.5245688295092106,0.28362221914871294,7368.0,1.0,0.0,0.0,0.0,0.0,0.0,0.0,align_x_vol:with_trend|unknown
5,6.0,86400,17,0.0,-1.4708145882571446,-1.2479276998397286,-25.00384800037146,-1.2236713881914565,-2.3784436071757957,3.3235141174940277,0.4472880471771779,1570.0,1.0,0.0,0.0,0.0,0.0,0.0,0.0,align_x_vol:with_trend|unknown
3,6.0,86400,17,0.0,-1.541947658350027,-1.4107722932352493,-26.213110191950456,-1.367833253626326,-2.1171517263449884,3.2975122696763526,0.5213773251056847,5476.0,1.0,0.0,0.0,0.0,0.0,0.0,0.0,align_x_vol:with_trend|unknown
3,4.0,900,46,0.021739130434782608,-0.6299706291281821,-0.376432014365639,-28.978648939896377,0.43834384432006634,-1.439059503089374,0.06299241798671963,0.649828314761353,900.0,0.021739130434782608,0.0,0.0,0.0,0.0,0.0,0.014901041977181902,align_x_vol:with_trend|vol_extreme
10,6.0,900,41,0.024390243902439025,-0.24050545463744838,-0.1261736053291726,-9.860723640135383,0.2530472287005015,-1.1772359377232786,0.04553987787443451,0.22890315485058657,900.0,0.04878048780487805,0.0,0.0,0.0,0.0,0.0,0.02502006738952627,align_x_vol:with_trend|vol_extreme
10,4.0,900,43,0.023255813953488372,-0.42354114641800206,-0.1266885593876087,-18.21226929597409,0.2531450736869775,-1.371583946626224,0.04797013861180099,0.45230685705880197,900.0,0.0,0.0,0.0,0.0,0.0,0.0,0.013709146657596722,align_x_vol:with_trend|vol_extreme
5,6.0,900,42,0.0,-0.40491815352660765,-0.22139046749580296,-17.00656244811752,-0.20088461060221327,-1.2788398955707918,0.010240476694089099,0.3554750959656518,900.0,0.047619047619047616,0.0,0.0,0.0,0.0,0.0,0.0,align_x_vol:with_trend|vol_extreme
3,6.0,900,37,0.0,-0.44247807576282944,-0.37282956329351774,-16.37168880322469,-0.32510966823968374,-1.150877204908243,0.018905673542068048,0.4458586717467613,900.0,0.0,0.0,0.0,0.0,0.0,0.0,0.0,align_x_vol:with_trend|vol_extreme
5,4.0,900,59,0.0,-0.4861909825785804,-0.2249696692375209,-28.685267972136245,-0.2007843849796245,-2.3595743489160186,0.012063552821397724,0.44862471346136235,900.0,0.03389830508474576,0.0,0.0,0.0,0.0,0.0,0.0,align_x_vol:with_trend|vol_extreme
3,6.0,3600,37,0.0,-0.4380562222946121,-0.36286049920245234,-16.208080224900648,-0.28906227880326923,-1.1466292526052997,0.03608681918301733,0.4458586717467613,3600.0,0.0,0.0,0.0,0.0,0.0,0.0,0.0,align_x_vol:with_trend|vol_extreme
3,4.0,3600,46,0.021739130434782608,-0.6292411132351965,-0.40271237935304993,-28.94509120881904,0.45388338236297726,-1.439059503089374,0.08880121831290926,0.649828314761353,3600.0,0.021739130434782608,0.0,0.0,0.0,0.0,0.0,0.015438748754832962,align_x_vol:with_trend|vol_extreme
10,6.0,3600,41,0.024390243902439025,-0.2421574187812964,-0.12888448787438955,-9.928454170033152,0.25427900234879985,-1.2848084828679875,0.05305121624806067,0.22890315485058657,3600.0,0.04878048780487805,0.0,0.0,0.0,0.0,0.0,0.02497158651259431,align_x_vol:with_trend|vol_extreme
5,6.0,3600,42,0.0,-0.4082477996748364,-0.22070425942283983,-17.146407586343127,-0.1792041377339996,-1.2788398955707918,0.018615153655928675,0.3554750959656518,3600.0,0.047619047619047616,0.0,0.0,0.0,0.0,0.0,0.0,align_x_vol:with_trend|vol_extreme
10,4.0,3600,43,0.023255813953488372,-0.4255077771952013,-0.13518138297073706,-18.296834419393655,0.254377323621369,-1.411472176435219,0.05489554540683921,0.45230685705880197,3600.0,0.0,0.0,0.0,0.0,0.0,0.0,0.013712167547068627,align_x_vol:with_trend|vol_extreme
5,4.0,3600,59,0.0,-0.48643062688892985,-0.23517917338040692,-28.69940698644686,-0.18817108858182466,-2.3595743489160186,0.024485513523427222,0.44862471346136235,3600.0,0.03389830508474576,0.0,0.0,0.0,0.0,0.0,0.0,align_x_vol:with_trend|vol_extreme
10,4.0,14400,43,0.0,-1.3481081473782615,-1.0387398371452143,-57.96865033726524,-0.1909606054310191,-2.3155948403411926,3.8049830836052863,0.45230685705880197,14400.0,0.3023255813953488,0.0,0.0,0.0,0.0,0.0,0.0,align_x_vol:with_trend|vol_extreme
3,6.0,14400,37,0.0,-1.4539064745203991,-1.392286561317993,-53.794539557254765,-0.3976726228125433,-2.242133850040695,3.949412789572549,0.4458586717467613,9582.0,0.972972972972973,0.0,0.0,0.0,0.0,0.0,0.0,align_x_vol:with_trend|vol_extreme
5,4.0,14400,59,0.0,-1.4452618747991317,-1.241936169735507,-85.27045061314877,-0.23571359396380706,-2.3595743489160186,3.7639868915809522,0.44862471346136235,9664.0,0.9661016949152542,0.0,0.0,0.0,0.0,0.0,0.0,align_x_vol:with_trend|vol_extreme
10,6.0,14400,41,0.0,-1.0944400053542749,-1.0341489901970813,-44.87204021952527,-0.1909606054310191,-2.220304306848748,1.7448071414006996,0.22890315485058657,14400.0,0.14634146341463414,0.0,0.0,0.0,0.0,0.0,0.0,align_x_vol:with_trend|vol_extreme
5,6.0,14400,42,0.0,-1.3309542491972581,-1.233265969970295,-55.90007846628484,-0.23530478496340002,-2.237373755930458,3.046045854035436,0.3554750959656518,9662.0,0.9523809523809523,0.0,0.0,0.0,0.0,0.0,0.0,align_x_vol:with_trend|vol_extreme
3,4.0,14400,46,0.0,-1.6737559907037478,-1.4117332104322313,-76.9927755723724,-0.39467750990990713,-2.4439290418248256,5.712546757768997,0.649828314761353,9643.5,0.9782608695652174,0.0,0.0,0.0,0.0,0.0,0.0,align_x_vol:with_trend|vol_extreme
5,4.0,86400,59,0.0,-1.4452618747991317,-1.241936169735507,-85.27045061314877,-0.23571359396380706,-2.3595743489160186,3.998706911600181,0.44862471346136235,9664.0,0.9661016949152542,0.0,0.0,0.0,0.0,0.0,0.0,align_x_vol:with_trend|vol_extreme
10,6.0,86400,41,0.0,-1.1882352468180863,-1.1297024163832703,-48.717645119541544,-0.1909606054310191,-2.220304306848748,1.827078395485739,0.22890315485058657,19344.0,0.975609756097561,0.0,0.0,0.0,0.0,0.0,0.0,align_x_vol:with_trend|vol_extreme
5,6.0,86400,42,0.0,-1.3309542491972581,-1.233265969970295,-55.90007846628484,-0.23530478496340002,-2.237373755930458,3.1808989135706556,0.3554750959656518,9662.0,0.9523809523809523,0.0,0.0,0.0,0.0,0.0,0.0,align_x_vol:with_trend|vol_extreme
3,6.0,86400,37,0.0,-1.4539064745203991,-1.392286561317993,-53.794539557254765,-0.3976726228125433,-2.242133850040695,4.064825545768362,0.4458586717467613,9582.0,0.972972972972973,0.0,0.0,0.0,0.0,0.0,0.0,align_x_vol:with_trend|vol_extreme
10,4.0,86400,43,0.0,-1.4261261788774466,-1.1296868038652101,-61.32342569173021,-0.1909606054310191,-2.3155948403411926,3.9160882671846275,0.45230685705880197,19045.0,0.9767441860465116,0.0,0.0,0.0,0.0,0.0,0.0,align_x_vol:with_trend|vol_extreme
3,4.0,86400,46,0.0,-1.6737559907037478,-1.4117332104322313,-76.9927755723724,-0.39467750990990713,-2.4439290418248256,5.971342167332674,0.649828314761353,9643.5,0.9782608695652174,0.0,0.0,0.0,0.0,0.0,0.0,align_x_vol:with_trend|vol_extreme
10,6.0,900,17,0.0,-0.921740107413108,-1.2340826002307566,-15.669581826022835,-0.11809636263917288,-2.541515579028196,0.4011449822926327,0.33311703636709017,105.0,0.5882352941176471,0.0,0.0,0.0,0.0,0.0,0.0,align_x_vol:with_trend|vol_high
3,6.0,900,14,0.0,-1.7311410939633702,-1.6931699812064307,-24.235975315487185,-0.36124298524697535,-2.590560273231702,1.5746407938310114,0.9362156067018949,66.5,0.7857142857142857,0.0,0.0,0.0,0.0,0.0,0.0,align_x_vol:with_trend|vol_high
5,6.0,900,14,0.0,-1.4212436274418143,-1.4318938981333977,-19.8974107841854,-0.21737737582337324,-2.590560273231702,0.8628629174935467,0.6974261713022336,80.0,0.7142857142857143,0.0,0.0,0.0,0.0,0.0,0.0,align_x_vol:with_trend|vol_high
10,4.0,900,19,0.0,-1.0518823167924547,-1.2340826002307566,-19.98576401905664,-0.11822246055340384,-2.541515579028196,0.36515311311220516,0.4742928495504022,105.0,0.5789473684210527,0.0,0.0,0.0,0.0,0.0,0.0,align_x_vol:with_trend|vol_high
3,4.0,900,18,0.0,-1.5121220298530451,-1.6893335173401423,-27.218196537354814,-0.3360386605282326,-2.590560273231702,1.2285007921812283,0.8910550908656051,67.0,0.6111111111111112,0.0,0.0,0.0,0.0,0.0,0.0,align_x_vol:with_trend|vol_high
5,4.0,900,15,0.0,-1.3618044280006052,-1.4315511830343481,-20.427066420009076,-0.20609982819113223,-2.590560273231702,0.8073191246354589,0.687632822418177,80.0,0.6666666666666666,0.0,0.0,0.0,0.0,0.0,0.0,align_x_vol:with_trend|vol_high
3,4.0,3600,18,0.0,-1.510455080880353,-1.6893335173401423,-27.188191455846354,-0.30431921630312897,-2.6236037441714863,1.2462658637206552,0.8910550908656051,67.0,0.6111111111111112,0.0,0.0,0.0,0.0,0.0,0.0,align_x_vol:with_trend|vol_high
5,6.0,3600,14,0.0,-1.4250803851400697,-1.4318938981333977,-19.951125391960975,-0.2159690463733338,-2.6236037441714863,0.8741915506520648,0.6974261713022336,80.0,0.7142857142857143,0.0,0.0,0.0,0.0,0.0,0.0,align_x_vol:with_trend|vol_high
3,6.0,3600,14,0.0,-1.7326630842323623,-1.6931699812064307,-24.257283179253072,-0.3445306601691814,-2.6236037441714863,1.5881479849238231,0.9362156067018949,66.5,0.7857142857142857,0.0,0.0,0.0,0.0,0.0,0.0,align_x_vol:with_trend|vol_high
10,4.0,3600,19,0.0,-1.0559119932069627,-1.2340826002307566,-20.06232787093229,-0.11056620527082364,-2.6236037441714863,0.3722225350047251,0.4742928495504022,105.0,0.5789473684210527,0.0,0.0,0.0,0.0,0.0,0.0,align_x_vol:with_trend|vol_high
5,4.0,3600,15,0.0,-1.3646785636387,-1.4315511830343481,-20.4701784545805,-0.21917499212421426,-2.6236037441714863,0.820441581861273,0.687632822418177,80.0,0.6666666666666666,0.0,0.0,0.0,0.0,0.0,0.0,align_x_vol:with_trend|vol_high
10,6.0,3600,17,0.0,-0.9277926985275026,-1.2340826002307566,-15.772475874967544,-0.11044827363749594,-2.6236037441714863,0.40486736144033164,0.33311703636709017,105.0,0.5882352941176471,0.0,0.0,0.0,0.0,0.0,0.0,align_x_vol:with_trend|vol_high
3,4.0,14400,18,0.0,-1.9133388059923366,-1.6931699812064307,-34.44009850786206,-1.3657863560208736,-3.692066301786888,3.927011544034662,0.8910550908656051,67.0,1.0,0.0,0.0,0.0,0.0,0.0,0.0,align_x_vol:with_trend|vol_high
5,6.0,14400,14,0.0,-1.7211560846343872,-1.4318938981333977,-24.09618518488142,-1.2240449290955637,-3.692066301786888,2.448703233659068,0.6974261713022336,80.0,1.0,0.0,0.0,0.0,0.0,0.0,0.0,align_x_vol:with_trend|vol_high
3,6.0,14400,14,0.0,-1.9611191380393629,-1.6931699812064307,-27.45566793255108,-1.4038701384423242,-3.692066301786888,3.1209124935525336,0.9362156067018949,66.5,1.0,0.0,0.0,0.0,0.0,0.0,0.0,align_x_vol:with_trend|vol_high
10,4.0,14400,19,0.0,-1.4724195780347793,-1.2353961335368708,-27.975971982660806,-1.0124082289952896,-3.617075014341558,2.1379077556497457,0.4742928495504022,105.0,0.7894736842105263,0.0,0.0,0.0,0.0,0.0,0.0,align_x_vol:with_trend|vol_high
5,4.0,14400,15,0.0,-1.7139119235698679,-1.4322366132324473,-25.70867885354802,-1.223619980278389,-3.692066301786888,2.617546057220861,0.687632822418177,80.0,1.0,0.0,0.0,0.0,0.0,0.0,0.0,align_x_vol:with_trend|vol_high
10,6.0,14400,17,0.0,-1.3230206220758967,-1.2340826002307566,-22.491350575290245,-1.0197723739736497,-3.617075014341558,1.276783782926045,0.33311703636709017,105.0,0.8235294117647058,0.0,0.0,0.0,0.0,0.0,0.0,align_x_vol:with_trend|vol_high
3,4.0,86400,18,0.0,-1.9133388059923366,-1.6931699812064307,-34.44009850786206,-1.3657863560208736,-3.692066301786888,4.568106683547173,0.8910550908656051,67.0,1.0,0.0,0.0,0.0,0.0,0.0,0.0,align_x_vol:with_trend|vol_high
5,4.0,86400,15,0.0,-1.7139119235698679,-1.4322366132324473,-25.70867885354802,-1.223619980278389,-3.692066301786888,3.3508612867409937,0.687632822418177,80.0,1.0,0.0,0.0,0.0,0.0,0.0,0.0,align_x_vol:with_trend|vol_high
5,6.0,86400,14,0.0,-1.7211560846343872,-1.4318938981333977,-24.09618518488142,-1.2240449290955637,-3.692066301786888,3.2302858633272455,0.6974261713022336,80.0,1.0,0.0,0.0,0.0,0.0,0.0,0.0,align_x_vol:with_trend|vol_high
3,6.0,86400,14,0.0,-1.9611191380393629,-1.6931699812064307,-27.45566793255108,-1.4038701384423242,-3.692066301786888,3.9349889695051585,0.9362156067018949,66.5,1.0,0.0,0.0,0.0,0.0,0.0,0.0,align_x_vol:with_trend|vol_high
10,4.0,86400,19,0.0,-1.4931112622535139,-1.2353961335368708,-28.369113982816764,-1.1296177644469823,-3.617075014341558,3.3134541083808466,0.4742928495504022,105.0,1.0,0.0,0.0,0.0,0.0,0.0,0.0,align_x_vol:with_trend|vol_high
10,6.0,86400,17,0.0,-1.3407914038240019,-1.2340826002307566,-22.793453865008033,-1.1248368294319329,-3.617075014341558,2.0510896591039933,0.33311703636709017,105.0,1.0,0.0,0.0,0.0,0.0,0.0,0.0,align_x_vol:with_trend|vol_high
3,4.0,900,353,0.0028328611898017,-0.9334711906087226,-1.0514614509602804,-329.5153302848791,1.2236132624929668,-2.2460181639000707,0.9164946266727085,0.650909662918729,900.0,0.28328611898017,0.0028328611898017,0.0,0.0,0.0,0.0,0.0036996346706831256,align_x_vol:with_trend|vol_normal
5,4.0,900,336,0.0,-0.8302505848258871,-1.0620664434734206,-278.96419650149807,-0.19455159642379283,-2.2076654760789767,0.6105767052533885,0.5150758470046671,900.0,0.30952380952380953,0.0,0.0,0.0,0.0,0.0,0.0,align_x_vol:with_trend|vol_normal
3,6.0,900,270,0.003703703703703704,-0.8773240753181676,-0.38269701471875484,-236.87750033590524,0.40802275970331564,-2.2211719068297064,0.8320617962109589,0.5382171593626607,900.0,0.337037037037037,0.0,0.0,0.0,0.0,0.0,0.001719543419169793,align_x_vol:with_trend|vol_normal
10,4.0,900,359,0.002785515320334262,-0.6727737408697786,-0.31257960833562765,-241.5257729722505,0.12113429834283787,-2.235693721934945,0.486591777982434,0.38442908245076524,900.0,0.27298050139275765,0.0,0.0,0.0,0.0,0.0,0.0005012863591388452,align_x_vol:with_trend|vol_normal
5,6.0,900,293,0.0,-0.6787437895689306,-0.22799698604756788,-198.87193034369665,-0.1971949196077952,-2.246241282681711,0.5144636774962109,0.3372745735230534,900.0,0.33447098976109213,0.0,0.0,0.0,0.0,0.0,0.0,align_x_vol:with_trend|vol_normal
10,6.0,900,292,0.00684931506849315,-0.5471935551795255,-0.13006030161654292,-159.78051811242145,0.7985401765353728,-1.2604038741395374,0.2533377505947185,0.2336520545914324,900.0,0.2876712328767123,0.0,0.0,0.0,0.0,0.0,0.00593035087926991,align_x_vol:with_trend|vol_normal
10,6.0,3600,292,0.003424657534246575,-0.8245022717381152,-1.0392868274104758,-240.75466334752963,0.13785742938071052,-2.242890198796082,0.6298936388917491,0.2336520545914324,3600.0,0.4383561643835616,0.0,0.0,0.0,0.0,0.0,0.0005722777483339956,align_x_vol:with_trend|vol_normal
5,4.0,3600,336,0.005952380952380952,-1.0984556798473255,-1.2292585907913507,-369.0811084287014,1.3839930316268074,-2.249483050809932,1.8456648794232802,0.5150758470046671,2731.5,0.5773809523809523,0.002976190476190476,0.0,0.0,0.0,0.0,0.0052980190087074195,align_x_vol:with_trend|vol_normal
5,6.0,3600,293,0.010238907849829351,-0.894055535742229,-1.226370051465087,-261.9582719724731,1.3844215561968116,-2.249483050809932,1.0490361397358332,0.3372745735230534,3002.0,0.5563139931740614,0.0034129692832764505,0.0,0.0,0.0,0.0,0.009919949821253653,align_x_vol:with_trend|vol_normal
10,4.0,3600,359,0.0,-0.9476250246923268,-1.1106092644598522,-340.1973838645453,-0.052303819036665956,-2.242890198796082,1.2523805691810048,0.38442908245076524,3600.0,0.4373259052924791,0.0,0.0,0.0,0.0,0.0,0.0,align_x_vol:with_trend|vol_normal
3,4.0,3600,353,0.0028328611898017,-1.1944678528302022,-1.3809410806864313,-421.6471520490614,7.882501629051884,-2.2460181639000707,2.2815409082022593,0.650909662918729,3073.0,0.5495750708215298,0.0028328611898017,0.0028328611898017,0.0028328611898017,0.0028328611898017,0.0,0.018351472503826197,align_x_vol:with_trend|vol_normal
3,6.0,3600,270,0.007407407407407408,-1.098837815225584,-1.3783994154422097,-296.68621011090767,1.906785659311114,-2.2211719068297064,1.707375013544351,0.5382171593626607,2901.0,0.5592592592592592,0.003703703703703704,0.0,0.0,0.0,0.0,0.008054138592473111,align_x_vol:with_trend|vol_normal
10,6.0,14400,292,0.0,-1.2193222532436456,-1.129701930164738,-356.0420979471445,-0.13387002677069462,-2.26017301708952,1.901506378941492,0.2336520545914324,4739.0,0.7842465753424658,0.0,0.0,0.0,0.0,0.0,0.0,align_x_vol:with_trend|vol_normal
5,4.0,14400,336,0.0,-1.5305597868213998,-1.4208524934105746,-514.2680883719903,-0.20383906465156115,-2.249483050809932,4.725269927563379,0.5150758470046671,2731.5,0.9880952380952381,0.0,0.0,0.0,0.0,0.0,0.0,align_x_vol:with_trend|vol_normal
5,6.0,14400,293,0.0,-1.3492779543126754,-1.2395682395031307,-395.3384406136139,-0.20389463808200928,-2.249483050809932,2.586167914373874,0.3372745735230534,3002.0,0.9931740614334471,0.0,0.0,0.0,0.0,0.0,0.0,align_x_vol:with_trend|vol_normal
10,4.0,14400,359,0.0,-1.3817782920182062,-1.1297912508237546,-496.058406834536,-0.9616755001725665,-2.26017301708952,3.3817058498997206,0.38442908245076524,4711.0,0.807799442896936,0.0,0.0,0.0,0.0,0.0,0.0,align_x_vol:with_trend|vol_normal
3,4.0,14400,353,0.0,-1.6771139706584508,-1.6818020624925258,-592.0212316424331,-0.3660376279033999,-2.6728307989235685,5.474757913737971,0.650909662918729,3073.0,0.9886685552407932,0.0,0.0,0.0,0.0,0.0,0.0,align_x_vol:with_trend|vol_normal
3,6.0,14400,270,0.0,-1.5545169513514538,-1.405381922406995,-419.71957686489253,-0.3486668806975906,-2.6728307989235685,3.812546400493775,0.5382171593626607,2901.0,0.9888888888888889,0.0,0.0,0.0,0.0,0.0,0.0,align_x_vol:with_trend|vol_normal
3,6.0,86400,270,0.0,-1.5545169513514538,-1.405381922406995,-419.71957686489253,-0.3486668806975906,-2.6728307989235685,4.428875484645306,0.5382171593626607,2901.0,0.9888888888888889,0.0,0.0,0.0,0.0,0.0,0.0,align_x_vol:with_trend|vol_normal
5,4.0,86400,336,0.0,-1.5305597868213998,-1.4208524934105746,-514.2680883719903,-0.20383906465156115,-2.249483050809932,5.520596638348379,0.5150758470046671,2731.5,0.9880952380952381,0.0,0.0,0.0,0.0,0.0,0.0,align_x_vol:with_trend|vol_normal
10,6.0,86400,292,0.0,-1.2406783981356755,-1.1297546502506384,-362.27809225561725,-0.13387002677069462,-2.26017301708952,2.1606624325762707,0.2336520545914324,4739.0,0.9897260273972602,0.0,0.0,0.0,0.0,0.0,0.0,align_x_vol:with_trend|vol_normal
10,4.0,86400,359,0.0,-1.4007705662046173,-1.1298148030894297,-502.87663326745763,-1.0180791062823373,-2.26017301708952,4.064633917367438,0.38442908245076524,4711.0,0.9944289693593314,0.0,0.0,0.0,0.0,0.0,0.0,align_x_vol:with_trend|vol_normal
5,6.0,86400,293,0.0,-1.3492779543126754,-1.2395682395031307,-395.3384406136139,-0.20389463808200928,-2.249483050809932,3.025347160019965,0.3372745735230534,3002.0,0.9931740614334471,0.0,0.0,0.0,0.0,0.0,0.0,align_x_vol:with_trend|vol_normal
3,4.0,86400,353,0.0,-1.6771139706584508,-1.6818020624925258,-592.0212316424331,-0.3660376279033999,-2.6728307989235685,6.251498897918817,0.650909662918729,3073.0,0.9886685552407932,0.0,0.0,0.0,0.0,0.0,0.0,align_x_vol:with_trend|vol_normal
10,4.0,900,380,0.007894736842105263,-0.602714438024309,-0.1317584015555439,-229.03148644923743,1.041134960604162,-2.234568484352842,0.3519450935977831,0.41357354881257397,900.0,0.18157894736842106,0.002631578947368421,0.0,0.0,0.0,0.0,0.006142041085524219,side:long
3,6.0,900,299,0.010033444816053512,-0.6694545521548304,-0.37460438650152056,-200.1669110942943,4.6828845000169155,-2.590560273231702,0.5664376728927839,0.4921928348712237,900.0,0.20735785953177258,0.006688963210702341,0.006688963210702341,0.006688963210702341,0.0,0.0,0.042969681721940496,side:long
3,4.0,900,423,0.0070921985815602835,-0.7852691521093769,-0.3881576528780825,-332.1688513422664,3.8969384866961607,-2.590560273231702,0.634193224209593,0.62651465861955,900.0,0.1773049645390071,0.004728132387706856,0.002364066193853428,0.002364066193853428,0.0,0.0,0.016459694662180977,side:long
10,6.0,900,337,0.011869436201780416,-0.46505085237821275,-0.1276248862018655,-156.7221372514577,1.0413441612020697,-2.2271604316036604,0.2147210362720557,0.26193780102733233,900.0,0.18694362017804153,0.002967359050445104,0.0,0.0,0.0,0.0,0.014138532505443746,side:long
5,6.0,900,350,0.002857142857142857,-0.5770504355045069,-0.22507412651909975,-201.96765242657742,1.7714336847954397,-2.590560273231702,0.3594924262621929,0.3760205539095071,900.0,0.20285714285714285,0.002857142857142857,0.0,0.0,0.0,0.0,0.008694618782314038,side:long
5,4.0,900,431,0.002320185614849188,-0.7524696208156233,-1.0302493371284522,-324.31440657153365,1.7722116450362404,-2.590560273231702,0.43035089530220305,0.5673605522919011,900.0,0.18561484918793503,0.002320185614849188,0.0,0.0,0.0,0.0,0.005434788016536235,side:long
3,6.0,3600,299,0.010033444816053512,-0.8685065204462219,-0.42031688829664454,-259.68344961342035,4.735780712929099,-2.5464922969320947,1.3038136145723145,0.4921928348712237,3600.0,0.4080267558528428,0.010033444816053512,0.010033444816053512,0.006688963210702341,0.0,0.0,0.04144651993015714,side:long
3,4.0,3600,423,0.0070921985815602835,-0.9794441611455391,-1.0754101278524621,-414.30488016456303,7.882501629051884,-2.5464922969320947,1.6370288572758938,0.62651465861955,3600.0,0.3806146572104019,0.004728132387706856,0.004728132387706856,0.004728132387706856,0.002364066193853428,0.0,0.02862826917858667,side:long
10,6.0,3600,337,0.008902077151335312,-0.6980492027903151,-1.017393472399329,-235.24258134033622,1.0493853683235104,-2.2271604316036604,0.6665098808291201,0.26193780102733233,3600.0,0.3264094955489614,0.002967359050445104,0.0,0.0,0.0,0.0,0.006090488465116653,side:long
5,6.0,3600,350,0.011428571428571429,-0.8025593868790692,-1.1142604578333348,-280.8957854076742,1.747197939270905,-2.5464922969320947,1.0188243805989354,0.3760205539095071,3600.0,0.4342857142857143,0.005714285714285714,0.0,0.0,0.0,0.0,0.015325423362177067,side:long
5,4.0,3600,431,0.0069605568445475635,-0.9818531147668814,-1.1393760196522351,-423.1786924645259,1.7479652559033187,-2.5464922969320947,1.5609375056641748,0.5673605522919011,3600.0,0.41531322505800466,0.004640371229698376,0.0,0.0,0.0,0.0,0.008699565233111724,side:long
10,4.0,3600,380,0.007894736842105263,-0.8122529927955888,-1.029630005305496,-308.65613726232374,2.4287766504105486,-2.234568484352842,1.0957242722971863,0.41357354881257397,3600.0,0.3236842105263158,0.005263157894736842,0.002631578947368421,0.0,0.0,0.0,0.011947715537123128,side:long
5,4.0,14400,431,0.002320185614849188,-1.5849733901476062,-1.247615540869054,-683.1235311536183,0.14883368530590887,-3.692066301786888,5.171516180451519,0.5673605522919011,4365.0,0.988399071925754,0.0,0.0,0.0,0.0,0.0,0.00021782482793811686,side:long
10,4.0,14400,380,0.002631578947368421,-1.4046351926770635,-1.1296703838735587,-533.7613732172841,0.15382042580019428,-2.717470613273443,3.680346706150705,0.41357354881257397,6477.0,0.8342105263157895,0.0,0.0,0.0,0.0,0.0,0.0002880989858157536,side:long
5,6.0,14400,350,0.002857142857142857,-1.3856213379939148,-1.2308469096358325,-484.9674682978702,0.14876835073371816,-3.692066301786888,3.1374472010692385,0.3760205539095071,4304.5,0.9914285714285714,0.0,0.0,0.0,0.0,0.0,0.0003066653710901851,side:long
10,6.0,14400,337,0.002967359050445104,-1.2380213865273946,-1.129612110848559,-417.213207259732,0.15385133372881588,-2.717470613273443,2.1712652945037414,0.26193780102733233,7366.0,0.7893175074183977,0.0,0.0,0.0,0.0,0.0,0.0003686235666209484,side:long
3,4.0,14400,423,0.002364066193853428,-1.6489922236822006,-1.4020041517855377,-697.5237106175708,1.0888901239375446,-3.692066301786888,5.4041767269513485,0.62651465861955,4898.0,0.9905437352245863,0.002364066193853428,0.0,0.0,0.0,0.0,0.0015586465557331705,side:long
3,6.0,14400,299,0.006688963210702341,-1.4882556816254213,-1.3894605896590593,-444.988448806001,2.060422378417966,-3.692066301786888,3.7758539889343767,0.4921928348712237,4543.0,0.9832775919732442,0.006688963210702341,0.0033444816053511705,0.0,0.0,0.0,0.007027209976088197,side:long
10,6.0,86400,337,0.0,-1.2622629449963358,-1.1296434114267622,-425.3826124637652,-0.13366770137622744,-2.717470613273443,2.767381100404072,0.26193780102733233,7366.0,0.9910979228486647,0.0,0.0,0.0,0.0,0.0,0.0,side:long
5,6.0,86400,350,0.0,-1.3896779388593445,-1.2314512030453018,-486.38727860077057,-0.23530478496340002,-3.692066301786888,3.979132006412734,0.3760205539095071,4304.5,0.9942857142857143,0.0,0.0,0.0,0.0,0.0,0.0,side:long
10,4.0,86400,380,0.0,-1.423359341017169,-1.129680346678227,-540.8765495865242,-0.13364084823382677,-2.717470613273443,4.744286573513201,0.41357354881257397,6477.0,0.9921052631578947,0.0,0.0,0.0,0.0,0.0,0.0,side:long
5,4.0,86400,431,0.0,-1.5882680414047792,-1.2476386374692239,-684.5435258454598,-0.23350526075933792,-3.692066301786888,6.705146788491575,0.5673605522919011,4365.0,0.9907192575406032,0.0,0.0,0.0,0.0,0.0,0.0,side:long
3,4.0,86400,423,0.0,-1.6549973144371117,-1.4020293054602866,-700.0638640068983,-0.39061102751129473,-3.692066301786888,6.99778346641791,0.62651465861955,4898.0,0.9929078014184397,0.0,0.0,0.0,0.0,0.0,0.0,side:long
3,6.0,86400,299,0.0,-1.508494231159446,-1.3906061564768133,-451.0397751166744,-0.38931370764214934,-3.692066301786888,4.908649192764026,0.4921928348712237,4543.0,0.9899665551839465,0.0,0.0,0.0,0.0,0.0,0.0,side:long
10,4.0,900,406,0.007389162561576354,-0.5486864016499454,-0.13099213164261445,-222.76667906987785,14.934510242387592,-2.7227263647585063,0.4257811560852052,0.40894287200331686,900.0,0.16995073891625614,0.0049261083743842365,0.0024630541871921183,0.0024630541871921183,0.0024630541871921183,0.0024630541871921183,0.0688337711354598,side:short
5,6.0,900,292,0.010273972602739725,-0.5519492639010254,-0.226259326054824,-161.16918505909942,3.229422888913173,-2.541515579028196,0.346604670022187,0.34414594312100205,900.0,0.22602739726027396,0.00684931506849315,0.00684931506849315,0.003424657534246575,0.0,0.0,0.03819163592937886,side:short
10,6.0,900,305,0.006557377049180328,-0.4523099024461285,-0.12767743756065647,-137.9545202460692,0.5503669541267945,-2.7227263647585063,0.2047240342858364,0.24600534062002816,900.0,0.18360655737704917,0.0,0.0,0.0,0.0,0.0,0.006595900636158056,side:short
5,4.0,900,379,0.005277044854881266,-0.6287582190502605,-0.2306733837611722,-238.29936502004875,3.083136780348225,-2.541515579028196,0.39192505669772426,0.4571699896106774,900.0,0.18469656992084432,0.005277044854881266,0.005277044854881266,0.002638522427440633,0.0,0.0,0.023889859327454327,side:short
3,4.0,900,405,0.0024691358024691358,-0.7689326693415702,-0.3843532203839914,-311.4177310833359,13.417375873799601,-2.541515579028196,0.5899695275085516,0.6331974188790136,900.0,0.16790123456790124,0.0024691358024691358,0.0024691358024691358,0.0024691358024691358,0.0024691358024691358,0.0024691358024691358,0.04130519019168124,side:short
3,6.0,900,343,0.0029154518950437317,-0.7238969101947738,-0.3771433364398849,-248.2966401968074,2.8511455036230084,-2.541515579028196,0.47645149744806436,0.5406723872825993,900.0,0.18950437317784258,0.0029154518950437317,0.0029154518950437317,0.0,0.0,0.0,0.011352461243770871,side:short
10,4.0,3600,406,0.0049261083743842365,-0.8205383931503207,-1.0368899100847828,-333.1385876190302,14.990171536940455,-2.7667943410581137,1.249746357111464,0.40894287200331686,3600.0,0.33251231527093594,0.0049261083743842365,0.0024630541871921183,0.0024630541871921183,0.0024630541871921183,0.0024630541871921183,0.04631752618116343,side:short
10,6.0,3600,305,0.003278688524590164,-0.6874883159170363,-1.0206451532195133,-209.68393635469607,0.7495444760091559,-2.7667943410581137,0.5338835325830023,0.24600534062002816,3600.0,0.3016393442622951,0.0,0.0,0.0,0.0,0.0,0.003561906941092554,side:short
5,4.0,3600,379,0.0079155672823219,-0.8838866411061026,-1.1224959214597658,-334.9930369792129,3.08661755848772,-2.6236037441714863,1.3054096688351464,0.4571699896106774,3600.0,0.43799472295514513,0.005277044854881266,0.005277044854881266,0.002638522427440633,0.0,0.0,0.01959955173187475,side:short
3,4.0,3600,405,0.0024691358024691358,-1.0548172712400568,-1.1751700329948052,-427.200994852223,13.564733546788796,-2.6236037441714863,1.9249497870019499,0.6331974188790136,3600.0,0.4419753086419753,0.0024691358024691358,0.0024691358024691358,0.0024691358024691358,0.0024691358024691358,0.0024691358024691358,0.030775381734101288,side:short
3,6.0,3600,343,0.008746355685131196,-0.9593775047044648,-1.1299541459733735,-329.0664841136314,2.8698960019124926,-2.6236037441714863,1.3673852070247654,0.5406723872825993,3600.0,0.42565597667638483,0.0058309037900874635,0.0029154518950437317,0.0,0.0,0.0,0.01578861544669802,side:short
5,6.0,3600,292,0.00684931506849315,-0.7814333240202815,-1.0617520291063487,-228.17853061392222,3.2391537920415487,-2.6236037441714863,0.8812157094443633,0.34414594312100205,3600.0,0.4486301369863014,0.00684931506849315,0.00684931506849315,0.003424657534246575,0.0,0.0,0.024078419523858863,side:short
5,6.0,14400,292,0.00684931506849315,-1.333630223734055,-1.2309103231191731,-389.42002533034406,1.6687288402925486,-3.617075014341558,2.7527695537734425,0.34414594312100205,4120.5,0.9828767123287672,0.003424657534246575,0.0,0.0,0.0,0.0,0.006292306753662125,side:short
10,6.0,14400,305,0.0,-1.2331463032431054,-1.1297382492095114,-376.1096224891471,-0.9517266732662215,-3.689197331233378,1.955843269280765,0.24600534062002816,7519.0,0.7704918032786885,0.0,0.0,0.0,0.0,0.0,0.0,side:short
5,4.0,14400,379,0.005277044854881266,-1.4584508569755599,-1.236781553014367,-552.7528747937372,1.548222984397014,-3.617075014341558,4.271567293581725,0.4571699896106774,4299.0,0.9868073878627969,0.005277044854881266,0.0,0.0,0.0,0.0,0.0048981912432147405,side:short
3,4.0,14400,405,0.0024691358024691358,-1.6273902805316591,-1.3955790170938074,-659.093063615322,5.7082231285241045,-3.617075014341558,5.768950369937554,0.6331974188790136,4075.0,0.9827160493827161,0.0024691358024691358,0.0024691358024691358,0.0024691358024691358,0.0024691358024691358,0.0,0.008586359927915625,side:short
10,4.0,14400,406,0.0049261083743842365,-1.3826438616522958,-1.129772777376986,-561.3534078308321,6.959244477894444,-3.689197331233378,3.701473903725907,0.40894287200331686,6934.0,0.8078817733990148,0.0024630541871921183,0.0024630541871921183,0.0024630541871921183,0.0024630541871921183,0.0,0.012786382523767117,side:short
3,6.0,14400,343,0.0029154518950437317,-1.5477916994799166,-1.3857068022779695,-530.8925529216114,0.2814079213839331,-3.617075014341558,4.3697373235148085,0.5406723872825993,4265.0,0.9854227405247813,0.0,0.0,0.0,0.0,0.0,0.0005297848579349163,side:short
3,6.0,86400,343,0.0,-1.5528449573829555,-1.386046008008593,-532.6258203823537,-0.32799775584596547,-3.617075014341558,5.959759179754246,0.5406723872825993,4265.0,0.9883381924198251,0.0,0.0,0.0,0.0,0.0,0.0,side:short
5,6.0,86400,292,0.0,-1.3436637500269875,-1.2309103231191731,-392.34981500788035,-0.11790868910527987,-3.617075014341558,3.7906206973388303,0.34414594312100205,4120.5,0.9828767123287672,0.0,0.0,0.0,0.0,0.0,0.0,side:short
10,6.0,86400,305,0.0,-1.255148379642921,-1.1297587486930558,-382.8202557910909,-0.9978484195148719,-3.689197331233378,2.6607033764326666,0.24600534062002816,7519.0,0.9934426229508196,0.0,0.0,0.0,0.0,0.0,0.0,side:short
3,4.0,86400,405,0.0,-1.6472985724566616,-1.396499768275746,-667.1559218449479,-0.32723551750637847,-3.617075014341558,7.287244747240805,0.6331974188790136,4075.0,0.9851851851851852,0.0,0.0,0.0,0.0,0.0,0.0,side:short
10,4.0,86400,406,0.0,-1.4248980327321479,-1.1297935390783564,-578.508601289252,-0.10875513360940482,-3.689197331233378,4.843856734284334,0.40894287200331686,6934.0,0.9950738916256158,0.0,0.0,0.0,0.0,0.0,0.0,side:short
5,4.0,86400,379,0.0,-1.467922973398448,-1.236781553014367,-556.3428069180118,-0.20383906465156115,-3.617075014341558,5.486105806296158,0.4571699896106774,4299.0,0.9868073878627969,0.0,0.0,0.0,0.0,0.0,0.0,side:short
10,6.0,900,56,0.0,-0.48473250737062834,-0.1284337474951757,-27.145020412755187,-0.11616328948552807,-1.4329661220248417,0.14086055807653847,0.30237636181560007,900.0,0.16071428571428573,0.0,0.0,0.0,0.0,0.0,0.0,vol:unknown
5,6.0,900,46,0.0,-0.55969919528874,-0.2281290293622812,-25.74616298328204,-0.199924353096093,-1.4360997864224736,0.2933421506586357,0.33548980535563294,900.0,0.21739130434782608,0.0,0.0,0.0,0.0,0.0,0.0,vol:unknown
5,4.0,900,56,0.0,-0.6697557226057581,-0.2300267318416575,-37.50632046592246,-0.19990322591939588,-1.4360997864224736,0.24923323496129585,0.4877688160416181,900.0,0.17857142857142858,0.0,0.0,0.0,0.0,0.0,0.0,vol:unknown
10,4.0,900,68,0.0,-0.6078613004280433,-0.13385775120191085,-41.334568429106945,-0.11219993927701379,-2.2256678329155486,0.3895048295797208,0.4145352321644371,900.0,0.16176470588235295,0.0,0.0,0.0,0.0,0.0,0.0,vol:unknown
3,6.0,900,56,0.0,-0.7170159545789991,-0.3790344355356,-40.15289345642395,-0.3270997966288292,-1.7337455158232211,0.43368918749930424,0.5141194515847147,900.0,0.19642857142857142,0.0,0.0,0.0,0.0,0.0,0.0,vol:unknown
3,4.0,900,73,0.0,-0.7837927257069665,-0.3878134263954512,-57.21686897660855,-0.3308107003403833,-2.147722773498397,0.5316281737661179,0.6002949672811162,900.0,0.1780821917808219,0.0,0.0,0.0,0.0,0.0,0.0,vol:unknown
10,4.0,3600,68,0.0,-0.9299532707176938,-1.061981968429912,-63.236822408803185,-0.10175328440535315,-2.2256678329155486,1.451856250736803,0.4145352321644371,3600.0,0.38235294117647056,0.0,0.0,0.0,0.0,0.0,0.0,vol:unknown
5,6.0,3600,46,0.0,-0.7101014362580009,-0.2350862474492251,-32.66466606786804,-0.18069813660432205,-2.1139581272421135,0.7679149435549829,0.33548980535563294,3600.0,0.3695652173913043,0.0,0.0,0.0,0.0,0.0,0.0,vol:unknown
10,6.0,3600,56,0.0,-0.8172746622364785,-1.0458872412553823,-45.767381085242796,-0.10899162123402757,-2.1688925122001685,0.9365936847041322,0.30237636181560007,3600.0,0.35714285714285715,0.0,0.0,0.0,0.0,0.0,0.0,vol:unknown
3,4.0,3600,73,0.0,-1.0440174979913075,-1.151393497199444,-76.21327735336544,-0.31876199475948536,-2.249555871506934,1.7468622983531328,0.6002949672811162,3600.0,0.4246575342465753,0.0,0.0,0.0,0.0,0.0,0.0,vol:unknown
3,6.0,3600,56,0.0,-0.9532795511374855,-1.1230897346561717,-53.38365486369919,-0.29426509803747547,-2.1264951254108624,1.27637373437215,0.5141194515847147,3600.0,0.42857142857142855,0.0,0.0,0.0,0.0,0.0,0.0,vol:unknown
5,4.0,3600,56,0.0,-0.9073632088726402,-1.1364371710358623,-50.81233969686785,-0.18142213713071922,-2.1477227734983444,1.0240848416584478,0.4877688160416181,3600.0,0.4107142857142857,0.0,0.0,0.0,0.0,0.0,0.0,vol:unknown
5,6.0,14400,46,0.0,-1.3519113842571457,-1.230741305343232,-62.187923675828706,-1.2216677691017326,-2.3784436071757957,2.73065044529896,0.33548980535563294,5522.5,1.0,0.0,0.0,0.0,0.0,0.0,0.0,vol:unknown
10,6.0,14400,56,0.0,-1.2974663396811192,-1.1296847963548649,-72.65811502214268,-1.0187625288816622,-2.3784436071757957,2.6328506062547774,0.30237636181560007,6461.0,0.8214285714285714,0.0,0.0,0.0,0.0,0.0,0.0,vol:unknown
3,4.0,14400,73,0.0,-1.6319637573895336,-1.3997486106281123,-119.13335428943596,-1.367017540794777,-2.423074756452203,5.207482753735641,0.6002949672811162,4698.0,1.0,0.0,0.0,0.0,0.0,0.0,0.0,vol:unknown
10,4.0,14400,68,0.0,-1.4230120817953944,-1.129751826580875,-96.76482156208682,-1.0196893370245559,-2.3784436071757957,4.017807174256511,0.4145352321644371,5677.5,0.8529411764705882,0.0,0.0,0.0,0.0,0.0,0.0,vol:unknown
3,6.0,14400,56,0.0,-1.5381033599523304,-1.38928030133471,-86.1337881573305,-1.367833253626326,-2.423074756452203,3.97322251124622,0.5141194515847147,4804.0,1.0,0.0,0.0,0.0,0.0,0.0,0.0,vol:unknown
5,4.0,14400,56,0.0,-1.513915942135646,-1.2418322827355406,-84.77929275959617,-1.222762962859918,-2.3784436071757957,4.315649879185078,0.4877688160416181,5087.5,1.0,0.0,0.0,0.0,0.0,0.0,0.0,vol:unknown
3,4.0,86400,73,0.0,-1.6319637573895336,-1.3997486106281123,-119.13335428943596,-1.367017540794777,-2.423074756452203,6.7573362840379945,0.6002949672811162,4698.0,1.0,0.0,0.0,0.0,0.0,0.0,0.0,vol:unknown
10,4.0,86400,68,0.0,-1.43628237806069,-1.1297692702141013,-97.66720170812691,-1.1285053837247205,-2.3784436071757957,4.974806097519025,0.4145352321644371,5677.5,1.0,0.0,0.0,0.0,0.0,0.0,0.0,vol:unknown
3,6.0,86400,56,0.0,-1.5381033599523304,-1.38928030133471,-86.1337881573305,-1.367833253626326,-2.423074756452203,5.411404054154057,0.5141194515847147,4804.0,1.0,0.0,0.0,0.0,0.0,0.0,0.0,vol:unknown
10,6.0,86400,56,0.0,-1.3138313292839463,-1.1297046523303604,-73.574554439901,-1.1294308161263877,-2.3784436071757957,3.5975599259049282,0.30237636181560007,6461.0,1.0,0.0,0.0,0.0,0.0,0.0,0.0,vol:unknown
5,6.0,86400,46,0.0,-1.3519113842571457,-1.230741305343232,-62.187923675828706,-1.2216677691017326,-2.3784436071757957,3.333896302325198,0.33548980535563294,5522.5,1.0,0.0,0.0,0.0,0.0,0.0,0.0,vol:unknown
5,4.0,86400,56,0.0,-1.513915942135646,-1.2418322827355406,-84.77929275959617,-1.222762962859918,-2.3784436071757957,5.79800098714334,0.4877688160416181,5087.5,1.0,0.0,0.0,0.0,0.0,0.0,0.0,vol:unknown
3,6.0,900,73,0.0136986301369863,-0.4635470672964269,-0.37441318120156514,-33.838935912639165,2.8511455036230084,-1.1523892671260492,0.06425742683789516,0.5010604924084501,900.0,0.0,0.0136986301369863,0.0136986301369863,0.0,0.0,0.0,0.07770889007510605,vol:vol_extreme
5,6.0,900,92,0.021739130434782608,-0.3546512311893958,-0.22162127211918226,-32.62791326942441,2.3810285533048314,-2.356758467494366,0.06148000877639366,0.37113157369542316,900.0,0.03260869565217391,0.021739130434782608,0.010869565217391304,0.0,0.0,0.0,0.11289885382629503,vol:vol_extreme
3,4.0,900,97,0.020618556701030927,-0.4599842444168748,-0.37359348269835624,-44.61847170843686,13.417375873799601,-2.364726509321313,0.19141887243388866,0.611098188942932,900.0,0.020618556701030927,0.010309278350515464,0.010309278350515464,0.010309278350515464,0.010309278350515464,0.010309278350515464,0.23695444742527863,vol:vol_extreme
10,6.0,900,81,0.012345679012345678,-0.2198159983643993,-0.12558771984474032,-17.805095867516343,0.2530472287005015,-1.1772359377232786,0.026145407112116745,0.21407779918214925,900.0,0.024691358024691357,0.0,0.0,0.0,0.0,0.0,0.014012915245616507,vol:vol_extreme
5,4.0,900,110,0.01818181818181818,-0.45289153759991135,-0.2248894143304655,-49.81806913599025,3.083136780348225,-2.3595743489160186,0.06289951502288907,0.47329162388992124,900.0,0.02727272727272727,0.01818181818181818,0.00909090909090909,0.00909090909090909,0.0,0.0,0.08880638236916502,vol:vol_extreme
10,4.0,900,103,0.02912621359223301,-0.24112762721787345,-0.12683157980834078,-24.836145603440965,14.934510242387592,-1.371583946626224,0.19927566478149256,0.42557298345511574,900.0,0.0,0.019417475728155338,0.009708737864077669,0.009708737864077669,0.009708737864077669,0.009708737864077669,0.39705213440357073,vol:vol_extreme
5,6.0,3600,92,0.021739130434782608,-0.35547826649753206,-0.22137102920841284,-32.70400051777295,2.390579678735011,-2.356758467494366,0.07191266165679075,0.37113157369542316,3600.0,0.03260869565217391,0.021739130434782608,0.010869565217391304,0.0,0.0,0.0,0.11231210401290369,vol:vol_extreme
3,6.0,3600,73,0.0136986301369863,-0.4634609810513162,-0.37627522458556417,-33.832651616746084,2.8698960019124926,-1.21095203733709,0.08143138045116007,0.5010604924084501,3600.0,0.0,0.0136986301369863,0.0136986301369863,0.0,0.0,0.0,0.07819337316120027,vol:vol_extreme
5,4.0,3600,110,0.01818181818181818,-0.4544039003953029,-0.23446597763360055,-49.98442904348332,3.08661755848772,-2.3595743489160186,0.0755806779503751,0.47329162388992124,3600.0,0.02727272727272727,0.01818181818181818,0.00909090909090909,0.00909090909090909,0.0,0.0,0.08819171762755126,vol:vol_extreme
10,4.0,3600,103,0.02912621359223301,-0.23969312148847843,-0.1310157588228814,-24.688391513313277,14.990171536940455,-1.411472176435219,0.21347647435637754,0.42557298345511574,3600.0,0.0,0.019417475728155338,0.009708737864077669,0.009708737864077669,0.009708737864077669,0.009708737864077669,0.3996352598261109,vol:vol_extreme
10,6.0,3600,81,0.012345679012345678,-0.22021138566418277,-0.12885902195762483,-17.837122238798806,0.25427900234879985,-1.2848084828679875,0.03300775808874652,0.21407779918214925,3600.0,0.024691358024691357,0.0,0.0,0.0,0.0,0.0,0.014055240882638785,vol:vol_extreme
3,4.0,3600,97,0.020618556701030927,-0.4612587414694495,-0.3937257445369088,-44.7420979225366,13.564733546788796,-2.364726509321313,0.21479916931865484,0.611098188942932,3600.0,0.020618556701030927,0.010309278350515464,0.010309278350515464,0.010309278350515464,0.010309278350515464,0.010309278350515464,0.23857124550874956,vol:vol_extreme
10,6.0,14400,81,0.0,-1.1500998323747094,-1.1295197773082142,-93.15808642235146,-0.1909606054310191,-2.220304306848748,1.5984649465913947,0.21407779918214925,10081.0,0.5679012345679012,0.0,0.0,0.0,0.0,0.0,0.0,vol:vol_extreme
10,4.0,14400,103,0.019417475728155338,-1.2874927803774578,-1.1296897952093388,-132.61175637887817,6.959244477894444,-2.3155948403411926,3.493170630811065,0.42557298345511574,9754.0,0.6893203883495146,0.009708737864077669,0.009708737864077669,0.009708737864077669,0.009708737864077669,0.0,0.05197683621289381,vol:vol_extreme
3,6.0,14400,73,0.0136986301369863,-1.4928050239237733,-1.3835822456900944,-108.97476674643545,0.2814079213839331,-2.242133850040695,4.033116274283409,0.5010604924084501,9504.0,0.9726027397260274,0.0,0.0,0.0,0.0,0.0,0.002575670640488018,vol:vol_extreme
5,6.0,14400,92,0.021739130434782608,-1.3308894601958878,-1.2295452143446353,-122.44183033802167,0.7971374019143165,-2.356758467494366,2.8982861383597522,0.37113157369542316,9583.5,0.9565217391304348,0.0,0.0,0.0,0.0,0.0,0.007666124548658138,vol:vol_extreme
3,4.0,14400,97,0.010309278350515464,-1.5397514855118992,-1.3863502120762026,-149.35589409465422,5.7082231285241045,-2.4439290418248256,4.947646045729334,0.611098188942932,9410.0,0.9690721649484536,0.010309278350515464,0.010309278350515464,0.010309278350515464,0.010309278350515464,0.0,0.03681201834921267,vol:vol_extreme
5,4.0,14400,110,0.01818181818181818,-1.4427437628512694,-1.2320172845839878,-158.70181391363963,1.548222984397014,-2.3595743489160186,3.69464382542454,0.47329162388992124,9562.0,0.9636363636363636,0.00909090909090909,0.0,0.0,0.0,0.0,0.010580228299183316,vol:vol_extreme
3,4.0,86400,97,0.0,-1.6228737353018574,-1.3867460806137641,-157.41875232428018,-0.39467750990990713,-2.4439290418248256,7.640573824252923,0.611098188942932,9410.0,0.979381443298969,0.0,0.0,0.0,0.0,0.0,0.0,vol:vol_extreme
5,4.0,86400,110,0.0,-1.4720090545045077,-1.2323873888477572,-161.92099599549584,-0.23571359396380706,-2.3595743489160186,5.894522491473571,0.47329162388992124,9562.0,0.9727272727272728,0.0,0.0,0.0,0.0,0.0,0.0,vol:vol_extreme
3,6.0,86400,73,0.0,-1.5165484137969558,-1.3875042633344237,-110.70803420717777,-0.3976726228125433,-2.242133850040695,6.558482457227741,0.5010604924084501,9504.0,0.9863013698630136,0.0,0.0,0.0,0.0,0.0,0.0,vol:vol_extreme
10,6.0,86400,81,0.0,-1.197576436078614,-1.1296962077276398,-97.00369132236774,-0.1909606054310191,-2.220304306848748,2.545153105633539,0.21407779918214925,10081.0,0.9876543209876543,0.0,0.0,0.0,0.0,0.0,0.0,vol:vol_extreme
10,4.0,86400,103,0.0,-1.4145943307846838,-1.1297489941249113,-145.70321607082244,-0.10875513360940482,-2.3572845566711713,5.59678440723631,0.42557298345511574,9754.0,0.9805825242718447,0.0,0.0,0.0,0.0,0.0,0.0,vol:vol_extreme
5,6.0,86400,92,0.0,-1.3562683340428436,-1.2295572780823951,-124.77668673194161,-0.11790868910527987,-2.356758467494366,4.815102045190936,0.37113157369542316,9583.5,0.967391304347826,0.0,0.0,0.0,0.0,0.0,0.0,vol:vol_extreme
10,4.0,900,25,0.04,-0.886167132690024,-1.2321490489615374,-22.1541783172506,1.041134960604162,-2.7227263647585063,0.3280991458360454,0.49252417164203144,900.0,0.44,0.04,0.0,0.0,0.0,0.0,0.044885574431890236,vol:vol_high
3,6.0,900,17,0.0,-1.532059830756214,-1.690201400776337,-26.04501712285564,-0.33387115315265015,-2.590560273231702,1.3006049263367199,0.8788906942456344,67.0,0.6470588235294118,0.0,0.0,0.0,0.0,0.0,0.0,vol:vol_high
5,4.0,900,19,0.0,-1.16744502056509,-1.4295342099684738,-22.18145539073671,-0.20609982819113223,-2.590560273231702,0.6395412754061504,0.6354762861277589,80.0,0.5263157894736842,0.0,0.0,0.0,0.0,0.0,0.0,vol:vol_high
10,6.0,900,22,0.045454545454545456,-0.805698035101785,-1.2328904478492815,-17.72535677223927,1.0413441612020697,-2.7227263647585063,0.36702287362901026,0.40183203581692983,900.0,0.45454545454545453,0.045454545454545456,0.0,0.0,0.0,0.0,0.05548893036103355,vol:vol_high
5,6.0,900,19,0.0,-1.1055392360439678,-1.4295342099684738,-21.00524548483539,-0.20679773172551916,-2.590560273231702,0.6372555148426536,0.5717930188184588,80.0,0.5263157894736842,0.0,0.0,0.0,0.0,0.0,0.0,vol:vol_high
3,4.0,900,19,0.0,-1.4533781103122587,-1.6884656339039474,-27.614184095932917,-0.3360386605282326,-2.590560273231702,1.1639619045886214,0.8634510567385962,67.0,0.5789473684210527,0.0,0.0,0.0,0.0,0.0,0.0,vol:vol_high
5,4.0,3600,19,0.0,-1.1668810558373923,-1.4295342099684738,-22.170740060910454,-0.1844289550634717,-2.6236037441714863,0.6521830970584361,0.6354762861277589,80.0,0.5263157894736842,0.0,0.0,0.0,0.0,0.0,0.0,vol:vol_high
10,6.0,3600,22,0.045454545454545456,-0.8129300909845312,-1.2328904478492815,-17.884462001659685,1.0493853683235104,-2.7667943410581137,0.37029402497818376,0.40183203581692983,3600.0,0.45454545454545453,0.045454545454545456,0.0,0.0,0.0,0.0,0.05542377879242626,vol:vol_high
5,6.0,3600,19,0.0,-1.1062678927610083,-1.4295342099684738,-21.01908996245916,-0.18475088931265873,-2.6236037441714863,0.6473558041922152,0.5717930188184588,80.0,0.5263157894736842,0.0,0.0,0.0,0.0,0.0,0.0,vol:vol_high
3,6.0,3600,17,0.0,-1.53031266108879,-1.690201400776337,-26.01531523850943,-0.3321076347581748,-2.6236037441714863,1.3150930403679337,0.8788906942456344,67.0,0.6470588235294118,0.0,0.0,0.0,0.0,0.0,0.0,vol:vol_high
3,4.0,3600,19,0.0,-1.453366081701631,-1.6884656339039474,-27.61395555233099,-0.30431921630312897,-2.6236037441714863,1.1807919723628153,0.8634510567385962,67.0,0.5789473684210527,0.0,0.0,0.0,0.0,0.0,0.0,vol:vol_high
10,4.0,3600,25,0.04,-0.890738393967037,-1.2321490489615374,-22.268459849175926,1.049174552289131,-2.7667943410581137,0.3346712993691368,0.49252417164203144,3600.0,0.44,0.04,0.0,0.0,0.0,0.0,0.04499489674746812,vol:vol_high
5,6.0,14400,19,0.0,-1.592352617552267,-1.4295342099684738,-30.254699733493077,-1.2240449290955637,-3.692066301786888,2.2472104998432783,0.5717930188184588,80.0,1.0,0.0,0.0,0.0,0.0,0.0,0.0,vol:vol_high
3,4.0,14400,19,0.0,-1.8853959445966577,-1.6924475433199437,-35.822522947336495,-1.3657863560208736,-3.692066301786888,3.8581112093948633,0.8634510567385962,67.0,1.0,0.0,0.0,0.0,0.0,0.0,0.0,vol:vol_high
5,4.0,14400,19,0.0,-1.6607059776250286,-1.4315511830343481,-31.55341357487554,-1.223619980278389,-3.692066301786888,2.757184373692219,0.6354762861277589,80.0,1.0,0.0,0.0,0.0,0.0,0.0,0.0,vol:vol_high
10,6.0,14400,22,0.045454545454545456,-1.3370720428304286,-1.2328904478492815,-29.41558494226943,0.15385133372881588,-3.689197331233378,1.5869787937984583,0.40183203581692983,5845.5,0.8181818181818182,0.0,0.0,0.0,0.0,0.0,0.005203052648443564,vol:vol_high
3,6.0,14400,17,0.0,-1.902562670242818,-1.6924475433199437,-32.34356539412791,-1.382998164418923,-3.692066301786888,3.3618827827557087,0.8788906942456344,67.0,1.0,0.0,0.0,0.0,0.0,0.0,0.0,vol:vol_high
10,4.0,14400,25,0.04,-1.4345680806120564,-1.2340826002307566,-35.86420201530141,0.15382042580019428,-3.689197331233378,2.2072632438732294,0.49252417164203144,7188.0,0.72,0.0,0.0,0.0,0.0,0.0,0.004270651617581971,vol:vol_high
3,4.0,86400,19,0.0,-1.8853959445966577,-1.6924475433199437,-35.822522947336495,-1.3657863560208736,-3.692066301786888,4.6433811103187494,0.8634510567385962,67.0,1.0,0.0,0.0,0.0,0.0,0.0,0.0,vol:vol_high
10,6.0,86400,22,0.0,-1.3638730575951028,-1.2328904478492815,-30.005207267092263,-0.13366770137622744,-3.689197331233378,2.7939626266805915,0.40183203581692983,5845.5,0.9545454545454546,0.0,0.0,0.0,0.0,0.0,0.0,vol:vol_high
5,4.0,86400,19,0.0,-1.6607059776250286,-1.4315511830343481,-31.55341357487554,-1.223619980278389,-3.692066301786888,4.076982112560072,0.6354762861277589,80.0,1.0,0.0,0.0,0.0,0.0,0.0,0.0,vol:vol_high
5,6.0,86400,19,0.0,-1.592352617552267,-1.4295342099684738,-30.254699733493077,-1.2240449290955637,-3.692066301786888,3.2555288533776596,0.5717930188184588,80.0,1.0,0.0,0.0,0.0,0.0,0.0,0.0,vol:vol_high
3,6.0,86400,17,0.0,-1.902562670242818,-1.6924475433199437,-32.34356539412791,-1.382998164418923,-3.692066301786888,5.033380811041246,0.8788906942456344,67.0,1.0,0.0,0.0,0.0,0.0,0.0,0.0,vol:vol_high
10,4.0,86400,25,0.0,-1.4684179549743934,-1.2340826002307566,-36.710448874359834,-0.13364084823382677,-3.689197331233378,3.5897791506832384,0.49252417164203144,7188.0,0.96,0.0,0.0,0.0,0.0,0.0,0.0,vol:vol_high
3,6.0,900,496,0.006048387096774193,-0.7024731951596431,-0.37542946025195323,-348.42670479918297,4.6828845000169155,-2.2211719068297064,0.567943664138663,0.5086835472332475,900.0,0.21169354838709678,0.004032258064516129,0.004032258064516129,0.004032258064516129,0.0,0.0,0.025145320475401838,vol:vol_normal
10,4.0,900,590,0.003389830508474576,-0.6160563952022318,-0.13153913101170017,-363.47327316931677,0.36547418849640895,-2.235693721934945,0.4260882786575169,0.4048359952678226,900.0,0.19661016949152543,0.0,0.0,0.0,0.0,0.0,0.0013369838582895262,vol:vol_normal
10,6.0,900,483,0.008281573498964804,-0.48033371520707263,-0.1282550200366164,-232.0011844450161,0.7985401765353728,-2.2271604316036604,0.2416591040013603,0.24884261915511274,900.0,0.2028985507246377,0.0,0.0,0.0,0.0,0.0,0.007992390836876766,vol:vol_normal
3,4.0,900,639,0.003129890453834116,-0.8045963343421347,-0.3872863120198447,-514.1370576446241,3.8969384866961607,-2.2460181639000707,0.6693421423840745,0.6290407327465587,900.0,0.18309859154929578,0.003129890453834116,0.001564945226917058,0.001564945226917058,0.0,0.0,0.009861293617183414,vol:vol_normal
5,4.0,900,625,0.0016,-0.7249726825582928,-0.23782473487187836,-453.10792659893303,2.7491336478927795,-2.2223107439490737,0.4815896645129917,0.5221578277401708,900.0,0.2032,0.0016,0.0016,0.0,0.0,0.0,0.006030692266572002,vol:vol_normal
5,6.0,900,485,0.004123711340206186,-0.5850670427796598,-0.22594488907166613,-283.757515748135,3.229422888913173,-2.246241282681711,0.4036559965330108,0.3539321774758172,900.0,0.23505154639175257,0.002061855670103093,0.002061855670103093,0.002061855670103093,0.0,0.0,0.013964678902240275,vol:vol_normal
10,4.0,3600,590,0.001694915254237288,-0.9010187306950196,-1.043598404255356,-531.6010511100616,2.4287766504105486,-2.242890198796082,1.346934169605334,0.4048359952678226,3600.0,0.37457627118644066,0.001694915254237288,0.001694915254237288,0.0,0.0,0.0,0.004548016841298845,vol:vol_normal
5,4.0,3600,625,0.0064,-1.0163267530279636,-1.2221332833815628,-635.2042206424773,2.743896801979581,-2.249483050809932,1.743136359805208,0.5221578277401708,3600.0,0.4944,0.0032,0.0016,0.0,0.0,0.0,0.00870215003779299,vol:vol_normal
3,6.0,3600,496,0.010080645161290322,-0.9587062742098731,-1.1735651259287452,-475.51831200809704,4.735780712929099,-2.2409982088810043,1.5303939419003763,0.5086835472332475,3600.0,0.46975806451612906,0.008064516129032258,0.006048387096774193,0.004032258064516129,0.0,0.0,0.027879277637077177,vol:vol_normal
5,6.0,3600,485,0.008247422680412371,-0.8715186793267965,-1.2239817862566513,-422.6865594734963,3.2391537920415487,-2.249483050809932,1.1539457893026297,0.3539321774758172,3230.0,0.5216494845360825,0.004123711340206186,0.002061855670103093,0.002061855670103093,0.0,0.0,0.013682879789230423,vol:vol_normal
3,4.0,3600,639,0.003129890453834116,-1.084407737384277,-1.2205403476359686,-692.9365441885531,7.882501629051884,-2.2460181639000707,2.036426221729125,0.6290407327465587,3600.0,0.46322378716744916,0.003129890453834116,0.003129890453834116,0.003129890453834116,0.001564945226917058,0.0,0.016683165267445385,vol:vol_normal
10,6.0,3600,483,0.004140786749482402,-0.7524587005576211,-1.025968622056088,-363.437552369331,0.7495444760091559,-2.242890198796082,0.6711779792527728,0.24884261915511274,3600.0,0.35196687370600416,0.0,0.0,0.0,0.0,0.0,0.002435742858065981,vol:vol_normal
10,4.0,14400,590,0.0,-1.4065661035455082,-1.1297504020104183,-829.8740010918498,-0.9348990748351473,-3.1652358025097094,3.751086625983344,0.4048359952678226,5413.5,0.8440677966101695,0.0,0.0,0.0,0.0,0.0,0.0,vol:vol_normal
3,4.0,14400,639,0.001564945226917058,-1.6467996915515903,-1.3998418191203401,-1052.3050029014662,1.0888901239375446,-3.1652358025097094,5.773113669621566,0.6290407327465587,3990.0,0.9874804381846636,0.001564945226917058,0.0,0.0,0.0,0.0,0.0010336970160423028,vol:vol_normal
5,4.0,14400,625,0.0016,-1.5373470171187908,-1.2422835194537756,-960.8418856992442,1.1725933854968529,-3.1652358025097094,5.035798017457381,0.5221578277401708,3686.0,0.9904,0.0016,0.0,0.0,0.0,0.0,0.001218893697538166,vol:vol_normal
3,6.0,14400,496,0.004032258064516129,-1.508929196430884,-1.3865825250551782,-748.4288814297184,2.060422378417966,-3.1652358025097094,4.140585259471036,0.5086835472332475,3941.5,0.9838709677419355,0.004032258064516129,0.0020161290322580645,0.0,0.0,0.0,0.004190059971569404,vol:vol_normal
5,6.0,14400,485,0.002061855670103093,-1.3598000822285996,-1.2317262320698874,-659.5030398808708,1.6687288402925486,-3.1652358025097094,3.0246721347756846,0.3539321774758172,3230.0,0.9917525773195877,0.002061855670103093,0.0,0.0,0.0,0.0,0.002523896087578269,vol:vol_normal
10,6.0,14400,483,0.0,-1.2382837336689763,-1.1296712936941482,-598.0910433621156,-0.13387002677069462,-3.1652358025097094,2.104388764576931,0.24884261915511274,6319.0,0.8095238095238095,0.0,0.0,0.0,0.0,0.0,0.0,vol:vol_normal
5,6.0,86400,485,0.0,-1.3639541927162628,-1.2317262320698874,-661.5177834673875,-0.20389463808200928,-3.1652358025097094,3.79660573111071,0.3539321774758172,3230.0,0.9917525773195877,0.0,0.0,0.0,0.0,0.0,0.0,vol:vol_normal
10,4.0,86400,590,0.0,-1.4225496342753678,-1.1297682484814642,-839.304284222467,-1.0180791062823373,-3.1652358025097094,4.686329906289393,0.4048359952678226,5413.5,0.9966101694915255,0.0,0.0,0.0,0.0,0.0,0.0,vol:vol_normal
3,6.0,86400,496,0.0,-1.5211294510895,-1.3868292794640018,-754.480207740392,-0.32799775584596547,-3.1652358025097094,5.331669732044752,0.5086835472332475,3941.5,0.9879032258064516,0.0,0.0,0.0,0.0,0.0,0.0,vol:vol_normal
3,4.0,86400,639,0.0,-1.6507748924738552,-1.3998521738473628,-1054.8451562907935,-0.32723551750637847,-3.1652358025097094,7.1811440972518605,0.6290407327465587,3990.0,0.9890453834115805,0.0,0.0,0.0,0.0,0.0,0.0,vol:vol_normal
5,4.0,86400,625,0.0,-1.5402122086936065,-1.2422835194537756,-962.6326304335041,-0.20383906465156115,-3.1652358025097094,6.269766683112563,0.5221578277401708,3686.0,0.9904,0.0,0.0,0.0,0.0,0.0,0.0,vol:vol_normal
10,6.0,86400,483,0.0,-1.258011211646988,-1.1297097207848843,-607.6194152254951,-0.13387002677069462,-3.1652358025097094,2.6398219988699165,0.24884261915511274,6319.0,0.9937888198757764,0.0,0.0,0.0,0.0,0.0,0.0,vol:vol_normal
