window_s,sigma_mult,max_hold_s,n,win_rate,mean_r,median_r,total_r,max_r,min_r,mean_mfe_r,mean_cost_r,median_hold_s,stop_rate,p_ge_1r,p_ge_2r,p_ge_3r,p_ge_5r,p_ge_10r,profit_factor,stratum
3,4.0,900,3510,0.15014245014245015,-1.6156351093477996,-2.1153325117753257,-5670.879233810777,27.306886878742823,-42.719532096595856,2.380795731183775,1.610715138159948,527.0,0.5820512820512821,0.07777777777777778,0.045584045584045586,0.031054131054131053,0.01452991452991453,0.003703703703703704,0.16318899162177983,align:counter_trend
3,4.0,3600,3496,0.1461670480549199,-1.641318005011099,-2.1929548875360383,-5738.047745518802,45.90237002960609,-42.719532096595856,4.6865151140608345,1.6127071912401605,519.0,0.7754576659038902,0.10640732265446225,0.07780320366132723,0.05663615560640732,0.03232265446224256,0.012299771167048055,0.25571806996529184,align:counter_trend
3,4.0,14400,3476,0.09004602991944764,-1.474185665902859,-2.243362204658779,-5124.269374678338,76.17156754252959,-42.719532096595856,10.003521947689503,1.6106894078318577,510.0,0.8955696202531646,0.08429228998849252,0.07710011507479862,0.0661680092059839,0.04660529344073648,0.029344073647871116,0.39646573802850826,align:counter_trend
3,4.0,86400,3410,0.02873900293255132,-1.2919478289292992,-2.28752602851772,-4405.54209664891,137.78742413828076,-42.719532096595856,28.875636037077562,1.6111808363047462,477.0,0.9706744868035191,0.02785923753665689,0.026979472140762465,0.026686217008797655,0.02463343108504399,0.02287390029325513,0.5090776745003821,align:counter_trend
3,6.0,900,1045,0.14354066985645933,-1.8820212645353627,-2.10753946907792,-1966.712221439454,11.32959990813194,-26.311642120294266,2.2100946739811844,1.914155016575026,665.0,0.5282296650717704,0.07272727272727272,0.03732057416267943,0.028708133971291867,0.013397129186602871,0.0009569377990430622,0.11804368001778051,align:counter_trend
3,6.0,3600,1040,0.1548076923076923,-1.9739058155445313,-2.2168927832512484,-2052.8620481663124,15.700125072110144,-26.311642120294266,4.217197030674702,1.9179311997804929,649.0,0.7288461538461538,0.10480769230769231,0.07403846153846154,0.04903846153846154,0.027884615384615386,0.004807692307692308,0.18211871368592986,align:counter_trend
3,6.0,14400,1027,0.09639727361246349,-2.010190238676212,-2.331349946606722,-2064.4653751204696,63.10353530995112,-26.311642120294266,8.667060059637386,1.9240132287490197,631.0,0.878286270691334,0.0827653359298929,0.0759493670886076,0.05842259006815969,0.0379746835443038,0.017526777020447908,0.26070393503000033,align:counter_trend
3,6.0,86400,1011,0.03165182987141444,-1.608856250717308,-2.383196301284154,-1626.5536694751984,136.68257248755333,-26.311642120294266,25.40767503137845,1.9223839480014497,609.0,0.9673590504451038,0.02967359050445104,0.027695351137487636,0.026706231454005934,0.025717111770524232,0.02274975272007913,0.45230996351867875,align:counter_trend
5,4.0,900,2421,0.1697645600991326,-1.59265830416213,-2.1177500454353084,-3855.825754376517,27.090653999145417,-16.46265343044546,2.499761093527669,1.66603429516213,576.0,0.5654688145394465,0.09045848822800495,0.05121850475010326,0.035522511358942584,0.017761255679471292,0.004130524576621231,0.17916613594317543,align:counter_trend
5,4.0,3600,2412,0.16086235489220563,-1.5801733850033133,-2.217092632053606,-3811.3782046279916,65.50236963136754,-16.46265343044546,4.829793346457114,1.6680693342544362,571.0,0.75787728026534,0.11442786069651742,0.08830845771144279,0.06384742951907131,0.03814262023217247,0.013266998341625208,0.28896484153354624,align:counter_trend
5,4.0,14400,2394,0.10066833751044277,-1.4164383123324555,-2.271957238525073,-3390.9533197238984,77.97647102086364,-16.46265343044546,10.111203032263102,1.667648235107063,550.5,0.883876357560568,0.09022556390977443,0.0860484544695071,0.07560568086883876,0.05304928989139515,0.03132832080200501,0.42971819120101573,align:counter_trend
5,4.0,86400,2343,0.03243704652155356,-1.205720968989987,-2.326234672066635,-2825.00423034354,136.68257248755333,-16.46265343044546,27.33553198974416,1.6678624704875906,516.0,0.9671361502347418,0.03201024327784891,0.031156636790439608,0.030729833546734954,0.029449423815621,0.026461801109688432,0.5516244097941085,align:counter_trend
5,6.0,900,623,0.14125200642054575,-1.9455475621743639,-2.14392270658846,-1212.0761312346287,13.54842736017985,-16.84974778746899,2.3800352221680465,2.042200467847061,577.0,0.550561797752809,0.0754414125200642,0.04012841091492777,0.033707865168539325,0.016051364365971106,0.004815409309791332,0.13360334545637087,align:counter_trend
5,6.0,3600,621,0.15780998389694043,-1.9460749753830138,-2.2914610991763706,-1208.5125597128515,65.50236963136754,-16.84974778746899,4.221570624620143,2.045003779258501,574.0,0.7310789049919485,0.1111111111111111,0.07729468599033816,0.05152979066022544,0.033816425120772944,0.004830917874396135,0.227266252901938,align:counter_trend
5,6.0,14400,616,0.10714285714285714,-1.8532290626646877,-2.3901252473940224,-1141.5891026014476,77.97647102086364,-16.84974778746899,8.19488198366958,2.0473917879645103,551.5,0.8636363636363636,0.08928571428571429,0.08441558441558442,0.07467532467532467,0.04707792207792208,0.021103896103896104,0.33431009784136195,align:counter_trend
5,6.0,86400,604,0.03642384105960265,-1.7018914726793892,-2.4499461607850037,-1027.9424494983512,125.31659279709187,-16.84974778746899,23.81669535050248,2.036879968540939,530.5,0.9619205298013245,0.0347682119205298,0.03145695364238411,0.029801324503311258,0.029801324503311258,0.02152317880794702,0.43953975622844776,align:counter_trend
10,4.0,900,1401,0.2091363311920057,-1.374886933928652,-2.053482852254735,-1926.2165944340416,16.54528020676495,-18.23376562683341,2.686892238252584,1.6380375778368166,782.0,0.5210563882940756,0.1206281227694504,0.07209136331192005,0.049964311206281226,0.01998572448251249,0.0035688793718772305,0.2378474352359705,align:counter_trend
10,4.0,3600,1396,0.19269340974212035,-1.349775670506407,-2.1859959019954496,-1884.2868360269442,30.48115965030112,-18.23376562683341,4.866681898009871,1.6395727356243677,776.0,0.7285100286532952,0.1504297994269341,0.11389684813753581,0.08237822349570201,0.050143266475644696,0.017191977077363897,0.36567072869031125,align:counter_trend
10,4.0,14400,1387,0.11607786589762076,-1.2770794932994072,-2.256540800179453,-1771.3092572062776,63.63771778156592,-18.23376562683341,9.933321088022009,1.6387218046023653,761.0,0.8622927180966113,0.10598413842826243,0.09805335255948089,0.08579668348954578,0.059841384282624366,0.033886085075702954,0.4687398657799343,align:counter_trend
10,4.0,86400,1350,0.04,-1.3730192703303274,-2.3063930362642555,-1853.576014945942,130.69503471276238,-18.23376562683341,25.856698183996652,1.6380502245929556,672.0,0.9592592592592593,0.03851851851851852,0.035555555555555556,0.03481481481481481,0.03259259259259259,0.025925925925925925,0.47922843513763547,align:counter_trend
10,6.0,900,287,0.1986062717770035,-1.6002199229629428,-1.7960758717503915,-459.2631178903646,9.17121831966102,-12.991347837223108,2.497421730928597,1.8293129217604447,900.0,0.4878048780487805,0.08362369337979095,0.05574912891986063,0.027874564459930314,0.006968641114982578,0.0,0.1547166923456466,align:counter_trend
10,6.0,3600,286,0.18181818181818182,-1.8140509629171944,-2.189748523540529,-518.8185753943176,9.4116753706837,-12.991347837223108,4.173257981138608,1.8313610629232804,988.0,0.7027972027972028,0.12237762237762238,0.08741258741258741,0.05244755244755245,0.027972027972027972,0.0,0.20587348859256335,align:counter_trend
10,6.0,14400,284,0.13732394366197184,-1.6935192592699282,-2.2709282681666343,-480.9594696326596,39.59846638333635,-12.991347837223108,7.770253850038118,1.8359150430623452,944.5,0.8309859154929577,0.1267605633802817,0.1056338028169014,0.0880281690140845,0.04929577464788732,0.014084507042253521,0.33034742932004435,align:counter_trend
10,6.0,86400,274,0.04744525547445255,-1.5375491056737036,-2.3956958841652516,-421.2884549545948,93.62917167786276,-12.991347837223108,17.97571842952574,1.8250819789723511,821.5,0.948905109489051,0.040145985401459854,0.0364963503649635,0.0364963503649635,0.0364963503649635,0.021897810218978103,0.45326726968989955,align:counter_trend
3,4.0,900,884,0.16176470588235295,-1.3133500789003314,-2.104094979311684,-1161.001469747893,11.640862136990656,-7.716441845020008,1.8771068522588172,1.387153135240822,900.0,0.49660633484162897,0.09841628959276018,0.049773755656108594,0.029411764705882353,0.013574660633484163,0.003393665158371041,0.19281220608867344,align:unknown
3,4.0,3600,884,0.16515837104072398,-1.2849175728806352,-2.1200526935574002,-1135.8671344264815,14.980912816384045,-7.716441845020008,3.6208016748026406,1.387153135240822,914.5,0.7126696832579186,0.1165158371040724,0.09049773755656108,0.07239819004524888,0.05090497737556561,0.011312217194570135,0.3214452700026298,align:unknown
3,4.0,14400,884,0.13009049773755657,-1.3251546987936715,-2.1610549353235413,-1171.4367537336057,22.880210540758657,-7.716441845020008,6.825642236829941,1.387153135240822,914.5,0.833710407239819,0.09954751131221719,0.07918552036199095,0.07013574660633484,0.05542986425339366,0.030542986425339366,0.3641889003262383,align:unknown
3,4.0,86400,884,0.07352941176470588,-0.9063571077545839,-2.2042687012728415,-801.2196832550521,218.646025941726,-7.716441845020008,30.349209130560098,1.387153135240822,914.5,0.9253393665158371,0.07352941176470588,0.07126696832579185,0.06561085972850679,0.05542986425339366,0.053167420814479636,0.6044067208541111,align:unknown
3,6.0,900,264,0.12121212121212122,-1.6282855387965758,-2.0316483976409536,-429.867382242296,11.640862136990656,-7.716441845020008,1.7844417284996617,1.6655557186442655,900.0,0.4734848484848485,0.06439393939393939,0.041666666666666664,0.030303030303030304,0.015151515151515152,0.003787878787878788,0.13306174634009632,align:unknown
3,6.0,3600,264,0.16666666666666666,-1.6342036852334094,-2.1433641955555824,-431.4297729016201,11.49887989469715,-7.716441845020008,3.00850308844626,1.6655557186442655,1093.0,0.6856060606060606,0.10606060606060606,0.07575757575757576,0.056818181818181816,0.03787878787878788,0.007575757575757576,0.2294117161242991,align:unknown
3,6.0,14400,264,0.11742424242424243,-1.7375600662501876,-2.2452233522451914,-458.71585749004953,19.923272109576686,-7.716441845020008,5.941840802268129,1.6655557186442655,1093.0,0.8371212121212122,0.07575757575757576,0.056818181818181816,0.05303030303030303,0.045454545454545456,0.030303030303030304,0.26713180595684044,align:unknown
3,6.0,86400,264,0.056818181818181816,-1.3537574605353302,-2.3200741336806137,-357.39196958132715,73.98258658347699,-7.716441845020008,25.254350807743453,1.6655557186442655,1093.0,0.9431818181818182,0.056818181818181816,0.056818181818181816,0.05303030303030303,0.05303030303030303,0.05303030303030303,0.480939971359874,align:unknown
5,4.0,900,608,0.15460526315789475,-1.3471491088997614,-2.1054657066573093,-819.0666582110549,11.640862136990656,-6.965872321579972,2.0988873788624387,1.460573070955754,884.5,0.5049342105263158,0.10032894736842106,0.05592105263157895,0.03289473684210526,0.01644736842105263,0.004934210526315789,0.19849929340420688,align:unknown
5,4.0,3600,608,0.1825657894736842,-1.2485600719294712,-2.1429482159874302,-759.1245237331185,14.093485094412042,-7.003516265872068,3.9570894742995137,1.460573070955754,884.5,0.7154605263157895,0.13651315789473684,0.11019736842105263,0.0805921052631579,0.054276315789473686,0.011513157894736841,0.3579192398757021,align:unknown
5,4.0,14400,608,0.13651315789473684,-1.3126110626886225,-2.1873864283850954,-798.0675261146824,24.03770099091036,-7.003516265872068,7.056826588769513,1.460573070955754,884.5,0.837171052631579,0.10197368421052631,0.08388157894736842,0.07894736842105263,0.06414473684210527,0.03453947368421053,0.39357404752053804,align:unknown
5,4.0,86400,608,0.05921052631578947,-1.2990204322130552,-2.261495362796926,-789.8044227855376,78.52298872814725,-7.003516265872068,29.85468167154344,1.460573070955754,884.5,0.9407894736842105,0.05921052631578947,0.05756578947368421,0.05592105263157895,0.05098684210526316,0.049342105263157895,0.4595458928023922,align:unknown
5,6.0,900,162,0.1111111111111111,-1.925102894220443,-2.1056411164056286,-311.86666886371177,4.492549000159225,-7.716441845020008,1.9066752290112985,1.8483689571580504,893.0,0.5,0.05555555555555555,0.043209876543209874,0.012345679012345678,0.0,0.0,0.07200193048092132,align:unknown
5,6.0,3600,162,0.1419753086419753,-2.0383504168849598,-2.3044649631640857,-330.21276753536347,6.517676522278047,-7.716441845020008,3.106862012467588,1.8483689571580504,938.5,0.7037037037037037,0.06172839506172839,0.043209876543209874,0.030864197530864196,0.018518518518518517,0.0,0.11417783208837376,align:unknown
5,6.0,14400,162,0.06172839506172839,-2.2824903855023244,-2.457210548029558,-369.7634424513766,19.923272109576686,-7.716441845020008,5.643581483186336,1.8483689571580504,938.5,0.8765432098765432,0.043209876543209874,0.037037037037037035,0.037037037037037035,0.024691358024691357,0.018518518518518517,0.13781062548839987,align:unknown
5,6.0,86400,162,0.030864197530864196,-2.3836382845102344,-2.5265680899991043,-386.149402090658,26.278284148006144,-7.716441845020008,23.840619481293256,1.8483689571580504,938.5,0.9691358024691358,0.030864197530864196,0.030864197530864196,0.024691358024691357,0.024691358024691357,0.024691358024691357,0.16093108167935566,align:unknown
10,4.0,900,364,0.18406593406593408,-1.1846203175736074,-1.575681435770826,-431.2017955967931,12.948296023387101,-6.965872321579972,2.3128171754148616,1.4501026512981594,900.0,0.46153846153846156,0.11813186813186813,0.06593406593406594,0.038461538461538464,0.02197802197802198,0.0027472527472527475,0.24877427369246236,align:unknown
10,4.0,3600,364,0.19505494505494506,-1.2419099318900548,-2.1184059223378746,-452.0552152079799,14.093485094412042,-7.003516265872068,3.991186925925316,1.4501026512981594,1136.0,0.6785714285714286,0.12912087912087913,0.0989010989010989,0.07417582417582418,0.054945054945054944,0.005494505494505495,0.34034595088393027,align:unknown
10,4.0,14400,364,0.10989010989010989,-1.626845461903375,-2.1907549470445904,-592.1717481328285,16.28016098674466,-7.003516265872068,6.491700695162968,1.4501026512981594,1136.0,0.8516483516483516,0.08241758241758242,0.06593406593406594,0.06318681318681318,0.054945054945054944,0.016483516483516484,0.2587218404621687,align:unknown
10,4.0,86400,364,0.04120879120879121,-1.7069786348308993,-2.249906203252314,-621.3402230784474,49.155513796020045,-7.003516265872068,30.44730320481188,1.4501026512981594,1136.0,0.9587912087912088,0.04120879120879121,0.04120879120879121,0.038461538461538464,0.038461538461538464,0.03571428571428571,0.2975139087528734,align:unknown
10,6.0,900,86,0.18604651162790697,-1.409639601769166,-1.337967240907324,-121.22900575214827,4.704230077780789,-7.850476910782262,2.039121823196885,1.569313618324252,900.0,0.3953488372093023,0.09302325581395349,0.03488372093023256,0.011627906976744186,0.0,0.0,0.13628045265936867,align:unknown
10,6.0,3600,86,0.20930232558139536,-1.4519096756232412,-2.105471440300567,-124.86423210359874,7.000725500217458,-7.850476910782262,3.0100192933690555,1.569313618324252,1835.5,0.6162790697674418,0.12790697674418605,0.08139534883720931,0.05813953488372093,0.023255813953488372,0.0,0.23696367826570877,align:unknown
10,6.0,14400,86,0.09302325581395349,-1.9647052919989494,-2.228934716455388,-168.96465511190965,10.281354422689319,-7.850476910782262,4.874202698341279,1.569313618324252,1835.5,0.8372093023255814,0.05813953488372093,0.046511627906976744,0.03488372093023256,0.03488372093023256,0.011627906976744186,0.15737745544155674,align:unknown
10,6.0,86400,86,0.05813953488372093,-1.1441770732252097,-2.260827061004493,-98.39922829736804,49.155513796020045,-7.850476910782262,24.564556563984603,1.569313618324252,1835.5,0.9418604651162791,0.05813953488372093,0.05813953488372093,0.05813953488372093,0.05813953488372093,0.046511627906976744,0.5414064303243067,align:unknown
3,4.0,900,4223,0.1356855316125977,-1.6404400167456064,-2.1182213134151717,-6927.578190716696,25.26605200857959,-34.319962568006986,3.08555238300601,1.6162483319115166,439.0,0.6163864551266872,0.07956429078853895,0.05564764385507933,0.040729339332228276,0.024153445417949324,0.008287946957139474,0.18853652853380287,align:with_trend
3,4.0,3600,4206,0.1331431288635283,-1.5603007256117378,-2.193217515819306,-6562.624851922969,134.89683976886445,-34.319962568006986,6.0927758195067145,1.617593037359759,427.5,0.7941036614360437,0.0929624346172135,0.07013789824060865,0.056348074179743225,0.03970518307180219,0.019733713742272944,0.30577330319058305,align:with_trend
3,4.0,14400,4184,0.08580305927342256,-1.41477903061098,-2.2442360718492464,-5919.43546407634,138.8810216115046,-34.319962568006986,12.964018799942643,1.619148926855884,418.5,0.902246653919694,0.07815487571701721,0.06668260038240918,0.05807839388145315,0.044933078393881457,0.03202676864244742,0.42263247912627594,align:with_trend
3,4.0,86400,4106,0.031173891865562593,-1.056571562192457,-2.2847227308680993,-4338.282834362229,200.01668992419587,-34.319962568006986,32.627178998744206,1.6203729223146335,399.5,0.9683390160740379,0.03044325377496347,0.029469069654164636,0.029225523623964928,0.0282513395031661,0.027277155382367267,0.5956746913918992,align:with_trend
3,6.0,900,1456,0.12912087912087913,-1.961699467308688,-2.2111778140324017,-2856.23442440145,20.849059890525766,-29.101322941840728,2.976094923192936,1.9360804888689382,454.0,0.6050824175824175,0.07211538461538461,0.052884615384615384,0.03914835164835165,0.02197802197802198,0.006181318681318681,0.15296556310309603,align:with_trend
3,6.0,3600,1449,0.13526570048309178,-1.9064365313780152,-2.357139085041299,-2762.426533966744,114.88276214375634,-29.101322941840728,5.652521766613612,1.939066337373557,448.0,0.7763975155279503,0.09109730848861283,0.06280193236714976,0.049689440993788817,0.035196687370600416,0.013112491373360938,0.24131262727248032,align:with_trend
3,6.0,14400,1440,0.09513888888888888,-1.8357343816957499,-2.4321013595251713,-2643.45750964188,109.91479247451863,-29.101322941840728,10.86467225082308,1.9412276965785447,444.0,0.8854166666666666,0.08125,0.06597222222222222,0.05486111111111111,0.041666666666666664,0.029166666666666667,0.3249229377995182,align:with_trend
3,6.0,86400,1411,0.0368532955350815,-1.265562184315128,-2.494075778804262,-1785.7082420686454,176.27496788550232,-29.101322941840728,28.620672353396213,1.9427268274719027,397.0,0.961020552799433,0.03543586109142452,0.03472714386959603,0.03401842664776754,0.03260099220411056,0.03118355776045358,0.5659572639938136,align:with_trend
5,4.0,900,2966,0.1523937963587323,-1.5529707917617974,-2.1297379245681825,-4606.111368365491,25.26605200857959,-22.172341616376272,3.11786848655823,1.6754898685655646,502.5,0.6001348617666892,0.0930546190155091,0.06743088334457181,0.04787592717464599,0.029669588671611596,0.011463250168577209,0.23268961762210744,align:with_trend
5,4.0,3600,2955,0.14416243654822336,-1.4810183888042363,-2.225216209839465,-4376.409338916518,114.88276214375634,-22.172341616376272,6.030440059067392,1.6765361649189985,497.0,0.7817258883248731,0.1038917089678511,0.07749576988155668,0.06598984771573604,0.048054145516074454,0.024703891708967852,0.3453020529560787,align:with_trend
5,4.0,14400,2935,0.09028960817717206,-1.3147368693312016,-2.290131633349719,-3858.752711487077,109.91479247451863,-22.172341616376272,12.858013722403154,1.6791279329371376,486.0,0.8960817717206133,0.08245315161839864,0.06984667802385008,0.059965928449744466,0.049403747870528106,0.037819420783645655,0.47152669706927247,align:with_trend
5,4.0,86400,2877,0.035801181786583244,-0.9479078604951832,-2.332954838546364,-2727.130914644642,200.01668992419587,-22.172341616376272,31.497715237405302,1.6806050347026251,458.0,0.9631560653458464,0.0340632603406326,0.03302050747306222,0.03267292318387209,0.031630170316301706,0.030587417448731318,0.643919485495647,align:with_trend
5,6.0,900,986,0.13184584178498987,-1.9927165512286769,-2.2233699745818516,-1964.8185195114754,22.65705472102922,-26.178555844215566,3.107414855533618,1.999021493988145,459.5,0.603448275862069,0.08012170385395538,0.06389452332657201,0.04462474645030426,0.02129817444219067,0.006085192697768763,0.1609206220052006,align:with_trend
5,6.0,3600,983,0.1363173957273652,-1.963227458395944,-2.3629240528429167,-1929.8525916032129,105.54301488102463,-26.178555844215566,5.8772850715088225,2.00023031707381,456.0,0.7772126144455748,0.09053916581892167,0.06612410986775177,0.052899287894201424,0.03763987792472025,0.017293997965412006,0.24362243736217523,align:with_trend
5,6.0,14400,975,0.10256410256410256,-1.8587814263864295,-2.424131198754595,-1812.3118907267688,93.375970656792,-26.178555844215566,11.20813808024185,2.006439501834729,450.0,0.8707692307692307,0.09025641025641026,0.07897435897435898,0.06358974358974359,0.04717948717948718,0.03282051282051282,0.3287110076224037,align:with_trend
5,6.0,86400,952,0.0430672268907563,-1.3381979070675143,-2.5027743624205923,-1273.9644075282736,70.68488183722664,-26.178555844215566,27.344874235998414,2.009996132855337,423.0,0.9537815126050421,0.04096638655462185,0.03991596638655462,0.038865546218487396,0.03676470588235294,0.03361344537815126,0.5519986818590527,align:with_trend
10,4.0,900,1912,0.18985355648535565,-1.3298057856004493,-2.1060983604752455,-2542.588662068059,30.169747116673683,-24.59506011038262,3.5298261293526223,1.6334965684701828,554.0,0.5842050209205021,0.12290794979079497,0.08943514644351465,0.06851464435146444,0.03922594142259414,0.012552301255230125,0.3185119003076047,align:with_trend
10,4.0,3600,1905,0.1679790026246719,-1.3176879087243818,-2.1740482687100853,-2510.1954661199475,43.2138408768955,-24.59506011038262,6.563208745444807,1.6339611225480335,550.0,0.7601049868766404,0.12650918635170605,0.10026246719160105,0.08346456692913386,0.05826771653543307,0.025196850393700787,0.3992904554240777,align:with_trend
10,4.0,14400,1893,0.11199154780771263,-1.0779509051958087,-2.261970867056166,-2040.561063535666,69.72568570215843,-24.59506011038262,12.572176428816157,1.636350423696892,542.0,0.8721605916534602,0.10089804543053355,0.08716323296354993,0.07818277865821448,0.06339144215530904,0.047015319598520865,0.5535417408258663,align:with_trend
10,4.0,86400,1842,0.04723127035830619,-0.48980818842276025,-2.3114770253787404,-902.2266830747244,186.8737147257229,-24.59506011038262,30.88494251076612,1.6396451111747603,507.0,0.9516829533116178,0.04668838219326819,0.04668838219326819,0.04505971769815418,0.04288816503800217,0.039630836047774155,0.8119295564216792,align:with_trend
10,6.0,900,603,0.22388059701492538,-1.3659929166166036,-1.8147517837185168,-823.6937287198119,28.569171522718502,-20.372392340002722,3.3239860505537764,1.761000989341176,810.0,0.5240464344941956,0.14759535655058043,0.1011608623548922,0.06799336650082918,0.03150912106135987,0.006633499170812604,0.3091218188569336,align:with_trend
10,6.0,3600,603,0.19402985074626866,-1.403118349093523,-2.1252628961216926,-846.0803645033944,39.38260890773274,-20.372392340002722,5.449144165631497,1.761000989341176,810.0,0.7164179104477612,0.15257048092868988,0.11774461028192372,0.0978441127694859,0.05970149253731343,0.01658374792703151,0.3764484270606663,align:with_trend
10,6.0,14400,599,0.14858096828046743,-1.180479850874003,-2.2330689276605793,-707.1074306735279,34.84256478651643,-20.372392340002722,9.849256753248994,1.7664530544054826,778.0,0.8263772954924875,0.1335559265442404,0.11686143572621036,0.1018363939899833,0.06844741235392321,0.05008347245409015,0.5220821426465138,align:with_trend
10,6.0,86400,582,0.07388316151202749,-0.3736609148853747,-2.3222804556324377,-217.47065246328808,70.68488183722664,-20.372392340002722,24.716058296210974,1.781804177139369,714.0,0.9209621993127147,0.07388316151202749,0.07216494845360824,0.070446735395189,0.06701030927835051,0.054982817869415807,0.8612655103126668,align:with_trend
3,4.0,900,975,0.14051282051282052,-1.5372955178512036,-2.1094032696949534,-1498.8631299049234,9.775493146185132,-9.989671535970045,2.0340740800736863,1.462349818543691,630.0,0.5517948717948717,0.06974358974358974,0.035897435897435895,0.022564102564102566,0.009230769230769232,0.0,0.13546471449348774,align_x_vol:counter_trend|unknown
3,4.0,3600,975,0.15384615384615385,-1.5041271391530349,-2.160800569756507,-1466.523960674209,25.359593275281664,-9.989671535970045,3.8890207916849104,1.462349818543691,630.0,0.762051282051282,0.10564102564102563,0.0758974358974359,0.05435897435897436,0.035897435897435895,0.012307692307692308,0.26069079627464686,align_x_vol:counter_trend|unknown
3,4.0,14400,975,0.08717948717948718,-1.4893242602388213,-2.205324075596486,-1452.0911537328507,56.009622631824364,-9.989671535970045,8.681757656265095,1.462349818543691,630.0,0.884102564102564,0.07897435897435898,0.07179487179487179,0.06153846153846154,0.04923076923076923,0.028717948717948718,0.35141068206600656,align_x_vol:counter_trend|unknown
3,4.0,86400,975,0.043076923076923075,-0.3933716572728427,-2.235400773724212,-383.5373658410216,136.54058430514854,-9.989671535970045,28.849625060308448,1.462349818543691,630.0,0.9569230769230769,0.043076923076923075,0.043076923076923075,0.043076923076923075,0.04,0.03794871794871795,0.8392206595738821,align_x_vol:counter_trend|unknown
3,6.0,900,287,0.12195121951219512,-1.66259065239093,-1.9845228580801637,-477.1635172361969,9.775493146185132,-9.221302824251927,1.9797998345002699,1.6832552670217626,900.0,0.47735191637630664,0.05574912891986063,0.017421602787456445,0.017421602787456445,0.010452961672473868,0.0,0.10997016834491155,align_x_vol:counter_trend|unknown
3,6.0,3600,287,0.1672473867595819,-1.7460849254860489,-2.1603206551214926,-501.126373614496,13.513905913567047,-9.221302824251927,3.7086475779354227,1.6832552670217626,1059.0,0.6968641114982579,0.10452961672473868,0.0627177700348432,0.03832752613240418,0.017421602787456445,0.003484320557491289,0.17699535589068713,align_x_vol:counter_trend|unknown
3,6.0,14400,287,0.09059233449477352,-1.8765054213725907,-2.2076322441616165,-538.5570559339335,19.263511284794127,-9.221302824251927,7.707062212885505,1.6832552670217626,1059.0,0.8432055749128919,0.06968641114982578,0.06968641114982578,0.04529616724738676,0.03832752613240418,0.020905923344947737,0.22769035525451958,align_x_vol:counter_trend|unknown
3,6.0,86400,287,0.041811846689895474,-0.9577788489563083,-2.2672546112741876,-274.88252965046047,97.43730668005591,-9.221302824251927,20.66356227904382,1.6832552670217626,1059.0,0.9581881533101045,0.041811846689895474,0.041811846689895474,0.041811846689895474,0.03832752613240418,0.03484320557491289,0.6373441885163704,align_x_vol:counter_trend|unknown
5,4.0,900,681,0.15712187958883994,-1.5335487095672522,-2.1060647865167024,-1044.3466712152988,9.775493146185132,-10.330284142945114,2.254084431517936,1.5628515753368375,684.0,0.5301027900146843,0.08076358296622614,0.042584434654919234,0.02643171806167401,0.011747430249632892,0.0,0.15007400997413545,align_x_vol:counter_trend|unknown
5,4.0,3600,681,0.16740088105726872,-1.5289582780648687,-2.1854725876590586,-1041.2205873621756,17.654018018981517,-10.330284142945114,4.327791662203188,1.5628515753368375,684.0,0.7386196769456681,0.10719530102790015,0.07782672540381791,0.055800293685756244,0.033773861967694566,0.011747430249632892,0.26050026491258393,align_x_vol:counter_trend|unknown
5,4.0,14400,681,0.1013215859030837,-1.4270196455639885,-2.2425191497849073,-971.8003786290762,56.009622631824364,-10.330284142945114,9.775992073603472,1.5628515753368375,684.0,0.8649045521292217,0.08370044052863436,0.08223201174743025,0.07048458149779736,0.05726872246696035,0.032305433186490456,0.39338309673615457,align_x_vol:counter_trend|unknown
5,4.0,86400,681,0.05873715124816446,0.18911426424530306,-2.2812041603836133,128.78681395105139,119.22175299552042,-10.330284142945114,26.060148367076923,1.5628515753368375,684.0,0.9412628487518355,0.05873715124816446,0.05873715124816446,0.05873715124816446,0.05726872246696035,0.049926578560939794,1.0752857878402156,align_x_vol:counter_trend|unknown
5,6.0,900,183,0.14207650273224043,-1.7308619357908626,-2.1042474729182046,-316.74773424972784,8.436324714988762,-10.330284142945114,1.983018815774283,1.7976157373281987,900.0,0.47540983606557374,0.0546448087431694,0.0273224043715847,0.01639344262295082,0.01092896174863388,0.0,0.1044688176657698,align_x_vol:counter_trend|unknown
5,6.0,3600,183,0.15300546448087432,-1.8853440488993243,-2.1746710521890202,-345.01796094857633,13.513905913567047,-10.330284142945114,3.6237811305153538,1.7976157373281987,1036.0,0.6994535519125683,0.09289617486338798,0.04918032786885246,0.03278688524590164,0.02185792349726776,0.00546448087431694,0.16589301318884558,align_x_vol:counter_trend|unknown
5,6.0,14400,183,0.09289617486338798,-2.000668439748735,-2.2655827341433663,-366.12232447401846,18.786496481540734,-10.330284142945114,7.923347048277202,1.7976157373281987,1036.0,0.8469945355191257,0.06557377049180328,0.06557377049180328,0.0546448087431694,0.03825136612021858,0.01639344262295082,0.2186169078132896,align_x_vol:counter_trend|unknown
5,6.0,86400,183,0.03825136612021858,-1.103514085531146,-2.3217102848283404,-201.94307765219975,119.22175299552042,-10.330284142945114,21.251348033743614,1.7976157373281987,1036.0,0.9617486338797814,0.03825136612021858,0.03825136612021858,0.03825136612021858,0.03825136612021858,0.0273224043715847,0.6053156920431071,align_x_vol:counter_trend|unknown
10,4.0,900,378,0.20105820105820105,-1.2691767406867545,-1.925999496100601,-479.7488079795932,9.454729003965017,-7.275378476485534,2.3602621244349464,1.5240819503948422,900.0,0.47883597883597884,0.12433862433862433,0.07142857142857142,0.037037037037037035,0.015873015873015872,0.0,0.2297207019049906,align_x_vol:counter_trend|unknown
10,4.0,3600,378,0.2222222222222222,-1.0744494699482037,-2.1454710571200346,-406.141899640421,30.48115965030112,-7.275378476485534,4.413291228432948,1.5240819503948422,1062.0,0.6957671957671958,0.15873015873015872,0.11904761904761904,0.082010582010582,0.06084656084656084,0.018518518518518517,0.4402403689815134,align_x_vol:counter_trend|unknown
10,4.0,14400,378,0.12169312169312169,-1.0556806361473876,-2.2248831390012183,-399.0472804637125,56.009622631824364,-7.417775766146362,8.962221954751598,1.5240819503948422,1062.0,0.8333333333333334,0.10846560846560846,0.10317460317460317,0.0873015873015873,0.06878306878306878,0.042328042328042326,0.5280962009909737,align_x_vol:counter_trend|unknown
10,4.0,86400,378,0.06878306878306878,-0.22419341405785173,-2.275390661760489,-84.74511051386796,93.62917167786276,-7.417775766146362,22.94731138527379,1.5240819503948422,1062.0,0.9312169312169312,0.06878306878306878,0.06613756613756613,0.06613756613756613,0.06349206349206349,0.05555555555555555,0.9081475582299972,align_x_vol:counter_trend|unknown
10,6.0,900,81,0.19753086419753085,-1.3544115915673984,-1.4680991509021724,-109.70733891695927,3.002117077515853,-6.505564370480778,2.009896443340178,1.5966663994663524,900.0,0.4074074074074074,0.08641975308641975,0.04938271604938271,0.012345679012345678,0.0,0.0,0.1391485505049075,align_x_vol:counter_trend|unknown
10,6.0,3600,81,0.2222222222222222,-1.3630298219691608,-2.1272605602385597,-110.40541557950202,7.198129460351034,-6.827814333295986,3.307675106338664,1.5966663994663524,1347.0,0.6296296296296297,0.14814814814814814,0.09876543209876543,0.04938271604938271,0.024691358024691357,0.0,0.2648771591469493,align_x_vol:counter_trend|unknown
10,6.0,14400,81,0.13580246913580246,-1.6101207180307529,-2.1898122353314924,-130.41977816049098,19.263511284794127,-6.827814333295986,6.679620436448855,1.5966663994663524,1347.0,0.7777777777777778,0.09876543209876543,0.08641975308641975,0.06172839506172839,0.037037037037037035,0.012345679012345678,0.27114444314643454,align_x_vol:counter_trend|unknown
10,6.0,86400,81,0.07407407407407407,0.43729645385847654,-2.365290931598624,35.4210127625366,93.62917167786276,-6.827814333295986,16.203335083744083,1.5966663994663524,1347.0,0.9259259259259259,0.07407407407407407,0.07407407407407407,0.07407407407407407,0.07407407407407407,0.04938271604938271,1.173822373662266,align_x_vol:counter_trend|unknown
3,4.0,900,193,0.14507772020725387,-2.8435393799580844,-2.827545498473338,-548.8031003319103,27.306886878742823,-42.719532096595856,5.229827007728581,3.0763480343145293,53.0,0.8082901554404145,0.10880829015544041,0.08808290155440414,0.07253886010362694,0.03626943005181347,0.015544041450777202,0.19305240330410656,align_x_vol:counter_trend|vol_extreme
3,4.0,3600,193,0.09844559585492228,-3.0296628446978886,-2.979044124746018,-584.7249290266925,30.077325745614964,-42.719532096595856,9.71535739394359,3.0763480343145293,53.0,0.8808290155440415,0.09326424870466321,0.07772020725388601,0.07253886010362694,0.03626943005181347,0.02072538860103627,0.1932639554288435,align_x_vol:counter_trend|vol_extreme
3,4.0,14400,192,0.0625,-2.5390589918880377,-2.986185898843903,-487.4993264425032,61.83318412375312,-42.719532096595856,14.165691143795458,3.0704739475608847,52.0,0.9166666666666666,0.057291666666666664,0.057291666666666664,0.057291666666666664,0.057291666666666664,0.036458333333333336,0.33892478515350194,align_x_vol:counter_trend|vol_extreme
3,4.0,86400,188,0.026595744680851064,-2.259831933286897,-3.0563229838298724,-424.8484034579366,122.978710936273,-42.719532096595856,34.593740060759735,3.1074998155705584,50.5,0.9680851063829787,0.026595744680851064,0.026595744680851064,0.026595744680851064,0.026595744680851064,0.026595744680851064,0.45196231659725744,align_x_vol:counter_trend|vol_extreme
3,6.0,900,62,0.14516129032258066,-3.8768017111052733,-3.086678258809215,-240.36170608852694,6.1905893741660645,-26.311642120294266,4.61646098785505,3.999683782535325,32.0,0.7903225806451613,0.14516129032258066,0.14516129032258066,0.08064516129032258,0.03225806451612903,0.0,0.1230479689165005,align_x_vol:counter_trend|vol_extreme
3,6.0,3600,62,0.16129032258064516,-3.7623694987655814,-3.2420756924932785,-233.26690892346605,15.700125072110144,-26.311642120294266,8.578827209698392,3.999683782535325,32.0,0.8387096774193549,0.14516129032258066,0.12903225806451613,0.0967741935483871,0.03225806451612903,0.016129032258064516,0.16275817557223485,align_x_vol:counter_trend|vol_extreme
3,6.0,14400,62,0.11290322580645161,-3.5191833348729293,-3.301096754999704,-218.1893667621216,19.198287608034548,-26.311642120294266,11.762142512025205,3.999683782535325,32.0,0.8870967741935484,0.11290322580645161,0.0967741935483871,0.0967741935483871,0.08064516129032258,0.04838709677419355,0.24168841800767402,align_x_vol:counter_trend|vol_extreme
3,6.0,86400,60,0.05,-3.5303401808213795,-3.516070625742917,-211.82041084928278,42.607144673110376,-26.311642120294266,22.36912716413182,4.07090468567447,29.5,0.95,0.05,0.05,0.05,0.05,0.05,0.2893081309179935,align_x_vol:counter_trend|vol_extreme
5,4.0,900,133,0.15037593984962405,-2.7663063668942653,-3.079749571664353,-367.9187467969373,27.090653999145417,-16.46265343044546,4.846255949005435,2.8482376772189015,72.0,0.8045112781954887,0.10526315789473684,0.09022556390977443,0.06015037593984962,0.03759398496240601,0.015037593984962405,0.19328403302177993,align_x_vol:counter_trend|vol_extreme
5,4.0,3600,133,0.12030075187969924,-2.74882911344002,-3.1187875182692455,-365.59427208752265,50.675242002416475,-16.46265343044546,8.495067637134632,2.8482376772189015,72.0,0.8571428571428571,0.12030075187969924,0.08270676691729323,0.06766917293233082,0.03759398496240601,0.007518796992481203,0.2285745068527125,align_x_vol:counter_trend|vol_extreme
5,4.0,14400,133,0.07518796992481203,-2.6515421330594284,-3.2715406973201198,-352.655103696904,73.49500245265449,-16.46265343044546,11.88447442454402,2.8482376772189015,72.0,0.9172932330827067,0.07518796992481203,0.06015037593984962,0.06015037593984962,0.06015037593984962,0.03759398496240601,0.28884849230820736,align_x_vol:counter_trend|vol_extreme
5,4.0,86400,130,0.023076923076923078,-3.2680585597957483,-3.4126921313992895,-424.8476127734473,43.33482158777401,-16.46265343044546,25.6846568325534,2.8829799304993324,70.5,0.9769230769230769,0.023076923076923078,0.023076923076923078,0.023076923076923078,0.023076923076923078,0.023076923076923078,0.16794743365200684,align_x_vol:counter_trend|vol_extreme
5,6.0,900,46,0.17391304347826086,-3.1968465378344932,-3.4032328026090473,-147.05494074038668,8.886181138736,-16.84974778746899,4.246721948332509,3.496245606441145,79.0,0.717391304347826,0.15217391304347827,0.13043478260869565,0.10869565217391304,0.021739130434782608,0.0,0.17113758332394732,align_x_vol:counter_trend|vol_extreme
5,6.0,3600,46,0.17391304347826086,-3.219949795345379,-3.488847707320358,-148.11769058588743,9.415170572527272,-16.84974778746899,5.548678085659485,3.496245606441145,79.0,0.8043478260869565,0.17391304347826086,0.15217391304347827,0.10869565217391304,0.08695652173913043,0.0,0.20792093455282265,align_x_vol:counter_trend|vol_extreme
5,6.0,14400,46,0.10869565217391304,-3.346195858725929,-3.585777221591208,-153.92500950139274,13.658146021935101,-16.84974778746899,8.28302125818474,3.496245606441145,79.0,0.8913043478260869,0.10869565217391304,0.10869565217391304,0.10869565217391304,0.08695652173913043,0.043478260869565216,0.22330297037304564,align_x_vol:counter_trend|vol_extreme
5,6.0,86400,45,0.08888888888888889,-2.903900389003363,-3.6455346022181185,-130.67551750515133,29.007064589345568,-16.84974778746899,17.077178668570333,3.5134910075278847,79.0,0.9111111111111111,0.08888888888888889,0.08888888888888889,0.08888888888888889,0.08888888888888889,0.044444444444444446,0.34061861279080985,align_x_vol:counter_trend|vol_extreme
10,4.0,900,102,0.22549019607843138,-2.3997673247378595,-2.3552697487337193,-244.77626712326165,6.571427043749155,-18.23376562683341,4.2566063392163915,2.467668064324783,179.0,0.6666666666666666,0.11764705882352941,0.08823529411764706,0.058823529411764705,0.00980392156862745,0.0,0.14424650080010235,align_x_vol:counter_trend|vol_extreme
10,4.0,3600,102,0.20588235294117646,-2.483296447448515,-2.739450206635637,-253.2962376397485,9.891351775494112,-18.23376562683341,6.330962498813806,2.467668064324783,179.0,0.7647058823529411,0.18627450980392157,0.10784313725490197,0.049019607843137254,0.0196078431372549,0.0,0.19551565234105217,align_x_vol:counter_trend|vol_extreme
10,4.0,14400,102,0.12745098039215685,-2.7497871146718786,-2.8431858184285854,-280.4782856965316,10.534206184950884,-18.23376562683341,10.689999184623735,2.467668064324783,179.0,0.8725490196078431,0.11764705882352941,0.09803921568627451,0.058823529411764705,0.0392156862745098,0.00980392156862745,0.16009149143931958,align_x_vol:counter_trend|vol_extreme
10,4.0,86400,96,0.041666666666666664,-3.1817466928880123,-2.8857388470040415,-305.4476825172492,21.920665706526712,-18.23376562683341,23.95531348209907,2.5000960008052346,149.5,0.9583333333333334,0.041666666666666664,0.03125,0.03125,0.03125,0.010416666666666666,0.10268201354395222,align_x_vol:counter_trend|vol_extreme
10,6.0,900,35,0.2857142857142857,-1.773378378586091,-1.7685815398418079,-62.068243250513184,6.571427043749155,-12.991347837223108,3.825441957227298,2.5116285919312076,851.0,0.5142857142857142,0.2,0.11428571428571428,0.05714285714285714,0.02857142857142857,0.0,0.25353413207679426,align_x_vol:counter_trend|vol_extreme
10,6.0,3600,35,0.2571428571428571,-2.0724642798654878,-2.239127347100536,-72.53624979529206,8.881043621402625,-12.991347837223108,5.307470180499198,2.5116285919312076,851.0,0.6571428571428571,0.22857142857142856,0.11428571428571428,0.08571428571428572,0.02857142857142857,0.0,0.2623375100354405,align_x_vol:counter_trend|vol_extreme
10,6.0,14400,35,0.2,-2.1840100027530824,-2.5548164580551496,-76.44035009635789,7.296791494908452,-12.991347837223108,7.700501280561937,2.5116285919312076,851.0,0.8,0.2,0.14285714285714285,0.11428571428571428,0.08571428571428572,0.0,0.2772678282396334,align_x_vol:counter_trend|vol_extreme
10,6.0,86400,31,0.0967741935483871,-2.9202515976683503,-2.855755819681179,-90.52779952771886,9.919605535637404,-12.991347837223108,13.847260589164831,2.532545717979407,487.0,0.9032258064516129,0.06451612903225806,0.06451612903225806,0.06451612903225806,0.06451612903225806,0.0,0.14407308345814712,align_x_vol:counter_trend|vol_extreme
3,4.0,900,520,0.1423076923076923,-2.037330394941569,-2.4104352408328946,-1059.4118053696159,22.645321015554167,-11.492491377565448,3.5739831929761388,1.9764090702310306,174.5,0.7,0.08269230769230769,0.05,0.03461538461538462,0.019230769230769232,0.007692307692307693,0.15351764273309332,align_x_vol:counter_trend|vol_high
3,4.0,3600,519,0.1464354527938343,-1.9363097181593691,-2.4921462064944992,-1004.9447437247126,45.1934765654529,-11.492491377565448,6.570874482462439,1.9780684407576965,174.0,0.8053949903660886,0.11560693641618497,0.07514450867052024,0.06165703275529865,0.04046242774566474,0.011560693641618497,0.245356026890225,align_x_vol:counter_trend|vol_high
3,4.0,14400,516,0.07945736434108527,-1.7863407031475238,-2.545665771064686,-921.7518028241223,76.17156754252959,-11.492491377565448,12.578786074502169,1.9721816905124143,171.5,0.9089147286821705,0.07945736434108527,0.07364341085271318,0.06201550387596899,0.044573643410852716,0.03294573643410853,0.3617039398016148,align_x_vol:counter_trend|vol_high
3,4.0,86400,504,0.023809523809523808,-1.6880964124047417,-2.5923184358878135,-850.8005918519898,130.69503471276238,-14.246217868531758,31.633449075077735,1.9670871122352347,156.5,0.9742063492063492,0.023809523809523808,0.023809523809523808,0.023809523809523808,0.021825396825396824,0.017857142857142856,0.43669053431538796,align_x_vol:counter_trend|vol_high
3,6.0,900,149,0.14093959731543623,-2.5419311358111303,-2.6653113508067054,-378.74773923585843,11.32959990813194,-9.025596745267816,3.4532540778732774,2.514174777073075,142.0,0.7181208053691275,0.087248322147651,0.040268456375838924,0.03355704697986577,0.026845637583892617,0.006711409395973154,0.11353869449021146,align_x_vol:counter_trend|vol_high
3,6.0,3600,149,0.16778523489932887,-2.4309938180308897,-2.792581828647978,-362.21807888660254,11.246811206017547,-9.21524826929041,5.721603306004674,2.514174777073075,142.0,0.785234899328859,0.1342281879194631,0.087248322147651,0.053691275167785234,0.04697986577181208,0.006711409395973154,0.19021593552266478,align_x_vol:counter_trend|vol_high
3,6.0,14400,147,0.08163265306122448,-2.163584205787128,-2.8305809607339643,-318.0468782507078,63.10353530995112,-9.21524826929041,11.615644187846474,2.519535206757121,141.0,0.9115646258503401,0.07482993197278912,0.06802721088435375,0.061224489795918366,0.04081632653061224,0.02040816326530612,0.34840478280673,align_x_vol:counter_trend|vol_high
3,6.0,86400,145,0.034482758620689655,-1.5359737051073434,-2.86906309325873,-222.7161872405648,130.4595452503816,-14.246217868531758,26.75682045347403,2.534637934263231,136.0,0.9655172413793104,0.034482758620689655,0.034482758620689655,0.034482758620689655,0.034482758620689655,0.020689655172413793,0.5673704470108937,align_x_vol:counter_trend|vol_high
5,4.0,900,374,0.16844919786096257,-1.885871532283792,-2.3558023283920537,-705.3159530741382,11.902108488009485,-11.99922262576638,3.496102597163681,1.9718293719761384,196.0,0.6844919786096256,0.10962566844919786,0.06951871657754011,0.053475935828877004,0.026737967914438502,0.0106951871657754,0.20063333002425066,align_x_vol:counter_trend|vol_high
5,4.0,3600,372,0.15591397849462366,-1.6867951657446003,-2.5003566953244976,-627.4878016569913,65.50236963136754,-11.99922262576638,6.322158776183785,1.9764757778284525,195.5,0.7956989247311828,0.11827956989247312,0.08870967741935484,0.06720430107526881,0.051075268817204304,0.016129032258064516,0.338392976761672,align_x_vol:counter_trend|vol_high
5,4.0,14400,367,0.08719346049046321,-1.5214404594230702,-2.5612591051436504,-558.3686486082668,77.97647102086364,-11.99922262576638,12.110389762486387,1.976714950403284,182.0,0.9046321525885559,0.07901907356948229,0.07901907356948229,0.0681198910081744,0.051771117166212535,0.043596730245231606,0.45443818314763573,align_x_vol:counter_trend|vol_high
5,4.0,86400,354,0.031073446327683617,-1.2841346625593022,-2.6046211875414325,-454.58367054599296,125.31659279709187,-11.99922262576638,29.009933785558168,1.9769797641717792,168.0,0.9689265536723164,0.031073446327683617,0.031073446327683617,0.031073446327683617,0.02824858757062147,0.025423728813559324,0.5696909256567985,align_x_vol:counter_trend|vol_high
5,6.0,900,92,0.16304347826086957,-2.3022186945211938,-2.5981875025424923,-211.80411989594984,13.54842736017985,-11.99922262576638,3.8609222857789214,2.5870853165637144,218.5,0.6630434782608695,0.10869565217391304,0.06521739130434782,0.06521739130434782,0.043478260869565216,0.021739130434782608,0.20115004373281656,align_x_vol:counter_trend|vol_high
5,6.0,3600,92,0.16304347826086957,-1.8042912404841631,-2.765839784068651,-165.994794124543,65.50236963136754,-11.99922262576638,6.3969032530538,2.5870853165637144,218.5,0.782608695652174,0.15217391304347827,0.08695652173913043,0.06521739130434782,0.05434782608695652,0.010869565217391304,0.4080268596092056,align_x_vol:counter_trend|vol_high
5,6.0,14400,92,0.09782608695652174,-1.0397677266836038,-2.835954385128823,-95.65863085489156,77.97647102086364,-11.99922262576638,12.02892766700709,2.5870853165637144,218.5,0.8804347826086957,0.06521739130434782,0.06521739130434782,0.06521739130434782,0.043478260869565216,0.03260869565217391,0.6806321006328865,align_x_vol:counter_trend|vol_high
5,6.0,86400,90,0.05555555555555555,-0.2276197990695203,-2.9127245571462437,-20.485781916256826,125.31659279709187,-11.99922262576638,27.395420914540825,2.5870148303394247,209.0,0.9444444444444444,0.05555555555555555,0.05555555555555555,0.05555555555555555,0.05555555555555555,0.044444444444444446,0.9351678979947217,align_x_vol:counter_trend|vol_high
10,4.0,900,244,0.20081967213114754,-1.7167496696112534,-2.2375819447294125,-418.88691938514586,16.54528020676495,-10.860685185466062,3.742748180936897,1.9685593672333155,307.5,0.6311475409836066,0.13934426229508196,0.09016393442622951,0.06557377049180328,0.028688524590163935,0.004098360655737705,0.2390398568424871,align_x_vol:counter_trend|vol_high
10,4.0,3600,242,0.19008264462809918,-1.51048138579069,-2.320054412528647,-365.53649536134697,26.48268542804459,-10.860685185466062,6.61571653366615,1.9756747513968496,302.0,0.7727272727272727,0.16115702479338842,0.11570247933884298,0.09917355371900827,0.07024793388429752,0.024793388429752067,0.3965229885096935,align_x_vol:counter_trend|vol_high
10,4.0,14400,240,0.10833333333333334,-1.1605764539605106,-2.3615232918466162,-278.53834895052256,63.63771778156592,-10.860685185466062,12.21883109440879,1.9646878162327288,297.5,0.875,0.09583333333333334,0.0875,0.0875,0.06666666666666667,0.04583333333333333,0.5754950188168945,align_x_vol:counter_trend|vol_high
10,4.0,86400,231,0.04329004329004329,-0.6513745619500418,-2.398948230665292,-150.46752381045965,130.69503471276238,-10.860685185466062,27.679864667721304,1.9734721556917711,273.0,0.9567099567099567,0.04329004329004329,0.04329004329004329,0.04329004329004329,0.03896103896103896,0.030303030303030304,0.7803841184750747,align_x_vol:counter_trend|vol_high
10,6.0,900,41,0.12195121951219512,-2.4077141917674023,-2.3204884352095374,-98.71628186246349,9.17121831966102,-8.859365548962131,4.275088064193174,2.2326719568229034,204.0,0.7317073170731707,0.07317073170731707,0.07317073170731707,0.024390243902439025,0.024390243902439025,0.0,0.13215787958552158,align_x_vol:counter_trend|vol_high
10,6.0,3600,41,0.07317073170731707,-2.8462016531869425,-2.398948230665292,-116.69426778066465,9.4116753706837,-8.859365548962131,7.18995331306406,2.2326719568229034,204.0,0.9024390243902439,0.04878048780487805,0.04878048780487805,0.024390243902439025,0.024390243902439025,0.0,0.09518126240247664,align_x_vol:counter_trend|vol_high
10,6.0,14400,41,0.024390243902439025,-2.912779649947358,-2.398948230665292,-119.42396564784168,15.846184305641552,-8.859365548962131,11.920602963859643,2.2326719568229034,204.0,0.975609756097561,0.024390243902439025,0.024390243902439025,0.024390243902439025,0.024390243902439025,0.024390243902439025,0.11714472343743794,align_x_vol:counter_trend|vol_high
10,6.0,86400,41,0.024390243902439025,-2.0532514817661007,-2.398948230665292,-84.18331075241014,51.0868392010731,-8.859365548962131,19.23999769789603,2.2326719568229034,204.0,0.975609756097561,0.024390243902439025,0.024390243902439025,0.024390243902439025,0.024390243902439025,0.024390243902439025,0.37766528105898356,align_x_vol:counter_trend|vol_high
3,4.0,900,1822,0.15806805708013172,-1.4071356740967764,-2.106023136474832,-2563.8011982043267,22.803813770718616,-8.422586928767304,1.9240081863578467,1.430489118945378,716.5,0.5406147091108672,0.07738748627881449,0.04500548847420417,0.030186608122941824,0.013721185510428101,0.003293084522502744,0.17599999468573105,align_x_vol:counter_trend|vol_normal
3,4.0,3600,1809,0.1470425649530127,-1.482506419067544,-2.1535870425116,-2681.8541120931873,45.90237002960609,-8.937100672500963,4.039200515994899,1.4327698043778627,693.0,0.7628524046434494,0.10558319513543395,0.07960199004975124,0.05472636815920398,0.027639579878385848,0.011608623548922056,0.2691268004854411,align_x_vol:counter_trend|vol_normal
3,4.0,14400,1793,0.09760178471834914,-1.2620898447734872,-2.1928637187064686,-2262.9270916788623,74.30261054589711,-8.937100672500963,9.535450229368877,1.431003100004095,665.0,0.8957055214723927,0.09146681539319576,0.08310094813162298,0.07083100948131622,0.044617958728388175,0.02788622420524261,0.4440085528062101,align_x_vol:counter_trend|vol_normal
3,4.0,86400,1743,0.022375215146299483,-1.575648729488217,-2.2288861041952766,-2746.3557354979625,137.78742413828076,-8.937100672500963,27.475991386902898,1.4301283470024453,616.0,0.9776247848537005,0.020654044750430294,0.0189328743545611,0.01835915088927137,0.01663798049340218,0.01549053356282272,0.3617494462092689,align_x_vol:counter_trend|vol_normal
3,6.0,900,547,0.15539305301645337,-1.591296634147846,-1.8713655433885137,-870.4392588788718,6.057120615757555,-14.442558742867213,1.719544685481954,1.6354758581070896,900.0,0.473491773308958,0.06946983546617916,0.03473491773308958,0.027422303473491772,0.009140767824497258,0.0,0.12296224074067041,align_x_vol:counter_trend|vol_normal
3,6.0,3600,542,0.14391143911439114,-1.7643001600401256,-2.170309143831216,-956.250686741748,14.825110925625731,-14.442558742867213,3.573979478668316,1.6401508299545915,1036.0,0.7177121771217713,0.09225092250922509,0.07011070110701106,0.04797047970479705,0.027675276752767528,0.0036900369003690036,0.18628138407233352,align_x_vol:counter_trend|vol_normal
3,6.0,14400,531,0.1016949152542373,-1.8637892168996355,-2.270106070212617,-989.6720741737065,49.70391981255131,-14.442558742867213,8.008269858362448,1.6469213830122609,987.0,0.8870056497175142,0.08851224105461393,0.07909604519774012,0.060263653483992465,0.032015065913371,0.011299435028248588,0.24985397478714033,align_x_vol:counter_trend|vol_normal
3,6.0,86400,519,0.023121387283236993,-1.7671185775238734,-2.331349946606722,-917.1345417348903,136.68257248755333,-14.442558742867213,28.005453732247382,1.6351813645194282,902.0,0.9749518304431599,0.019267822736030827,0.015414258188824663,0.01348747591522158,0.01348747591522158,0.01348747591522158,0.34444872494166745,align_x_vol:counter_trend|vol_normal
5,4.0,900,1233,0.1792376317923763,-1.409768356277488,-2.1059849029475926,-1738.2443832901429,12.149016717301821,-14.442558742867213,2.0801262749471476,1.502747209727446,778.0,0.5231143552311436,0.08840227088402271,0.046228710462287104,0.032441200324412,0.016220600162206,0.0032441200324412004,0.18403250974414656,align_x_vol:counter_trend|vol_normal
5,4.0,3600,1226,0.1631321370309951,-1.4494906554007359,-2.1723820334152304,-1777.075543521302,33.24981269739209,-14.442558742867213,4.258196059718527,1.504907594612574,764.5,0.7463295269168027,0.1166394779771615,0.09461663947797716,0.06688417618270799,0.0367047308319739,0.013866231647634585,0.29758922954946543,align_x_vol:counter_trend|vol_normal
5,4.0,14400,1213,0.10717230008244023,-1.2433051844927052,-2.222507689708847,-1508.1291887896514,74.30261054589711,-14.442558742867213,9.500100013039606,1.5035267552957985,735.0,0.8845836768342952,0.0989282769991756,0.09315746084089035,0.08244023083264633,0.05028854080791426,0.026380873866446827,0.4660985637501459,align_x_vol:counter_trend|vol_normal
5,4.0,86400,1178,0.01867572156196944,-1.7609166052420637,-2.2625964990511296,-2074.359760975151,136.68257248755333,-14.442558742867213,27.75184080277729,1.5015803209391472,674.0,0.9804753820033956,0.017826825127334467,0.016129032258064516,0.015280135823429542,0.014431239388794566,0.013582342954159592,0.31377982008440397,align_x_vol:counter_trend|vol_normal
5,6.0,900,302,0.1291390728476821,-1.7763885309555116,-2.113226027156009,-536.4693363485645,11.556779807732632,-14.442558742867213,1.8851504642683543,1.8029406109851125,741.5,0.5364238410596026,0.06622516556291391,0.026490066225165563,0.023178807947019868,0.009933774834437087,0.0033112582781456954,0.10993864726091666,align_x_vol:counter_trend|vol_normal
5,6.0,3600,300,0.15666666666666668,-1.8312737135128152,-2.2187005440598213,-549.3821140538446,17.11255602762025,-14.442558742867213,3.7156303992783775,1.807148399894382,692.5,0.7233333333333334,0.1,0.08,0.05,0.02666666666666667,0.0033333333333333335,0.19551464252985726,align_x_vol:counter_trend|vol_normal
5,6.0,14400,295,0.11864406779661017,-1.7826547043089658,-2.3510460752385716,-525.8831377711449,49.70391981255131,-14.442558742867213,7.153879555473164,1.8081034387624528,648.0,0.864406779661017,0.10847457627118644,0.09830508474576272,0.0847457627118644,0.04745762711864407,0.01694915254237288,0.29754461215089717,align_x_vol:counter_trend|vol_normal
5,6.0,86400,286,0.02097902097902098,-2.3595736798067946,-2.4049499977838207,-674.8380724247432,66.92661728900151,-14.442558742867213,25.392399927042238,1.7845223461481245,576.5,0.9755244755244755,0.017482517482517484,0.01048951048951049,0.006993006993006993,0.006993006993006993,0.006993006993006993,0.16509975981852726,align_x_vol:counter_trend|vol_normal
10,4.0,900,677,0.21418020679468242,-1.156284490319115,-1.6898951567781995,-782.8045999460409,12.149016717301821,-6.791460951041579,2.2522194091680743,1.457543635353136,900.0,0.48301329394387,0.11225997045790251,0.06351550960118169,0.050221565731166914,0.0206794682422452,0.005908419497784343,0.26704051808173895,align_x_vol:counter_trend|vol_normal
10,4.0,3600,674,0.17507418397626112,-1.2749439219368364,-2.1593534264050653,-859.3122033854277,22.80088575359213,-7.739924670387584,4.2713683519998655,1.4583458891442158,973.5,0.7255192878338279,0.13649851632047477,0.11127596439169139,0.08160237388724036,0.04154302670623145,0.016320474777448073,0.35115933486391737,align_x_vol:counter_trend|vol_normal
10,4.0,14400,667,0.11394302848575712,-1.2192583839512905,-2.220752948242447,-813.2453420955108,49.70391981255131,-7.739924670387584,9.545572819641215,1.459635603114314,931.0,0.8725637181409296,0.10644677661169415,0.09895052473763119,0.08845577211394302,0.05547226386806597,0.02848575712143928,0.457281560258741,align_x_vol:counter_trend|vol_normal
10,4.0,86400,645,0.021705426356589147,-2.035528214115295,-2.2744505629208693,-1312.9156981043652,67.2527383793099,-7.739924670387584,27.191782964708302,1.4564085921071905,857.0,0.9767441860465116,0.018604651162790697,0.015503875968992248,0.013953488372093023,0.012403100775193798,0.009302325581395349,0.18509409526237158,align_x_vol:counter_trend|vol_normal
10,6.0,900,130,0.2,-1.4520865681571435,-1.6656330711793972,-188.77125386042866,4.6642836743347855,-6.791460951041579,1.8829949671621335,1.6633559941626288,900.0,0.45384615384615384,0.05384615384615385,0.038461538461538464,0.03076923076923077,0.0,0.0,0.13797328745946233,align_x_vol:counter_trend|vol_normal
10,6.0,3600,129,0.17054263565891473,-1.6990902499136349,-2.175574193470402,-219.1826422388589,8.532457986772036,-6.791460951041579,3.450236874721796,1.6666103464492432,1182.0,0.6976744186046512,0.10077519379844961,0.08527131782945736,0.05426356589147287,0.031007751937984496,0.0,0.20537373730617606,align_x_vol:counter_trend|vol_normal
10,6.0,14400,127,0.15748031496062992,-1.2179163443147167,-2.2494185241052387,-154.67537572796903,39.59846638333635,-6.791460951041579,7.145201352130355,1.674199550595277,1062.0,0.8267716535433071,0.15748031496062992,0.13385826771653545,0.11811023622047244,0.05511811023622047,0.015748031496062992,0.481387891775741,align_x_vol:counter_trend|vol_normal
10,6.0,86400,121,0.024793388429752067,-2.3305649374958874,-2.3571994180882396,-281.99835743700237,42.09933507953958,-6.791460951041579,19.791501851478802,1.6586282346656949,924.0,0.9669421487603306,0.01652892561983471,0.008264462809917356,0.008264462809917356,0.008264462809917356,0.008264462809917356,0.1342931490598085,align_x_vol:counter_trend|vol_normal
3,4.0,900,884,0.16176470588235295,-1.3133500789003314,-2.104094979311684,-1161.001469747893,11.640862136990656,-7.716441845020008,1.8771068522588172,1.387153135240822,900.0,0.49660633484162897,0.09841628959276018,0.049773755656108594,0.029411764705882353,0.013574660633484163,0.003393665158371041,0.19281220608867344,align_x_vol:unknown|unknown
3,4.0,3600,884,0.16515837104072398,-1.2849175728806352,-2.1200526935574002,-1135.8671344264815,14.980912816384045,-7.716441845020008,3.6208016748026406,1.387153135240822,914.5,0.7126696832579186,0.1165158371040724,0.09049773755656108,0.07239819004524888,0.05090497737556561,0.011312217194570135,0.3214452700026298,align_x_vol:unknown|unknown
3,4.0,14400,884,0.13009049773755657,-1.3251546987936715,-2.1610549353235413,-1171.4367537336057,22.880210540758657,-7.716441845020008,6.825642236829941,1.387153135240822,914.5,0.833710407239819,0.09954751131221719,0.07918552036199095,0.07013574660633484,0.05542986425339366,0.030542986425339366,0.3641889003262383,align_x_vol:unknown|unknown
3,4.0,86400,884,0.07352941176470588,-0.9063571077545839,-2.2042687012728415,-801.2196832550521,218.646025941726,-7.716441845020008,30.349209130560098,1.387153135240822,914.5,0.9253393665158371,0.07352941176470588,0.07126696832579185,0.06561085972850679,0.05542986425339366,0.053167420814479636,0.6044067208541111,align_x_vol:unknown|unknown
3,6.0,900,264,0.12121212121212122,-1.6282855387965758,-2.0316483976409536,-429.867382242296,11.640862136990656,-7.716441845020008,1.7844417284996617,1.6655557186442655,900.0,0.4734848484848485,0.06439393939393939,0.041666666666666664,0.030303030303030304,0.015151515151515152,0.003787878787878788,0.13306174634009632,align_x_vol:unknown|unknown
3,6.0,3600,264,0.16666666666666666,-1.6342036852334094,-2.1433641955555824,-431.4297729016201,11.49887989469715,-7.716441845020008,3.00850308844626,1.6655557186442655,1093.0,0.6856060606060606,0.10606060606060606,0.07575757575757576,0.056818181818181816,0.03787878787878788,0.007575757575757576,0.2294117161242991,align_x_vol:unknown|unknown
3,6.0,14400,264,0.11742424242424243,-1.7375600662501876,-2.2452233522451914,-458.71585749004953,19.923272109576686,-7.716441845020008,5.941840802268129,1.6655557186442655,1093.0,0.8371212121212122,0.07575757575757576,0.056818181818181816,0.05303030303030303,0.045454545454545456,0.030303030303030304,0.26713180595684044,align_x_vol:unknown|unknown
3,6.0,86400,264,0.056818181818181816,-1.3537574605353302,-2.3200741336806137,-357.39196958132715,73.98258658347699,-7.716441845020008,25.254350807743453,1.6655557186442655,1093.0,0.9431818181818182,0.056818181818181816,0.056818181818181816,0.05303030303030303,0.05303030303030303,0.05303030303030303,0.480939971359874,align_x_vol:unknown|unknown
5,4.0,900,608,0.15460526315789475,-1.3471491088997614,-2.1054657066573093,-819.0666582110549,11.640862136990656,-6.965872321579972,2.0988873788624387,1.460573070955754,884.5,0.5049342105263158,0.10032894736842106,0.05592105263157895,0.03289473684210526,0.01644736842105263,0.004934210526315789,0.19849929340420688,align_x_vol:unknown|unknown
5,4.0,3600,608,0.1825657894736842,-1.2485600719294712,-2.1429482159874302,-759.1245237331185,14.093485094412042,-7.003516265872068,3.9570894742995137,1.460573070955754,884.5,0.7154605263157895,0.13651315789473684,0.11019736842105263,0.0805921052631579,0.054276315789473686,0.011513157894736841,0.3579192398757021,align_x_vol:unknown|unknown
5,4.0,14400,608,0.13651315789473684,-1.3126110626886225,-2.1873864283850954,-798.0675261146824,24.03770099091036,-7.003516265872068,7.056826588769513,1.460573070955754,884.5,0.837171052631579,0.10197368421052631,0.08388157894736842,0.07894736842105263,0.06414473684210527,0.03453947368421053,0.39357404752053804,align_x_vol:unknown|unknown
5,4.0,86400,608,0.05921052631578947,-1.2990204322130552,-2.261495362796926,-789.8044227855376,78.52298872814725,-7.003516265872068,29.85468167154344,1.460573070955754,884.5,0.9407894736842105,0.05921052631578947,0.05756578947368421,0.05592105263157895,0.05098684210526316,0.049342105263157895,0.4595458928023922,align_x_vol:unknown|unknown
5,6.0,900,162,0.1111111111111111,-1.925102894220443,-2.1056411164056286,-311.86666886371177,4.492549000159225,-7.716441845020008,1.9066752290112985,1.8483689571580504,893.0,0.5,0.05555555555555555,0.043209876543209874,0.012345679012345678,0.0,0.0,0.07200193048092132,align_x_vol:unknown|unknown
5,6.0,3600,162,0.1419753086419753,-2.0383504168849598,-2.3044649631640857,-330.21276753536347,6.517676522278047,-7.716441845020008,3.106862012467588,1.8483689571580504,938.5,0.7037037037037037,0.06172839506172839,0.043209876543209874,0.030864197530864196,0.018518518518518517,0.0,0.11417783208837376,align_x_vol:unknown|unknown
5,6.0,14400,162,0.06172839506172839,-2.2824903855023244,-2.457210548029558,-369.7634424513766,19.923272109576686,-7.716441845020008,5.643581483186336,1.8483689571580504,938.5,0.8765432098765432,0.043209876543209874,0.037037037037037035,0.037037037037037035,0.024691358024691357,0.018518518518518517,0.13781062548839987,align_x_vol:unknown|unknown
5,6.0,86400,162,0.030864197530864196,-2.3836382845102344,-2.5265680899991043,-386.149402090658,26.278284148006144,-7.716441845020008,23.840619481293256,1.8483689571580504,938.5,0.9691358024691358,0.030864197530864196,0.030864197530864196,0.024691358024691357,0.024691358024691357,0.024691358024691357,0.16093108167935566,align_x_vol:unknown|unknown
10,4.0,900,364,0.18406593406593408,-1.1846203175736074,-1.575681435770826,-431.2017955967931,12.948296023387101,-6.965872321579972,2.3128171754148616,1.4501026512981594,900.0,0.46153846153846156,0.11813186813186813,0.06593406593406594,0.038461538461538464,0.02197802197802198,0.0027472527472527475,0.24877427369246236,align_x_vol:unknown|unknown
10,4.0,3600,364,0.19505494505494506,-1.2419099318900548,-2.1184059223378746,-452.0552152079799,14.093485094412042,-7.003516265872068,3.991186925925316,1.4501026512981594,1136.0,0.6785714285714286,0.12912087912087913,0.0989010989010989,0.07417582417582418,0.054945054945054944,0.005494505494505495,0.34034595088393027,align_x_vol:unknown|unknown
10,4.0,14400,364,0.10989010989010989,-1.626845461903375,-2.1907549470445904,-592.1717481328285,16.28016098674466,-7.003516265872068,6.491700695162968,1.4501026512981594,1136.0,0.8516483516483516,0.08241758241758242,0.06593406593406594,0.06318681318681318,0.054945054945054944,0.016483516483516484,0.2587218404621687,align_x_vol:unknown|unknown
10,4.0,86400,364,0.04120879120879121,-1.7069786348308993,-2.249906203252314,-621.3402230784474,49.155513796020045,-7.003516265872068,30.44730320481188,1.4501026512981594,1136.0,0.9587912087912088,0.04120879120879121,0.04120879120879121,0.038461538461538464,0.038461538461538464,0.03571428571428571,0.2975139087528734,align_x_vol:unknown|unknown
10,6.0,900,86,0.18604651162790697,-1.409639601769166,-1.337967240907324,-121.22900575214827,4.704230077780789,-7.850476910782262,2.039121823196885,1.569313618324252,900.0,0.3953488372093023,0.09302325581395349,0.03488372093023256,0.011627906976744186,0.0,0.0,0.13628045265936867,align_x_vol:unknown|unknown
10,6.0,3600,86,0.20930232558139536,-1.4519096756232412,-2.105471440300567,-124.86423210359874,7.000725500217458,-7.850476910782262,3.0100192933690555,1.569313618324252,1835.5,0.6162790697674418,0.12790697674418605,0.08139534883720931,0.05813953488372093,0.023255813953488372,0.0,0.23696367826570877,align_x_vol:unknown|unknown
10,6.0,14400,86,0.09302325581395349,-1.9647052919989494,-2.228934716455388,-168.96465511190965,10.281354422689319,-7.850476910782262,4.874202698341279,1.569313618324252,1835.5,0.8372093023255814,0.05813953488372093,0.046511627906976744,0.03488372093023256,0.03488372093023256,0.011627906976744186,0.15737745544155674,align_x_vol:unknown|unknown
10,6.0,86400,86,0.05813953488372093,-1.1441770732252097,-2.260827061004493,-98.39922829736804,49.155513796020045,-7.850476910782262,24.564556563984603,1.569313618324252,1835.5,0.9418604651162791,0.05813953488372093,0.05813953488372093,0.05813953488372093,0.05813953488372093,0.046511627906976744,0.5414064303243067,align_x_vol:unknown|unknown
3,4.0,900,1102,0.13702359346642468,-1.5213202010271372,-2.111190815381282,-1676.4948615319051,18.489799853343495,-11.341542749892938,2.453978147790258,1.5247451030343107,505.0,0.5943738656987296,0.0780399274047187,0.05716878402903811,0.041742286751361164,0.025408348457350273,0.007259528130671506,0.19679171912068608,align_x_vol:with_trend|unknown
3,4.0,3600,1102,0.13702359346642468,-1.2288109531648046,-2.179135205884848,-1354.1496703876146,134.89683976886445,-11.341542749892938,5.474991477058986,1.5247451030343107,505.0,0.7931034482758621,0.09800362976406533,0.07531760435571688,0.0662431941923775,0.04627949183303085,0.024500907441016333,0.4265700839862002,align_x_vol:with_trend|unknown
3,4.0,14400,1102,0.07622504537205081,-1.0927927616365014,-2.2231996658186617,-1204.2576233234245,138.8810216115046,-11.341542749892938,13.012801798441197,1.5247451030343107,505.0,0.9092558983666061,0.06533575317604355,0.06170598911070781,0.05535390199637023,0.04446460980036298,0.030852994555353903,0.5380708275796636,align_x_vol:with_trend|unknown
3,4.0,86400,1102,0.05172413793103448,0.7065946602227224,-2.229965543034434,778.6673155654402,200.01668992419587,-11.341542749892938,38.88840386326246,1.5247451030343107,505.0,0.9482758620689655,0.05172413793103448,0.04900181488203267,0.04900181488203267,0.04627949183303085,0.04446460980036298,1.288741180682004,align_x_vol:with_trend|unknown
3,6.0,900,387,0.12144702842377261,-1.727442642498808,-2.115089232335185,-668.5203026470388,18.489799853343495,-6.9232671199329845,2.206627270739948,1.7342618806901553,565.0,0.5813953488372093,0.06718346253229975,0.05426356589147287,0.046511627906976744,0.023255813953488372,0.007751937984496124,0.17498381891204912,align_x_vol:with_trend|unknown
3,6.0,3600,387,0.13953488372093023,-1.3026903281502846,-2.2517766750330614,-504.14115699416016,114.88276214375634,-6.9232671199329845,4.842986109139873,1.7342618806901553,565.0,0.7777777777777778,0.09043927648578812,0.06201550387596899,0.05167958656330749,0.04392764857881137,0.01808785529715762,0.4298326379088377,align_x_vol:with_trend|unknown
3,6.0,14400,387,0.08010335917312661,-1.4096017811733546,-2.336800968311277,-545.5158893140882,109.91479247451863,-10.897031246969425,8.844979374781529,1.7342618806901553,565.0,0.8992248062015504,0.06201550387596899,0.05426356589147287,0.04909560723514212,0.041343669250646,0.031007751937984496,0.4461117623447982,align_x_vol:with_trend|unknown
3,6.0,86400,387,0.05167958656330749,-0.09045213060144518,-2.341534088722274,-35.004974542759285,176.27496788550232,-10.897031246969425,27.837422387510117,1.7342618806901553,565.0,0.9483204134366925,0.05167958656330749,0.05167958656330749,0.05167958656330749,0.046511627906976744,0.04392764857881137,0.9658090775904612,align_x_vol:with_trend|unknown
5,4.0,900,749,0.14953271028037382,-1.4089146650243898,-2.111412414563661,-1055.277084103268,18.489799853343495,-7.198340120939835,2.5182561947065905,1.5720557267959296,600.0,0.5647530040053405,0.09212283044058744,0.07209612817089453,0.049399198931909215,0.03337783711615487,0.010680907877169559,0.2486024482267498,align_x_vol:with_trend|unknown
5,4.0,3600,749,0.1602136181575434,-0.9853984942865794,-2.1886919995508447,-738.063472220648,114.88276214375634,-7.198340120939835,5.5253960180738995,1.5720557267959296,600.0,0.7676902536715621,0.11615487316421896,0.08945260347129506,0.0774365821094793,0.05874499332443257,0.03337783711615487,0.5313184632864576,align_x_vol:with_trend|unknown
5,4.0,14400,749,0.09212283044058744,-0.8320655526125261,-2.2551514374419184,-623.2170989067821,109.91479247451863,-10.897031246969425,12.83363684011338,1.5720557267959296,600.0,0.890520694259012,0.08277703604806408,0.07610146862483311,0.07076101468624833,0.06008010680907877,0.04539385847797063,0.6469723227267249,align_x_vol:with_trend|unknown
5,4.0,86400,749,0.06675567423230974,1.444884777300642,-2.2723842209384784,1082.2186981981808,200.01668992419587,-10.897031246969425,35.207078333231614,1.5720557267959296,600.0,0.9332443257676902,0.06675567423230974,0.06542056074766354,0.06542056074766354,0.06141522029372497,0.05874499332443257,1.5894642634060676,align_x_vol:with_trend|unknown
5,6.0,900,258,0.12403100775193798,-1.8855681226893668,-2.1799739403225864,-486.4765756538566,9.109997050801663,-15.406475146865285,2.3924846449425936,1.832315724080642,507.5,0.6046511627906976,0.07364341085271318,0.05813953488372093,0.046511627906976744,0.01937984496124031,0.0,0.15147895461826405,align_x_vol:with_trend|unknown
5,6.0,3600,258,0.13178294573643412,-1.4576072626026233,-2.2951314175367,-376.06267375147684,105.54301488102463,-15.406475146865285,5.206943499671642,1.832315724080642,507.5,0.7829457364341085,0.08527131782945736,0.07751937984496124,0.06589147286821706,0.05426356589147287,0.01937984496124031,0.3983002394727407,align_x_vol:with_trend|unknown
5,6.0,14400,258,0.08914728682170543,-1.5337676637122102,-2.3485636007378963,-395.71205723775023,93.375970656792,-15.406475146865285,11.439517394416212,1.832315724080642,507.5,0.875968992248062,0.07751937984496124,0.06976744186046512,0.06589147286821706,0.046511627906976744,0.03875968992248062,0.4088950924693501,align_x_vol:with_trend|unknown
5,6.0,86400,258,0.06976744186046512,0.2532464349568549,-2.379513602600295,65.33758021886857,70.68488183722664,-15.406475146865285,31.477703895736926,1.832315724080642,507.5,0.9302325581395349,0.06976744186046512,0.06976744186046512,0.06976744186046512,0.06201550387596899,0.05813953488372093,1.093258499055255,align_x_vol:with_trend|unknown
10,4.0,900,483,0.17805383022774326,-1.2721427188072978,-2.1021378941742936,-614.4449331839248,11.255108880785231,-9.430495521464106,2.735365151787575,1.5347097143648036,653.0,0.5548654244306418,0.11801242236024845,0.09523809523809523,0.08074534161490683,0.041407867494824016,0.008281573498964804,0.30336293234844236,align_x_vol:with_trend|unknown
10,4.0,3600,483,0.17184265010351968,-1.158432959182528,-2.14812367792081,-559.523119285161,39.38260890773274,-9.430495521464106,5.487736070909017,1.5347097143648036,653.0,0.7577639751552795,0.12008281573498965,0.10351966873706005,0.09109730848861283,0.06832298136645963,0.033126293995859216,0.4466349055328399,align_x_vol:with_trend|unknown
10,4.0,14400,483,0.09730848861283643,-0.7566934603445066,-2.215936520532716,-365.4829413463967,67.78048686953915,-9.430495521464106,11.719176357384141,1.5347097143648036,653.0,0.8799171842650103,0.08488612836438923,0.07660455486542443,0.07660455486542443,0.060041407867494824,0.051759834368530024,0.6765604097449038,align_x_vol:with_trend|unknown
10,4.0,86400,483,0.07453416149068323,1.7436766304718183,-2.2254724378682296,842.1958125178883,186.8737147257229,-9.430495521464106,33.448015253137605,1.5347097143648036,653.0,0.9254658385093167,0.07453416149068323,0.07453416149068323,0.07246376811594203,0.06625258799171843,0.062111801242236024,1.719687983764655,align_x_vol:with_trend|unknown
10,6.0,900,155,0.1870967741935484,-1.3148331746786595,-1.842255651206111,-203.7991420751922,9.109997050801663,-7.8226449001958684,2.470738466189446,1.6021363286970958,900.0,0.4967741935483871,0.14193548387096774,0.09032258064516129,0.07741935483870968,0.025806451612903226,0.0,0.2740600995914393,align_x_vol:with_trend|unknown
10,6.0,3600,155,0.2,-1.1449082441711371,-2.1116803481934343,-177.46077784652627,39.38260890773274,-7.8226449001958684,4.415413384409997,1.6021363286970958,946.0,0.6967741935483871,0.13548387096774195,0.10967741935483871,0.0967741935483871,0.05806451612903226,0.012903225806451613,0.44108362173105126,align_x_vol:with_trend|unknown
10,6.0,14400,155,0.14193548387096774,-0.979681533274311,-2.192937428741537,-151.8506376575182,34.84256478651643,-7.8226449001958684,8.122751974967704,1.6021363286970958,946.0,0.8193548387096774,0.12258064516129032,0.1032258064516129,0.1032258064516129,0.07741935483870968,0.05806451612903226,0.5699531424783307,align_x_vol:with_trend|unknown
10,6.0,86400,155,0.1032258064516129,1.292000743112344,-2.2023428313517215,200.2601151824133,70.68488183722664,-7.8226449001958684,25.97591209576672,1.6021363286970958,946.0,0.896774193548387,0.1032258064516129,0.1032258064516129,0.1032258064516129,0.0967741935483871,0.08387096774193549,1.5321458333296953,align_x_vol:with_trend|unknown
3,4.0,900,216,0.09259259259259259,-3.1105291494461436,-3.022992126819333,-671.874296280367,13.736906973030985,-34.319962568006986,10.295020516780276,2.6998138126406235,35.5,0.8796296296296297,0.06944444444444445,0.05555555555555555,0.05092592592592592,0.037037037037037035,0.009259259259259259,0.11693916267211463,align_x_vol:with_trend|vol_extreme
3,4.0,3600,216,0.0787037037037037,-3.2742523841322133,-3.085913455184224,-707.238514972558,12.005334647447171,-34.319962568006986,17.400365325917555,2.6998138126406235,35.5,0.9027777777777778,0.05555555555555555,0.041666666666666664,0.041666666666666664,0.027777777777777776,0.009259259259259259,0.09116080132828788,align_x_vol:with_trend|vol_extreme
3,4.0,14400,216,0.046296296296296294,-3.009457503602343,-3.085913455184224,-650.0428207781061,41.47572270712528,-34.319962568006986,26.001961897100546,2.6998138126406235,35.5,0.9444444444444444,0.041666666666666664,0.041666666666666664,0.041666666666666664,0.037037037037037035,0.027777777777777776,0.184796956905112,align_x_vol:with_trend|vol_extreme
3,4.0,86400,215,0.027906976744186046,-2.890549272173094,-3.1059404546824236,-621.4680935172152,52.94408815027777,-34.319962568006986,42.21327717560429,2.7020318292389907,35.0,0.9720930232558139,0.027906976744186046,0.027906976744186046,0.027906976744186046,0.027906976744186046,0.023255813953488372,0.2325450959849671,align_x_vol:with_trend|vol_extreme
3,6.0,900,78,0.11538461538461539,-3.9867832069293105,-3.328041098157123,-310.96909014048623,13.736906973030985,-29.101322941840728,9.753943243331634,3.903985126959525,21.0,0.8461538461538461,0.07692307692307693,0.05128205128205128,0.05128205128205128,0.05128205128205128,0.02564102564102564,0.1371364816777257,align_x_vol:with_trend|vol_extreme
3,6.0,3600,78,0.11538461538461539,-4.033697994070608,-3.361457275387331,-314.62844353750745,10.224616642157063,-29.101322941840728,18.757328212850236,3.903985126959525,21.0,0.8717948717948718,0.10256410256410256,0.08974358974358974,0.0641025641025641,0.0641025641025641,0.01282051282051282,0.13323319758232188,align_x_vol:with_trend|vol_extreme
3,6.0,14400,78,0.10256410256410256,-3.1810973404400955,-3.361457275387331,-248.12559255432745,41.47572270712528,-29.101322941840728,25.338010833789426,3.903985126959525,21.0,0.8846153846153846,0.10256410256410256,0.08974358974358974,0.07692307692307693,0.0641025641025641,0.038461538461538464,0.32114616099646937,align_x_vol:with_trend|vol_extreme
3,6.0,86400,77,0.05194805194805195,-3.310153714034156,-3.5333567432675705,-254.88183598063,48.201696046418796,-29.101322941840728,38.22354294379768,3.9258168786863807,20.0,0.935064935064935,0.05194805194805195,0.05194805194805195,0.05194805194805195,0.05194805194805195,0.03896103896103896,0.32823248451608456,align_x_vol:with_trend|vol_extreme
5,4.0,900,170,0.13529411764705881,-2.2363016404772655,-2.737996686715424,-380.17127888113515,22.65705472102922,-16.66902732996796,7.814325527814221,2.5061103562075724,58.0,0.7941176470588235,0.12352941176470589,0.10588235294117647,0.08235294117647059,0.058823529411764705,0.029411764705882353,0.2771508774521912,align_x_vol:with_trend|vol_extreme
5,4.0,3600,170,0.1,-2.5106373475775987,-2.8637113170511093,-426.8083490881918,32.41817824357209,-16.66902732996796,15.056406374816477,2.5061103562075724,58.0,0.8764705882352941,0.08235294117647059,0.07058823529411765,0.07058823529411765,0.052941176470588235,0.029411764705882353,0.23283111844139726,align_x_vol:with_trend|vol_extreme
5,4.0,14400,170,0.06470588235294118,-2.1932002909360855,-2.897109216184056,-372.8440494591345,72.8514514594125,-16.66902732996796,23.415305436218123,2.5061103562075724,58.0,0.9235294117647059,0.06470588235294118,0.06470588235294118,0.058823529411764705,0.047058823529411764,0.03529411764705882,0.35900162859981993,align_x_vol:with_trend|vol_extreme
5,4.0,86400,169,0.03550295857988166,-2.9658830621735786,-2.931654745199614,-501.23423750733474,36.744052512347615,-16.66902732996796,40.57773755292953,2.508161586734055,58.0,0.9585798816568047,0.03550295857988166,0.03550295857988166,0.029585798816568046,0.029585798816568046,0.023668639053254437,0.1710238150821287,align_x_vol:with_trend|vol_extreme
5,6.0,900,66,0.12121212121212122,-2.8951095036507586,-2.8925744019349406,-191.07722724095007,22.65705472102922,-26.178555844215566,7.953479376841114,3.227563391699639,65.0,0.7727272727272727,0.09090909090909091,0.09090909090909091,0.09090909090909091,0.07575757575757576,0.045454545454545456,0.2656667315771025,align_x_vol:with_trend|vol_extreme
5,6.0,3600,66,0.10606060606060606,-3.3409575400493488,-3.100212771789203,-220.503197643257,20.67384493678308,-26.178555844215566,15.56048230649464,3.227563391699639,65.0,0.8787878787878788,0.09090909090909091,0.07575757575757576,0.07575757575757576,0.06060606060606061,0.045454545454545456,0.1898871074200349,align_x_vol:with_trend|vol_extreme
5,6.0,14400,66,0.09090909090909091,-3.2157442951537383,-3.155957248125816,-212.23912348014673,21.167515408637943,-26.178555844215566,21.206474041589512,3.227563391699639,65.0,0.8939393939393939,0.09090909090909091,0.09090909090909091,0.07575757575757576,0.045454545454545456,0.030303030303030304,0.22845397353914754,align_x_vol:with_trend|vol_extreme
5,6.0,86400,66,0.06060606060606061,-3.5539290479464327,-3.155957248125816,-234.55931716446455,25.283074401730214,-26.178555844215566,31.390157693630396,3.227563391699639,65.0,0.9242424242424242,0.06060606060606061,0.06060606060606061,0.045454545454545456,0.045454545454545456,0.030303030303030304,0.16643586988764772,align_x_vol:with_trend|vol_extreme
10,4.0,900,128,0.234375,-1.1400997094882241,-2.2941153812195494,-145.9327628144927,30.169747116673683,-24.59506011038262,9.540152012759822,2.055234480337786,123.5,0.71875,0.1875,0.1484375,0.109375,0.1015625,0.046875,0.5573280566002051,align_x_vol:with_trend|vol_extreme
10,4.0,3600,128,0.1640625,-1.15051215219932,-2.3116822605302847,-147.26555548151296,36.41521404907174,-24.59506011038262,18.997176791932894,2.055234480337786,123.5,0.7890625,0.140625,0.1171875,0.109375,0.09375,0.0390625,0.5809256118135093,align_x_vol:with_trend|vol_extreme
10,4.0,14400,128,0.171875,-0.1962684755203589,-2.3199703441469453,-25.12236486660594,49.27978868948968,-24.59506011038262,24.950483777272794,2.055234480337786,123.5,0.8203125,0.15625,0.1484375,0.140625,0.1328125,0.09375,0.9294653804360099,align_x_vol:with_trend|vol_extreme
10,4.0,86400,127,0.11023622047244094,0.3505940021528749,-2.4477177362541793,44.52543827341511,100.3999811772251,-24.59506011038262,40.73701254140835,2.0653338959807304,123.0,0.889763779527559,0.11023622047244094,0.11023622047244094,0.10236220472440945,0.10236220472440945,0.07874015748031496,1.1183493751469467,align_x_vol:with_trend|vol_extreme
10,6.0,900,49,0.3469387755102041,-1.216784081186187,-1.6113589069564866,-59.62241997812316,10.355409573335942,-14.981077731710595,5.7658280826791195,2.0281235929166797,342.0,0.5714285714285714,0.22448979591836735,0.16326530612244897,0.12244897959183673,0.10204081632653061,0.02040816326530612,0.4795851410858763,align_x_vol:with_trend|vol_extreme
10,6.0,3600,49,0.2653061224489796,-1.5236109132049613,-1.9357711140343465,-74.65693474704311,8.159833542185288,-14.981077731710595,8.623497578050312,2.0281235929166797,342.0,0.6530612244897959,0.22448979591836735,0.16326530612244897,0.14285714285714285,0.08163265306122448,0.0,0.3938041100357826,align_x_vol:with_trend|vol_extreme
10,6.0,14400,49,0.2653061224489796,-0.08183224665273114,-1.9768432685344162,-4.009780085983826,34.58670400810865,-14.981077731710595,12.405891078296774,2.0281235929166797,342.0,0.7142857142857143,0.22448979591836735,0.22448979591836735,0.1836734693877551,0.12244897959183673,0.061224489795918366,0.9684509311696006,align_x_vol:with_trend|vol_extreme
10,6.0,86400,48,0.14583333333333334,-0.42003741502368913,-2.0945573053220423,-20.161795921137077,46.972923992136444,-14.981077731710595,21.44363814157157,2.0450938043680793,332.0,0.8333333333333334,0.14583333333333334,0.14583333333333334,0.14583333333333334,0.14583333333333334,0.08333333333333333,0.8543145378550105,align_x_vol:with_trend|vol_extreme
3,4.0,900,648,0.11419753086419752,-1.9853651519182771,-2.2992726270704273,-1286.5166184430436,22.294885045062014,-12.156429319765115,3.7839256177753393,1.8597914148236334,153.0,0.7345679012345679,0.07253086419753087,0.06172839506172839,0.04938271604938271,0.029320987654320986,0.013888888888888888,0.18805257902647554,align_x_vol:with_trend|vol_high
3,4.0,3600,646,0.0913312693498452,-1.7723649502078733,-2.355910373167779,-1144.9477578342862,70.99323858244017,-12.156429319765115,7.74966133197721,1.861301510190951,149.0,0.8668730650154799,0.07430340557275542,0.0696594427244582,0.06191950464396285,0.04489164086687306,0.030959752321981424,0.32410344143731395,align_x_vol:with_trend|vol_high
3,4.0,14400,644,0.08074534161490683,-1.2988370677627907,-2.3811747981837916,-836.4510716392373,50.829805689624344,-12.156429319765115,18.07359005082914,1.861350634291127,145.5,0.9130434782608695,0.07453416149068323,0.06832298136645963,0.06521739130434782,0.055900621118012424,0.049689440993788817,0.5203505521675468,align_x_vol:with_trend|vol_high
3,4.0,86400,627,0.022328548644338118,-1.817782279863875,-2.4569132990577924,-1139.7494894746496,75.4288764133484,-12.156429319765115,36.500372533856755,1.8682790349618787,127.0,0.9776714513556619,0.022328548644338118,0.022328548644338118,0.022328548644338118,0.022328548644338118,0.022328548644338118,0.37407572324614496,align_x_vol:with_trend|vol_high
3,6.0,900,212,0.09905660377358491,-2.3973290501358284,-2.7463694839476043,-508.23375862879567,20.849059890525766,-12.156429319765115,3.9252362467801722,2.289659722566909,122.0,0.7169811320754716,0.07075471698113207,0.06132075471698113,0.05188679245283019,0.02830188679245283,0.009433962264150943,0.1590619872297128,align_x_vol:with_trend|vol_high
3,6.0,3600,212,0.09433962264150944,-2.425685764797793,-2.7946802003875058,-514.2453821371322,27.5842234356989,-12.156429319765115,7.088152762449404,2.289659722566909,122.0,0.8537735849056604,0.08490566037735849,0.0660377358490566,0.05660377358490566,0.02830188679245283,0.018867924528301886,0.19366647449322566,align_x_vol:with_trend|vol_high
3,6.0,14400,211,0.07582938388625593,-2.050613206530037,-2.8475366175301837,-432.6793865778378,32.20176241097493,-12.156429319765115,14.660054001099809,2.286065493731604,122.0,0.9146919431279621,0.05687203791469194,0.052132701421800945,0.052132701421800945,0.052132701421800945,0.04739336492890995,0.3458227900237212,align_x_vol:with_trend|vol_high
3,6.0,86400,206,0.024271844660194174,-2.194494076831658,-2.9463895172660157,-452.0657798273216,66.41730408946546,-12.156429319765115,31.17386953958195,2.2985438481588183,112.0,0.9757281553398058,0.024271844660194174,0.024271844660194174,0.024271844660194174,0.024271844660194174,0.024271844660194174,0.33994089070972827,align_x_vol:with_trend|vol_high
5,4.0,900,480,0.13333333333333333,-1.9468592329262462,-2.3246304845760593,-934.4924318045981,20.849059890525766,-11.123859178531566,4.000973272445585,1.94899755240944,185.5,0.7229166666666667,0.08958333333333333,0.075,0.052083333333333336,0.027083333333333334,0.014583333333333334,0.20574628508305748,align_x_vol:with_trend|vol_high
5,4.0,3600,480,0.10208333333333333,-1.866353124842186,-2.412806276859067,-895.8494999242494,31.1822461305514,-11.123859178531566,7.750840209596911,1.94899755240944,185.5,0.8708333333333333,0.08541666666666667,0.07708333333333334,0.07083333333333333,0.05416666666666667,0.03333333333333333,0.30459449907401337,align_x_vol:with_trend|vol_high
5,4.0,14400,478,0.08577405857740586,-1.1912134327185544,-2.4309736622830362,-569.400020839469,54.984722523737695,-11.123859178531566,18.329951091881828,1.9494306653905078,183.0,0.9142259414225942,0.07740585774058577,0.06694560669456066,0.06694560669456066,0.06694560669456066,0.058577405857740586,0.5705711860332342,align_x_vol:with_trend|vol_high
5,4.0,86400,462,0.01948051948051948,-2.0488593903478574,-2.5622656852666372,-946.5730383407101,60.33003523785517,-11.123859178531566,36.770444150403954,1.961311503224965,158.5,0.9805194805194806,0.01948051948051948,0.01948051948051948,0.01948051948051948,0.01948051948051948,0.01948051948051948,0.3153131496798266,align_x_vol:with_trend|vol_high
5,6.0,900,150,0.14666666666666667,-2.3670350843831174,-2.3146986649467474,-355.0552626574676,9.070812271141373,-11.6878641543352,4.313762409121106,2.395585045470703,203.5,0.6666666666666666,0.1,0.09333333333333334,0.06,0.02666666666666667,0.0,0.16016929194940427,align_x_vol:with_trend|vol_high
5,6.0,3600,150,0.12,-2.4337188237027862,-2.5755333386071992,-365.05782355541794,14.868652794017393,-11.6878641543352,7.765840349908262,2.395585045470703,203.5,0.8266666666666667,0.11333333333333333,0.08666666666666667,0.07333333333333333,0.04666666666666667,0.02,0.20980827268052704,align_x_vol:with_trend|vol_high
5,6.0,14400,150,0.11333333333333333,-1.8917364118185378,-2.625303863493423,-283.7604617727807,25.118722029903715,-11.6878641543352,15.450495289474727,2.395585045470703,203.5,0.8866666666666667,0.09333333333333334,0.08666666666666667,0.08,0.07333333333333333,0.06,0.4075566356825624,align_x_vol:with_trend|vol_high
5,6.0,86400,144,0.041666666666666664,-1.9984786638067524,-2.677987725877875,-287.78092758817235,62.871135423854334,-11.6878641543352,29.479751016579964,2.4262173385912655,166.0,0.9583333333333334,0.041666666666666664,0.041666666666666664,0.041666666666666664,0.041666666666666664,0.034722222222222224,0.4194201027650897,align_x_vol:with_trend|vol_high
10,4.0,900,325,0.18769230769230769,-1.6031390537904249,-2.17514653620349,-521.0201924818881,29.222209584250187,-20.372392340002722,4.02663693631808,1.8311333951723827,301.0,0.6584615384615384,0.12615384615384614,0.08923076923076922,0.06153846153846154,0.03076923076923077,0.009230769230769232,0.2807400682632269,align_x_vol:with_trend|vol_high
10,4.0,3600,325,0.13538461538461538,-1.6625024679838418,-2.2575520377731326,-540.3133020947486,40.44382527756258,-20.372392340002722,7.6532312759222725,1.8311333951723827,301.0,0.8215384615384616,0.12,0.09846153846153846,0.08,0.052307692307692305,0.021538461538461538,0.32782776105066963,align_x_vol:with_trend|vol_high
10,4.0,14400,323,0.09907120743034056,-1.290336515107833,-2.318650983077032,-416.7786943798301,36.059369034884625,-20.372392340002722,16.3411999774798,1.8313552318710915,299.0,0.8978328173374613,0.08668730650154799,0.07430340557275542,0.07430340557275542,0.07120743034055728,0.05263157894736842,0.5140086108402809,align_x_vol:with_trend|vol_high
10,4.0,86400,311,0.03536977491961415,-1.574562159921265,-2.3444723108113394,-489.68883173551336,75.42974217479336,-20.372392340002722,31.580839506337888,1.8409949430197277,256.0,0.9646302250803859,0.03536977491961415,0.03536977491961415,0.03536977491961415,0.03215434083601286,0.028938906752411574,0.44444986772832096,align_x_vol:with_trend|vol_high
10,6.0,900,97,0.21649484536082475,-1.4390262555146824,-1.6794948613344003,-139.5855467849242,28.569171522718502,-20.372392340002722,4.08967895158173,1.8988778959411403,516.0,0.5360824742268041,0.12371134020618557,0.09278350515463918,0.061855670103092786,0.020618556701030927,0.010309278350515464,0.33476299099508305,align_x_vol:with_trend|vol_high
10,6.0,3600,97,0.20618556701030927,-1.3176842275977763,-2.018890351504368,-127.8153700769843,18.560534669124255,-20.372392340002722,7.15178612111295,1.8988778959411403,516.0,0.7319587628865979,0.17525773195876287,0.14432989690721648,0.12371134020618557,0.07216494845360824,0.030927835051546393,0.45703604422807836,align_x_vol:with_trend|vol_high
10,6.0,14400,97,0.15463917525773196,-1.4270621645809036,-2.1090203992317353,-138.42502996434766,21.546217495758206,-20.372392340002722,11.564798713349635,1.8988778959411403,516.0,0.8350515463917526,0.13402061855670103,0.12371134020618557,0.1134020618556701,0.07216494845360824,0.041237113402061855,0.45890233317691753,align_x_vol:with_trend|vol_high
10,6.0,86400,93,0.07526881720430108,-1.7352943615568295,-2.1571591326107526,-161.38237562478514,44.39688984480306,-20.372392340002722,23.18980461620247,1.9194267118666135,468.0,0.9247311827956989,0.07526881720430108,0.06451612903225806,0.06451612903225806,0.053763440860215055,0.03225806451612903,0.39498161477228033,align_x_vol:with_trend|vol_high
3,4.0,900,2257,0.14532565352237484,-1.45888011274319,-2.1081780377612334,-3292.69241446138,25.26605200857959,-22.172341616376272,2.503453948881948,1.4873030490839323,626.0,0.5680106335844041,0.08329641116526362,0.05316792202038104,0.03677447939743022,0.020824102791315906,0.007089056269384138,0.1977971553057315,align_x_vol:with_trend|vol_normal
3,4.0,3600,2242,0.14852809991079394,-1.497006649745098,-2.1387084181221323,-3356.28890872851,36.20238958496614,-22.172341616376272,4.829622818140395,1.4887451616760066,614.0,0.7631578947368421,0.09946476360392506,0.0704727921498662,0.05129348795718109,0.03612845673505798,0.015165031222123104,0.27345285114064216,align_x_vol:with_trend|vol_normal
3,4.0,14400,2222,0.09585958595859587,-1.4530530820592134,-2.1893749790318005,-3228.683948335572,73.43934972220194,-22.172341616376272,10.191508242380799,1.4907202585091575,606.5,0.8915391539153915,0.0891089108910891,0.0711071107110711,0.05895589558955896,0.04275427542754275,0.0279027902790279,0.36744054222430955,align_x_vol:with_trend|vol_normal
3,4.0,86400,2162,0.02358926919518964,-1.5521427229120277,-2.2346149383532445,-3355.732566935804,92.14605206597459,-22.172341616376272,27.359198769678716,1.4896550958707646,563.0,0.9754856614246068,0.022201665124884366,0.021739130434782608,0.02127659574468085,0.020814061054579093,0.020351526364477335,0.37882503047874694,align_x_vol:with_trend|vol_normal
3,6.0,900,779,0.14249037227214378,-1.7567538805970853,-2.116832582229044,-1368.5112729851294,13.626608276374636,-22.172341616376272,2.421401536707691,1.7430746378421775,638.0,0.5622593068035944,0.07445442875481387,0.05006418485237484,0.03080872913992298,0.01668806161745828,0.0025673940949935813,0.14305840765498617,align_x_vol:with_trend|vol_normal
3,6.0,3600,772,0.14637305699481865,-1.851569366966249,-2.3022567251953605,-1429.4115512979442,12.978252144426584,-22.172341616376272,4.340036825575647,1.746928852254101,628.0,0.7448186528497409,0.09196891191709844,0.05958549222797927,0.04533678756476684,0.029792746113989636,0.009067357512953367,0.18603682282382775,align_x_vol:with_trend|vol_normal
3,6.0,14400,764,0.10732984293193717,-1.8548908916173121,-2.3654499821352664,-1417.1366411956265,25.56359996884643,-22.172341616376272,9.36189107837323,1.7504422462903177,618.0,0.8704188481675392,0.09554973821989529,0.07329842931937172,0.056282722513089,0.03664921465968586,0.02225130890052356,0.2556997523547048,align_x_vol:with_trend|vol_normal
3,6.0,86400,741,0.0310391363022942,-1.4085771278244728,-2.4287970220368647,-1043.7556517179344,62.85949367941227,-22.172341616376272,27.322073272401266,1.746613054461804,584.0,0.9662618083670715,0.02834008097165992,0.02699055330634278,0.02564102564102564,0.02564102564102564,0.02564102564102564,0.48482319848191296,align_x_vol:with_trend|vol_normal
5,4.0,900,1567,0.1614550095724314,-1.4270392939224568,-2.111219613546626,-2236.17057357649,25.26605200857959,-22.172341616376272,2.6244553483051534,1.5510374123059951,658.0,0.5583918315252074,0.09125717932354818,0.058710912571793235,0.042118698149329926,0.025526483726866625,0.008934269304403318,0.2278445506377292,align_x_vol:with_trend|vol_normal
5,4.0,3600,1556,0.15424164524421594,-1.4882313738325381,-2.177060248798735,-2315.6880176834293,42.582281193909324,-22.172341616376272,4.756707180386551,1.5521446286977312,650.0,0.7506426735218509,0.10604113110539845,0.07262210796915167,0.05848329048843188,0.04048843187660668,0.017352185089974295,0.2908139191971698,align_x_vol:with_trend|vol_normal
5,4.0,14400,1538,0.09362808842652796,-1.491086828531659,-2.243091636767149,-2293.2915422816914,73.43934972220194,-22.172341616376272,10.002313222322327,1.555854437703769,637.5,0.8901170351105332,0.0858257477243173,0.06827048114434331,0.05266579973992198,0.03901170351105332,0.027958387516254877,0.3680199656276645,align_x_vol:with_trend|vol_normal
5,4.0,86400,1497,0.025384101536406144,-1.5775165911788764,-2.3022333627834213,-2361.542336994778,62.85949367941227,-22.172341616376272,26.98947376252028,1.5548602022854456,612.0,0.9732798931195725,0.022044088176352707,0.020708082832331328,0.020708082832331328,0.020708082832331328,0.020708082832331328,0.3843222081316609,align_x_vol:with_trend|vol_normal
5,6.0,900,512,0.1328125,-1.8207215897640645,-2.1724915960556688,-932.209453959201,13.626608276374636,-22.172341616376272,2.4895625174243725,1.8084781163803199,671.5,0.5625,0.076171875,0.0546875,0.033203125,0.013671875,0.005859375,0.14108836484271936,align_x_vol:with_trend|vol_normal
5,6.0,3600,509,0.14734774066797643,-1.902217871617016,-2.316399994522906,-968.2288966530612,27.866619060612333,-22.172341616376272,4.404935005231835,1.8096895956738077,653.0,0.7465618860510805,0.08644400785854617,0.05304518664047151,0.03732809430255403,0.023575638506876228,0.011787819253438114,0.18790842736882468,align_x_vol:with_trend|vol_normal
5,6.0,14400,501,0.10778443113772455,-1.8375254455810204,-2.402517201248504,-920.6002482360913,51.909530466576086,-22.172341616376272,8.501671777066475,1.8187307720624224,628.0,0.8602794411177644,0.09580838323353294,0.07984031936127745,0.05588822355289421,0.03992015968063872,0.021956087824351298,0.27867068277793666,align_x_vol:with_trend|vol_normal
5,6.0,86400,484,0.026859504132231406,-1.6879374855258376,-2.4802168224744428,-816.9617429945054,61.392695550546776,-22.172341616376272,23.955037424386862,1.8148437625127203,578.5,0.96900826446281,0.022727272727272728,0.02066115702479339,0.02066115702479339,0.02066115702479339,0.02066115702479339,0.40192404912802354,align_x_vol:with_trend|vol_normal
10,4.0,900,976,0.19057377049180327,-1.2922036614628618,-2.106071444709573,-1261.190773587753,25.26605200857959,-20.080895035847952,2.9693132470001857,1.56126258192882,697.0,0.5563524590163934,0.11577868852459017,0.07889344262295082,0.05942622950819672,0.03278688524590164,0.011270491803278689,0.2973371295755222,align_x_vol:with_trend|vol_normal
10,4.0,3600,969,0.17750257997936017,-1.3035020528983743,-2.1643165982740507,-1263.0934892585246,43.2138408768955,-20.080895035847952,5.091225328979517,1.56165405521315,691.0,0.7368421052631579,0.13003095975232198,0.09700722394220847,0.07739938080495357,0.05056759545923633,0.02063983488132095,0.3723293734359123,align_x_vol:with_trend|vol_normal
10,4.0,14400,959,0.11574556830031282,-1.285898918605666,-2.261970867056166,-1233.1770629428336,69.72568570215843,-20.080895035847952,10.080185905021429,1.5659528744967852,678.0,0.8665276329509907,0.10636079249217935,0.0886339937434828,0.07194994786235662,0.053180396246089674,0.0364963503649635,0.44621345157199827,align_x_vol:with_trend|vol_normal
10,4.0,86400,921,0.02823018458197611,-1.4107047797291146,-2.3369565237072765,-1299.2591021305145,63.78486204490329,-20.080895035847952,27.947264992764154,1.5679855273366128,617.0,0.9695982627578719,0.02714440825190011,0.02714440825190011,0.026058631921824105,0.026058631921824105,0.026058631921824105,0.4516478600775464,align_x_vol:with_trend|vol_normal
10,6.0,900,302,0.2251655629139073,-1.393002052587988,-1.9340797426297196,-420.68661988157237,14.463386973087275,-20.080895035847952,3.1197837479134383,1.754911435978382,801.0,0.5264900662251656,0.1456953642384106,0.09933774834437085,0.056291390728476824,0.026490066225165563,0.006622516556291391,0.2834594781698679,align_x_vol:with_trend|vol_normal
10,6.0,3600,302,0.17549668874172186,-1.5435340458041087,-2.222982544742811,-466.1472818328408,16.30590177386925,-20.080895035847952,4.917782192780868,1.754911435978382,801.0,0.7317880794701986,0.1423841059602649,0.10596026490066225,0.08278145695364239,0.052980132450331126,0.016556291390728478,0.31529983230516156,align_x_vol:with_trend|vol_normal
10,6.0,14400,298,0.13087248322147652,-1.3853086676700612,-2.344312696994722,-412.8219829656782,28.12976193179834,-20.080895035847952,9.768470137733882,1.7657887136967323,772.5,0.8456375838926175,0.12416107382550336,0.1040268456375839,0.08389261744966443,0.053691275167785234,0.04697986577181208,0.4447860105586622,align_x_vol:with_trend|vol_normal
10,6.0,86400,286,0.045454545454545456,-0.8258272590901369,-2.443787755331702,-236.18659609977914,60.816340432587424,-20.080895035847952,25.07878704003035,1.7902367599083915,719.5,0.9475524475524476,0.045454545454545456,0.045454545454545456,0.04195804195804196,0.04195804195804196,0.04195804195804196,0.6995362020519135,align_x_vol:with_trend|vol_normal
3,4.0,900,5045,0.14608523290386521,-1.3847808025367045,-2.1038035689450276,-6986.219148797674,22.803813770718616,-9.362404173360323,1.6886831717482764,1.3618146411780956,877.0,0.5050545094152626,0.07056491575817642,0.038850346878097124,0.023785926660059464,0.009316154608523291,0.0015857284440039642,0.14812404802459517,selection:control
3,4.0,3600,5019,0.15760111576011157,-1.4480176376334841,-2.1223381405338397,-7267.600523282457,31.315546490064047,-9.362404173360323,3.289560756700615,1.3625420999442277,868.0,0.7312213588364216,0.10360629607491532,0.06993424985056784,0.049013747758517634,0.026897788404064555,0.007172743574417215,0.23542086442764118,selection:control
3,4.0,14400,4986,0.10248696349779382,-1.428052518974149,-2.160585970748661,-7120.269859605107,52.40286643678597,-9.362404173360323,6.702927018399133,1.3615166790058972,854.0,0.8752507019655034,0.0900521460088247,0.0748094665062174,0.0609707180104292,0.040312876052948254,0.023666265543521862,0.3351024391424093,selection:control
3,4.0,86400,4876,0.025635767022149304,-1.8097350370142713,-2.197734402916992,-8824.268040481587,78.27553401678033,-9.362404173360323,16.213848067763813,1.3595304143832805,807.0,0.9735438884331419,0.024405250205086135,0.02276456111566858,0.02132895816242822,0.017227235438884332,0.014971287940935192,0.23664821047477994,selection:control
3,6.0,900,1695,0.13038348082595871,-1.633269322925065,-2.103009027081132,-2768.3915023579852,13.066711619175795,-9.362404173360323,1.7428915964459106,1.6125059978129037,900.0,0.4896755162241888,0.06371681415929203,0.035398230088495575,0.023008849557522124,0.008849557522123894,0.0017699115044247787,0.11994532451771571,selection:control
3,6.0,3600,1685,0.14955489614243322,-1.7216893127029136,-2.1648338617167973,-2901.0464919044093,17.40550173338798,-9.362404173360323,3.116292752622213,1.6145567078960192,952.0,0.7103857566765579,0.09258160237388724,0.058160237388724036,0.037388724035608306,0.02314540059347181,0.005341246290801187,0.18083383895003954,selection:control
3,6.0,14400,1667,0.10377924415116976,-1.806076198851132,-2.2489172555299364,-3010.729023484837,49.70391981255131,-9.362404173360323,6.092059723905994,1.6165155816675936,910.0,0.862627474505099,0.08278344331133773,0.06718656268746251,0.04859028194361128,0.03179364127174565,0.01859628074385123,0.23711690473097607,selection:control
3,6.0,86400,1630,0.02147239263803681,-2.20204941159282,-2.3239439520584098,-3589.3405408962963,70.68488183722664,-9.362404173360323,15.12034974237697,1.6111817416374568,870.0,0.9773006134969325,0.01901840490797546,0.01717791411042945,0.015337423312883436,0.013496932515337423,0.011042944785276074,0.16334821619952283,selection:control
5,4.0,900,3447,0.15926892950391644,-1.3680556267905637,-2.0761243618815115,-4715.687745547073,13.162386611369774,-10.697096455052232,1.8142512371250057,1.4246697087094822,900.0,0.4911517261386713,0.07716855236437482,0.04235567159849144,0.027270089933275312,0.011314186248912098,0.0023208587177255585,0.16661572892258733,selection:control
5,4.0,3600,3431,0.1643835616438356,-1.4374399250021286,-2.1421315035615676,-4931.856382682303,16.65904294466388,-10.697096455052232,3.3912998206369123,1.4251935770258468,949.0,0.7236957155348295,0.10929758088020985,0.07636257650830662,0.053045759253861846,0.02972894199941708,0.009326726901777908,0.25397540853596107,selection:control
5,4.0,14400,3402,0.10376249265138154,-1.4322749895139504,-2.1893749790318005,-4872.599514326459,52.40286643678597,-10.697096455052232,6.916921846549083,1.4250595124162064,917.0,0.873015873015873,0.08877131099353322,0.07671957671957672,0.06231628453850676,0.041740152851263965,0.026748971193415638,0.35005837225542924,selection:control
5,4.0,86400,3325,0.024360902255639097,-1.8753253861207761,-2.229841457510866,-6235.456908851581,71.88040700901627,-10.697096455052232,16.304463266676425,1.4232670824290254,858.0,0.9750375939849624,0.022556390977443608,0.02075187969924812,0.020150375939849623,0.01744360902255639,0.014736842105263158,0.23139437571344776,selection:control
5,6.0,900,1049,0.12488083889418494,-1.7251170918726049,-2.1099457703032836,-1809.6478293743626,13.066711619175795,-10.697096455052232,1.8760627024130168,1.6978835152929344,861.0,0.5109628217349858,0.05910390848427073,0.03813155386081983,0.02478551000953289,0.00667302192564347,0.0009532888465204957,0.11137999410200008,selection:control
5,6.0,3600,1044,0.14559386973180077,-1.7919747799554933,-2.230598561773106,-1870.821670273535,14.868652794017393,-10.697096455052232,3.1452419929614748,1.6991642448317463,838.5,0.7174329501915708,0.0871647509578544,0.05842911877394636,0.035440613026819924,0.022988505747126436,0.008620689655172414,0.17839051749311477,selection:control
5,6.0,14400,1033,0.10842207163601161,-1.776540352780021,-2.311114363887287,-1835.1661844217617,49.70391981255131,-10.697096455052232,6.112388319522136,1.700905571062441,810.0,0.850919651500484,0.08809293320425944,0.0755082284607938,0.057115198451113264,0.03581800580832527,0.021297192642787996,0.26410856096664714,selection:control
5,6.0,86400,1007,0.026812313803376366,-2.198312308712459,-2.3992885974637534,-2213.7004948734466,70.68488183722664,-10.697096455052232,14.865308138065535,1.6938895078247282,774.0,0.971201588877855,0.023833167825223437,0.020854021847070508,0.018867924528301886,0.016881827209533268,0.011916583912611719,0.1859123221656668,selection:control
10,4.0,900,1997,0.1887831747621432,-1.2651838934083215,-1.8112477061124301,-2526.572235136418,12.948296023387101,-10.860685185466062,2.0721122964862695,1.4463543548082498,900.0,0.4742113169754632,0.100150225338007,0.058587881822734104,0.037055583375062595,0.014021031547320982,0.0015022533800701052,0.211933617179148,selection:control
10,4.0,3600,1987,0.1902365374937091,-1.3209084994025109,-2.1317880044314337,-2624.6451883127893,16.879871444038,-10.860685185466062,3.540091074530499,1.4464881090079293,1043.0,0.6950176144942124,0.1338701560140916,0.09662808253648716,0.06441872169099144,0.034222445898339206,0.007045797684952189,0.30060898190542173,selection:control
10,4.0,14400,1973,0.11860111505321845,-1.364732494442507,-2.1994288315991084,-2692.6172115350664,49.70391981255131,-10.860685185466062,6.822479363488956,1.447933173635471,1014.0,0.8504815002534212,0.10238215914850482,0.08768373035985809,0.07247845919918905,0.0496705524581855,0.027876330461226558,0.3753667593320934,selection:control
10,4.0,86400,1915,0.029765013054830286,-1.79419384968248,-2.2525395778364,-3435.8812221419494,70.94564138542381,-10.860685185466062,16.06297879687944,1.4480948870656043,929.0,0.9691906005221932,0.028198433420365536,0.027154046997389034,0.025065274151436032,0.022454308093994776,0.017754569190600523,0.2682422323262942,selection:control
10,6.0,900,558,0.20430107526881722,-1.3869962154815518,-1.5462968338424983,-773.9438882387059,9.17121831966102,-8.540952142767033,2.305894478757661,1.6241449041568723,900.0,0.44086021505376344,0.1003584229390681,0.06093189964157706,0.034050179211469536,0.008960573476702509,0.0,0.18929982766462822,selection:control
10,6.0,3600,557,0.19030520646319568,-1.5440292924882455,-2.1280296369309544,-860.0243159159528,14.820432061552463,-8.540952142767033,3.466673455385522,1.6248282082052876,1272.0,0.6714542190305206,0.1310592459605027,0.08797127468581688,0.06104129263913824,0.02333931777378815,0.003590664272890485,0.2419585404492289,selection:control
10,6.0,14400,553,0.14285714285714285,-1.4216636721445917,-2.227005276967326,-786.1800106959591,24.70639100716193,-8.540952142767033,6.346112133106449,1.6283158905181379,1268.0,0.8155515370705244,0.12658227848101267,0.10488245931283906,0.0867992766726944,0.05605786618444846,0.027124773960216998,0.38173684855775303,selection:control
10,6.0,86400,532,0.045112781954887216,-1.377610525883041,-2.3503355404408697,-732.8887997697777,70.68488183722664,-8.540952142767033,15.024396860060602,1.6318866024724987,1175.5,0.9511278195488722,0.043233082706766915,0.039473684210526314,0.03759398496240601,0.03571428571428571,0.02631578947368421,0.470309095643514,selection:control
3,4.0,900,3572,0.14165733482642778,-1.8962037361359718,-2.324404394795022,-6773.239745477691,27.306886878742823,-42.719532096595856,4.06686354586119,1.9134701420529523,188.0,0.7102463605823068,0.09518477043673013,0.06802911534154535,0.05235162374020157,0.03303471444568869,0.012038073908174692,0.20792516438559894,selection:extreme
3,4.0,3600,3567,0.11942809083263246,-1.7294474932957091,-2.4201418471178036,-6168.939208585794,134.89683976886445,-42.719532096595856,8.046188723926848,1.9145683284674953,187.0,0.8441267171292403,0.09700028034763106,0.08298289879450518,0.07092795065881694,0.05326604990187833,0.02803476310625175,0.3388940999215723,selection:extreme
3,4.0,14400,3558,0.0775716694772344,-1.4319482104786896,-2.458730519693715,-5094.871732883177,138.8810216115046,-42.719532096595856,17.32062129644416,1.9142767570595947,184.0,0.9165261382799326,0.07279370432827431,0.06857785272625071,0.06492411467116357,0.05564924114671164,0.040753232152894885,0.48414196806205934,selection:extreme
3,4.0,86400,3524,0.047105561861521,-0.20453364749846856,-2.4917375971364093,-720.7765737846032,218.646025941726,-42.719532096595856,51.13595163117962,1.9138907326455956,176.5,0.95261066969353,0.047105561861521,0.046821793416572076,0.046821793416572076,0.046821793416572076,0.046538024971623154,0.9291213251149123,selection:extreme
3,6.0,900,1070,0.13925233644859814,-2.3218902109581445,-2.474317341752422,-2484.4225257252147,20.849059890525766,-29.101322941840728,3.887508881147051,2.3604992780778415,198.5,0.680373831775701,0.08411214953271028,0.06261682242990654,0.052336448598130844,0.03271028037383177,0.007476635514018692,0.1584290429695703,selection:extreme
3,6.0,3600,1068,0.13951310861423222,-2.1963219692230966,-2.5772389618626192,-2345.6718631302674,114.88276214375634,-29.101322941840728,7.602697077627525,2.362859763617313,197.0,0.8117977528089888,0.10580524344569288,0.08426966292134831,0.0702247191011236,0.047752808988764044,0.015917602996254682,0.25991056906041987,selection:extreme
3,6.0,14400,1064,0.08834586466165413,-2.0262309386913175,-2.6652785884180097,-2155.909718767562,109.91479247451863,-29.101322941840728,14.999418359473989,2.364948030150898,195.0,0.9022556390977443,0.07894736842105263,0.07142857142857142,0.06766917293233082,0.05451127819548872,0.03477443609022556,0.3636001055681918,selection:extreme
3,6.0,86400,1056,0.06060606060606061,-0.17075126915613104,-2.7000424184901206,-180.31334022887438,176.27496788550232,-29.101322941840728,45.54157829596163,2.3657179884899167,193.5,0.9375,0.06060606060606061,0.06060606060606061,0.06060606060606061,0.06060606060606061,0.05965909090909091,0.9482213163564246,selection:extreme
5,4.0,900,2548,0.16012558869701726,-1.7917252886208752,-2.331022014050288,-4565.31603540599,27.090653999145417,-22.172341616376272,4.050988638359759,1.9545384301304922,228.0,0.6919152276295133,0.11381475667189953,0.08320251177394035,0.06043956043956044,0.040031397174254316,0.015306122448979591,0.24712181737303782,selection:extreme
5,4.0,3600,2544,0.14190251572327045,-1.578245159039043,-2.435850652366692,-4015.055684595325,114.88276214375634,-22.172341616376272,7.955885472471525,1.9558714095608327,228.0,0.8215408805031447,0.11438679245283019,0.09709119496855347,0.08490566037735849,0.06485849056603774,0.031446540880503145,0.3931647741497442,selection:extreme
5,4.0,14400,2535,0.09309664694280079,-1.252534139250177,-2.500468882202699,-3175.1740429991987,109.91479247451863,-22.172341616376272,16.84563028737791,1.9568308970090615,225.0,0.9013806706114399,0.08599605522682446,0.07928994082840236,0.07613412228796844,0.06666666666666667,0.04575936883629191,0.5506937816536674,selection:extreme
5,4.0,86400,2503,0.053535757091490214,-0.04254201315307181,-2.550053024944692,-106.48265892213874,200.01668992419587,-22.172341616376272,47.38529136419694,1.9570786381368221,216.0,0.9456652017578905,0.053535757091490214,0.053535757091490214,0.05313623651618058,0.05313623651618058,0.05233719536556133,0.9854292296736844,selection:extreme
5,6.0,900,722,0.14542936288088643,-2.3256419532347,-2.427214537583855,-1679.1134902354534,22.65705472102922,-26.178555844215566,3.999396957389773,2.4400028366459083,255.5,0.6689750692520776,0.10110803324099724,0.07617728531855955,0.05678670360110803,0.0332409972299169,0.0110803324099723,0.17699204442253583,selection:extreme
5,6.0,3600,722,0.14265927977839335,-2.212958793044173,-2.5745405710629212,-1597.7562485778928,105.54301488102463,-26.178555844215566,7.782057601870154,2.4400028366459083,255.5,0.8074792243767313,0.10664819944598337,0.0817174515235457,0.07202216066481995,0.05124653739612189,0.015235457063711912,0.27740613487982974,selection:extreme
5,6.0,14400,720,0.08888888888888889,-2.0673586824414323,-2.6850923945732887,-1488.4982513578314,93.375970656792,-26.178555844215566,14.68909027275845,2.444266905315419,253.0,0.8944444444444445,0.08194444444444444,0.07916666666666666,0.0763888888888889,0.058333333333333334,0.03611111111111111,0.36651856297206714,selection:extreme
5,6.0,86400,711,0.057665260196905765,-0.6671670383176318,-2.757599244453815,-474.3557642438362,125.31659279709187,-26.178555844215566,41.22421846035373,2.443714284327863,241.0,0.939521800281294,0.057665260196905765,0.057665260196905765,0.05625879043600562,0.05625879043600562,0.052039381153305204,0.8038828854455203,selection:extreme
10,4.0,900,1680,0.20595238095238094,-1.4127588196205212,-2.1450701522843483,-2373.4348169624755,30.169747116673683,-24.59506011038262,4.295964750525008,1.8200022642766815,354.0,0.6357142857142857,0.14702380952380953,0.10654761904761904,0.08392857142857142,0.0494047619047619,0.01607142857142857,0.3454816856078262,selection:extreme
10,4.0,3600,1678,0.16805721096543505,-1.3241313045542802,-2.289997850867707,-2221.892329042082,43.2138408768955,-24.59506011038262,8.173677989057719,1.8207419367457658,352.5,0.7932061978545888,0.13825983313468415,0.11561382598331346,0.1030989272943981,0.07926102502979737,0.03575685339690107,0.45565461534158286,selection:extreme
10,4.0,14400,1671,0.10712148414123279,-1.024192015164396,-2.3510104347475282,-1711.4248573397058,69.72568570215843,-24.59506011038262,15.846124235614075,1.8202176592049328,349.0,0.8850987432675045,0.09934171154997008,0.09096349491322561,0.08797127468581688,0.07480550568521843,0.05206463195691203,0.6104070330053103,selection:extreme
10,4.0,86400,1641,0.0603290676416819,0.03579421148253232,-2.3865086234510247,58.73830104283553,186.8737147257229,-24.59506011038262,43.94809300655336,1.819823128778974,325.0,0.9390615478366849,0.0603290676416819,0.0591102985984156,0.05850091407678245,0.05728214503351615,0.05301645338208409,1.012921797785141,selection:extreme
10,6.0,900,418,0.22488038277511962,-1.5077558950325813,-1.951229352643073,-630.241964123619,28.569171522718502,-20.372392340002722,3.8511937390157693,1.9511591382160949,535.0,0.583732057416268,0.15550239234449761,0.11004784688995216,0.07416267942583732,0.03827751196172249,0.009569377990430622,0.31589277435673047,selection:extreme
10,6.0,3600,418,0.1937799043062201,-1.5065522872855457,-2.1817094686305465,-629.7388560853581,39.38260890773274,-20.372392340002722,6.716053251343153,1.9511591382160949,535.0,0.7464114832535885,0.15550239234449761,0.1291866028708134,0.1076555023923445,0.07894736842105263,0.019138755980861243,0.3940737527867833,selection:extreme
10,6.0,14400,416,0.13701923076923078,-1.3722392901974472,-2.28232901544518,-570.851544722138,39.59846638333635,-20.372392340002722,12.058265170808792,1.9567488835046765,535.0,0.8461538461538461,0.12259615384615384,0.11057692307692307,0.0985576923076923,0.06490384615384616,0.04807692307692308,0.4933459637973355,selection:extreme
10,6.0,86400,410,0.09024390243902439,-0.010413502306032135,-2.3108531428035324,-4.269535945473176,93.62917167786276,-20.372392340002722,32.75528173911043,1.960682419497691,521.5,0.9048780487804878,0.08780487804878048,0.08780487804878048,0.08780487804878048,0.08536585365853659,0.06829268292682927,0.996347824795513,selection:extreme
3,4.0,900,2090,0.15454545454545454,-1.3463261652508174,-1.8249685490540763,-2813.8216853742083,22.803813770718616,-9.362404173360323,1.58273018182215,1.3568628054158733,900.0,0.47942583732057414,0.06507177033492823,0.03110047846889952,0.019617224880382776,0.007177033492822967,0.0009569377990430622,0.14014165190644617,selection_x_align:control|counter_trend
3,4.0,3600,2079,0.17075517075517074,-1.4185496044770567,-2.1280454116696483,-2949.1646277078007,31.315546490064047,-9.362404173360323,3.1920463277045443,1.3581455137100023,995.0,0.7190957190957191,0.11495911495911496,0.07696007696007696,0.04954304954304954,0.021164021164021163,0.006734006734006734,0.24173663409513862,selection_x_align:control|counter_trend
3,4.0,14400,2063,0.10615608337372757,-1.3521864403716402,-2.1666525423727685,-2789.5606264866938,50.0818920416819,-9.362404173360323,6.700219565613071,1.3547259994275482,975.0,0.8710615608337373,0.09840038778477944,0.08822103732428502,0.07077072224915172,0.04265632573921473,0.024236548715462918,0.3703672914797858,selection_x_align:control|counter_trend
3,4.0,86400,2010,0.023383084577114428,-1.8389763357911395,-2.208787810494123,-3696.3424349401903,78.27553401678033,-9.362404173360323,15.590630369161127,1.3512692426179123,908.0,0.9761194029850746,0.021890547263681594,0.020895522388059702,0.020398009950248756,0.01691542288557214,0.013930348258706468,0.22867610483616624,selection_x_align:control|counter_trend
3,6.0,900,665,0.14586466165413534,-1.5721594948248725,-1.603405568999877,-1045.4860640585403,9.454729003965017,-9.362404173360323,1.5718798473502174,1.6004145047994511,900.0,0.44360902255639095,0.06315789473684211,0.022556390977443608,0.015037593984962405,0.006015037593984963,0.0,0.10692661166863639,selection_x_align:control|counter_trend
3,6.0,3600,661,0.17246596066565809,-1.6749859219140464,-2.1473944297084873,-1107.1656943851847,13.513905913567047,-9.362404173360323,2.99248332730227,1.6032255690505985,1260.0,0.6747352496217852,0.10287443267776097,0.06656580937972768,0.03479576399394856,0.015128593040847202,0.0030257186081694403,0.1786910382535282,selection_x_align:control|counter_trend
3,6.0,14400,649,0.11093990755007704,-1.7992286400666284,-2.209260364235445,-1167.6993874032419,49.70391981255131,-9.362404173360323,6.103187854425343,1.6060486119427495,1183.0,0.8505392912172574,0.09090909090909091,0.08166409861325115,0.05546995377503852,0.032357473035439135,0.012326656394453005,0.23918684944025465,selection_x_align:control|counter_trend
3,6.0,86400,635,0.025196850393700787,-2.2463448293328945,-2.2762565937064543,-1426.428966626388,63.28801102036434,-9.362404173360323,14.853621758906398,1.5966214102566456,1116.0,0.9748031496062992,0.02204724409448819,0.01889763779527559,0.01732283464566929,0.015748031496062992,0.011023622047244094,0.14797613148327238,selection_x_align:control|counter_trend
5,4.0,900,1385,0.17906137184115523,-1.3101621191259463,-1.5430861486607967,-1814.5745349894355,12.149016717301821,-10.697096455052232,1.7001434467463719,1.4274456896133887,900.0,0.45126353790613716,0.07942238267148015,0.034657039711191336,0.022382671480144403,0.007220216606498195,0.0007220216606498195,0.1573713015671188,selection_x_align:control|counter_trend
5,4.0,3600,1379,0.18781725888324874,-1.3865490666270435,-2.137181760073343,-1912.0511628786928,15.408589282895893,-10.697096455052232,3.277876473485443,1.4287552862933013,1176.0,0.6939811457577955,0.12327773749093546,0.08846990572878898,0.05293691080493111,0.022480058013052938,0.006526468455402465,0.2600327129399198,selection_x_align:control|counter_trend
5,4.0,14400,1366,0.116398243045388,-1.3487083477032946,-2.1878748175314517,-1842.3356029627005,50.0818920416819,-10.697096455052232,6.934122592980218,1.426437184110529,1152.5,0.8579795021961932,0.10248901903367497,0.09663250366032211,0.07979502196193265,0.04538799414348463,0.024158125915080528,0.3844806262302722,selection_x_align:control|counter_trend
5,4.0,86400,1326,0.023378582202111614,-1.9667981348994712,-2.230072143572132,-2607.974326876699,63.55808116158557,-10.697096455052232,15.882762041784066,1.421165352242297,1057.5,0.9766214177978884,0.02262443438914027,0.021116138763197588,0.020361990950226245,0.01809954751131222,0.013574660633484163,0.20288761383430776,selection_x_align:control|counter_trend
5,6.0,900,363,0.11570247933884298,-1.7442978822879278,-2.1005275508903867,-633.1801312705178,5.172765620115705,-10.697096455052232,1.6475352572590096,1.7445870904087715,900.0,0.4765840220385675,0.049586776859504134,0.01652892561983471,0.013774104683195593,0.0027548209366391185,0.0,0.07596916340175681,selection_x_align:control|counter_trend
5,6.0,3600,361,0.16066481994459833,-1.81624743299436,-2.191561071680627,-655.665323310964,13.513905913567047,-10.697096455052232,2.8855992653884193,1.7477605796930598,1062.0,0.6786703601108033,0.0997229916897507,0.06371191135734072,0.024930747922437674,0.0110803324099723,0.002770083102493075,0.15444493094312797,selection_x_align:control|counter_trend
5,6.0,14400,356,0.12078651685393259,-1.793657888044459,-2.274381912984066,-638.5422081438273,49.70391981255131,-10.697096455052232,6.021051123608675,1.74771787566237,1031.0,0.8370786516853933,0.09831460674157304,0.0898876404494382,0.07584269662921349,0.03651685393258427,0.008426966292134831,0.2609895602913861,selection_x_align:control|counter_trend
5,6.0,86400,347,0.02881844380403458,-2.511893820020915,-2.365290931598624,-871.6271555472574,24.200950472868282,-10.697096455052232,14.770543356251466,1.724476274996442,902.0,0.9711815561959655,0.025936599423631124,0.020172910662824207,0.01729106628242075,0.01729106628242075,0.008645533141210375,0.0837799083332201,selection_x_align:control|counter_trend
10,4.0,900,755,0.2052980132450331,-1.2227364225771027,-1.347935678860755,-923.1659990457125,12.149016717301821,-10.860685185466062,1.9321512590806336,1.485616476881839,900.0,0.4198675496688742,0.09536423841059603,0.045033112582781455,0.030463576158940398,0.006622516556291391,0.0013245033112582781,0.192983768526712,selection_x_align:control|counter_trend
10,4.0,3600,751,0.21837549933422104,-1.2726280720299545,-2.1336980306345583,-955.7436820944959,15.408589282895893,-10.860685185466062,3.361890555282794,1.4868172253561256,1390.0,0.6604527296937417,0.15712383488681758,0.10918774966711052,0.06258322237017311,0.02663115845539281,0.006657789613848202,0.3134348874931669,selection_x_align:control|counter_trend
10,4.0,14400,745,0.13154362416107382,-1.2778201046766327,-2.197295560499752,-951.9759779840913,49.70391981255131,-10.860685185466062,6.9557000744467095,1.487928038768806,1336.0,0.8322147651006712,0.11677852348993288,0.1087248322147651,0.08993288590604027,0.053691275167785234,0.026845637583892617,0.4162992751472462,selection_x_align:control|counter_trend
10,4.0,86400,719,0.03337969401947149,-1.9152869354167148,-2.2442484358675596,-1377.091306564618,63.28801102036434,-10.860685185466062,15.724359320215878,1.483627113219688,1223.0,0.9666203059805285,0.030598052851182198,0.027816411682892908,0.02642559109874826,0.02364394993045897,0.015299026425591099,0.23308552886878814,selection_x_align:control|counter_trend
10,6.0,900,168,0.20238095238095238,-1.3959285014722265,-1.3408306663885146,-234.51598824733406,9.17121831966102,-8.345248853144199,2.0475271870739467,1.7467406100048475,900.0,0.38095238095238093,0.05357142857142857,0.02976190476190476,0.017857142857142856,0.005952380952380952,0.0,0.141139117646264,selection_x_align:control|counter_trend
10,6.0,3600,167,0.20958083832335328,-1.662129219208529,-2.1544144164804937,-277.57557960782435,9.4116753706837,-8.345248853144199,3.2334569769084522,1.749753760069611,1702.0,0.6347305389221557,0.11377245508982035,0.07784431137724551,0.029940119760479042,0.011976047904191617,0.0,0.19284543268388496,selection_x_align:control|counter_trend
10,6.0,14400,165,0.16363636363636364,-1.5216516783089842,-2.239127347100536,-251.0725269209824,19.263511284794127,-8.345248853144199,6.410085293398042,1.756602946456199,1576.0,0.7878787878787878,0.15151515151515152,0.12727272727272726,0.10303030303030303,0.05454545454545454,0.012121212121212121,0.35116795483674257,selection_x_align:control|counter_trend
10,6.0,86400,158,0.04430379746835443,-1.5831617932216326,-2.4072715272799057,-250.13956332901796,63.28801102036434,-8.345248853144199,15.590356534808748,1.7426612718515766,1443.5,0.9556962025316456,0.0379746835443038,0.03164556962025317,0.03164556962025317,0.03164556962025317,0.0189873417721519,0.421219977217742,selection_x_align:control|counter_trend
3,4.0,900,461,0.17787418655097614,-1.143803555337111,-1.7344328228769177,-527.2934390104082,11.640862136990656,-5.187051865895777,1.7814205519977715,1.314548572675811,900.0,0.47071583514099785,0.10629067245119306,0.05422993492407809,0.03036876355748373,0.01735357917570499,0.006507592190889371,0.2401647311810208,selection_x_align:control|unknown
3,4.0,3600,461,0.16052060737527116,-1.2478258577366825,-2.112257743912457,-575.2477204166106,11.787402274200403,-5.187051865895777,3.325530485391213,1.314548572675811,1054.0,0.6963123644251626,0.11062906724511931,0.08676789587852494,0.0737527114967462,0.04772234273318872,0.006507592190889371,0.31158233797526086,selection_x_align:control|unknown
3,4.0,14400,461,0.13449023861171366,-1.3119180734427704,-2.140821449211079,-604.7942318571172,18.877274000336204,-5.187051865895777,5.812142792426039,1.314548572675811,1054.0,0.8221258134490239,0.09978308026030369,0.07158351409978309,0.06724511930585683,0.049891540130151846,0.028199566160520606,0.3460947671869063,selection_x_align:control|unknown
3,4.0,86400,461,0.05856832971800434,-1.7141905559626496,-2.20002677313832,-790.2418462987814,50.538328608109076,-5.187051865895777,14.987336118944594,1.314548572675811,1054.0,0.9392624728850325,0.05856832971800434,0.05422993492407809,0.04338394793926247,0.02386117136659436,0.019522776572668113,0.2429303022490223,selection_x_align:control|unknown
3,6.0,900,131,0.12213740458015267,-1.462874233594253,-2.1242064453597163,-191.63652460084714,11.640862136990656,-4.749723069104683,1.8473545848610162,1.5659979272403832,885.0,0.5038167938931297,0.0916030534351145,0.06870229007633588,0.04580152671755725,0.022900763358778626,0.007633587786259542,0.20020733553862674,selection_x_align:control|unknown
3,6.0,3600,131,0.13740458015267176,-1.5234454405874127,-2.187289058722645,-199.57135271695105,10.668523623547673,-4.749723069104683,2.8492668274287785,1.5659979272403832,885.0,0.6946564885496184,0.09923664122137404,0.08396946564885496,0.06870229007633588,0.05343511450381679,0.007633587786259542,0.26242521324558193,selection_x_align:control|unknown
3,6.0,14400,131,0.09923664122137404,-1.7626066559155495,-2.2790935177312504,-230.901471924937,15.358527859551737,-4.749723069104683,5.192801605134678,1.5659979272403832,885.0,0.8396946564885496,0.06870229007633588,0.05343511450381679,0.05343511450381679,0.04580152671755725,0.030534351145038167,0.23563174366437178,selection_x_align:control|unknown
3,6.0,86400,131,0.007633587786259542,-2.6271535970614646,-2.426164192446525,-344.15712121505186,2.4705022774099112,-4.749723069104683,13.395407881321276,1.5659979272403832,885.0,0.9923664122137404,0.007633587786259542,0.007633587786259542,0.0,0.0,0.0,0.007127251580581657,selection_x_align:control|unknown
5,4.0,900,304,0.15789473684210525,-1.2159010644949049,-2.1046779794265613,-369.6339236064511,11.640862136990656,-5.537327537507047,1.9953243101614793,1.3984942256046657,897.5,0.5,0.09539473684210527,0.05921052631578947,0.04276315789473684,0.023026315789473683,0.009868421052631578,0.2453162653821342,selection_x_align:control|unknown
5,4.0,3600,304,0.17105263157894737,-1.2673810932207645,-2.139219123880588,-385.2838523391124,12.996427511620913,-5.537327537507047,3.6346808778298736,1.3984942256046657,933.5,0.7203947368421053,0.125,0.10197368421052631,0.08552631578947369,0.05263157894736842,0.006578947368421052,0.3357712273747294,selection_x_align:control|unknown
5,4.0,14400,304,0.13815789473684212,-1.3186912047111445,-2.1799781835129632,-400.88212623218794,18.986271167904658,-5.537327537507047,6.165892182354975,1.3984942256046657,933.5,0.8289473684210527,0.09868421052631579,0.07894736842105263,0.0756578947368421,0.05592105263157895,0.039473684210526314,0.3739089106681594,selection_x_align:control|unknown
5,4.0,86400,304,0.03289473684210526,-2.0564695376209703,-2.2589615224032715,-625.166739436775,50.538328608109076,-5.537327537507047,15.147620249227819,1.3984942256046657,933.5,0.9671052631578947,0.03289473684210526,0.029605263157894735,0.02631578947368421,0.01644736842105263,0.013157894736842105,0.14883931892278685,selection_x_align:control|unknown
5,6.0,900,81,0.14814814814814814,-1.6940111065376542,-2.1058165261539235,-137.21489962955,4.492549000159225,-5.537327537507047,1.8009952904545647,1.6637963096082298,883.0,0.5061728395061729,0.07407407407407407,0.06172839506172839,0.024691358024691357,0.0,0.0,0.11247732471319222,selection_x_align:control|unknown
5,6.0,3600,81,0.13580246913580246,-1.9066931168899255,-2.224600661235323,-154.44214246808397,6.517676522278047,-5.537327537507047,2.6276696232021233,1.6637963096082298,883.0,0.7160493827160493,0.04938271604938271,0.04938271604938271,0.037037037037037035,0.024691358024691357,0.0,0.13052694510404625,selection_x_align:control|unknown
5,6.0,14400,81,0.07407407407407407,-2.220630681160956,-2.3614080673207303,-179.87108517403743,12.351810112845753,-5.537327537507047,4.516883873813976,1.6637963096082298,883.0,0.8518518518518519,0.037037037037037035,0.024691358024691357,0.024691358024691357,0.012345679012345678,0.012345679012345678,0.0947569788801639,selection_x_align:control|unknown
5,6.0,86400,81,0.012345679012345678,-2.7050953738999377,-2.4981165208414287,-219.11272528589495,2.4705022774099112,-5.537327537507047,11.977924892384587,1.6637963096082298,883.0,0.9876543209876543,0.012345679012345678,0.012345679012345678,0.0,0.0,0.0,0.01114931984959965,selection_x_align:control|unknown
10,4.0,900,178,0.20224719101123595,-1.0659563454909824,-1.5506681254888983,-189.74022949739486,12.948296023387101,-5.537327537507047,2.187418638267996,1.3996622595710557,900.0,0.4606741573033708,0.12921348314606743,0.07303370786516854,0.0449438202247191,0.033707865168539325,0.0056179775280898875,0.30765801744027854,selection_x_align:control|unknown
10,4.0,3600,178,0.19101123595505617,-1.200664400748163,-2.1252610551964364,-213.71826333317304,9.743187596812742,-5.537327537507047,3.534730816069088,1.3996622595710557,1233.0,0.6797752808988764,0.12359550561797752,0.10112359550561797,0.08426966292134831,0.056179775280898875,0.0,0.3482040573132219,selection_x_align:control|unknown
10,4.0,14400,178,0.12359550561797752,-1.3950445796974347,-2.1857823482559446,-248.31793518614336,16.28016098674466,-5.537327537507047,5.91260460627891,1.3996622595710557,1233.0,0.8314606741573034,0.09550561797752809,0.07303370786516854,0.07303370786516854,0.06179775280898876,0.028089887640449437,0.3417912270091151,selection_x_align:control|unknown
10,4.0,86400,178,0.016853932584269662,-2.0937272834967144,-2.263529947355106,-372.68345646241517,49.155513796020045,-5.971236026085478,14.437771686000481,1.3996622595710557,1233.0,0.9831460674157303,0.016853932584269662,0.016853932584269662,0.011235955056179775,0.011235955056179775,0.011235955056179775,0.14609411456093835,selection_x_align:control|unknown
10,6.0,900,44,0.22727272727272727,-1.277214828654209,-1.50064978198339,-56.1974524607852,4.704230077780789,-4.749723069104683,2.1505332829408976,1.4331714167379208,900.0,0.45454545454545453,0.13636363636363635,0.045454545454545456,0.022727272727272728,0.0,0.0,0.19533687474353528,selection_x_align:control|unknown
10,6.0,3600,44,0.18181818181818182,-1.404520970890472,-2.0852891448647624,-61.79892271918077,7.000725500217458,-4.749723069104683,2.941949865819637,1.4331714167379208,1397.0,0.6590909090909091,0.11363636363636363,0.09090909090909091,0.06818181818181818,0.022727272727272728,0.0,0.2612137196890375,selection_x_align:control|unknown
10,6.0,14400,44,0.09090909090909091,-2.014090726262607,-2.33896874938756,-88.61999195555471,7.259305141170217,-4.749723069104683,5.255223200461056,1.4331714167379208,1397.0,0.8409090909090909,0.045454545454545456,0.022727272727272728,0.022727272727272728,0.022727272727272728,0.0,0.10148775342964321,selection_x_align:control|unknown
10,6.0,86400,44,0.022727272727272728,-1.3398491460927189,-2.33896874938756,-58.95336242807963,49.155513796020045,-4.749723069104683,15.109551242691929,1.4331714167379208,1397.0,0.9772727272727273,0.022727272727272728,0.022727272727272728,0.022727272727272728,0.022727272727272728,0.022727272727272728,0.45468527204117104,selection_x_align:control|unknown
3,4.0,900,2494,0.13311948676824378,-1.4615493281527898,-2.105886798493948,-3645.1040244130577,13.066711619175795,-6.8504311313584445,1.7603310533242935,1.3747011665680708,764.0,0.532878909382518,0.06856455493183641,0.042502004811547714,0.026062550120288693,0.009623095429029671,0.0012028869286287089,0.1392092642467326,selection_x_align:control|with_trend
3,4.0,3600,2479,0.14602662363856395,-1.5099589250335,-2.118221313415206,-3743.1881751580463,19.408006000962324,-6.8504311313584445,3.3646517018222215,1.3751542495415228,754.0,0.7478822105687777,0.0927793465106898,0.0609116579265833,0.043969342476805166,0.027833803953206938,0.007664380798709157,0.2169693110075097,selection_x_align:control|with_trend
3,4.0,14400,2462,0.0934199837530463,-1.513369212535051,-2.1569270419309756,-3725.915001261296,52.40286643678597,-6.8504311313584445,6.8719916013687685,1.3760014348906673,737.5,0.8887083671811535,0.08123476848090982,0.06417546709991877,0.051584077985377744,0.036555645816409424,0.022339561332250204,0.304018640361759,selection_x_align:control|with_trend
3,4.0,86400,2405,0.021205821205821207,-1.8036107107037906,-2.191561071680719,-4337.683759242616,73.48779938472191,-6.8504311313584445,16.969810472170078,1.3750570606516939,693.0,0.977962577962578,0.01995841995841996,0.018295218295218296,0.01787941787941788,0.016216216216216217,0.01496881496881497,0.24217708985766076,selection_x_align:control|with_trend
3,6.0,900,899,0.12013348164627363,-1.70330246240111,-2.106066666666504,-1531.2689136985978,13.066711619175795,-6.910190296149929,1.8541687506909135,1.6282272437516647,810.0,0.5216907675194661,0.060066740823136816,0.04004449388209121,0.025583982202447165,0.008898776418242492,0.002224694104560623,0.11764566951732318,selection_x_align:control|with_trend
3,6.0,3600,893,0.1343784994400896,-1.7853409236307658,-2.198268975357876,-1594.309444802274,17.40550173338798,-6.910190296149929,3.247108459606337,1.6300674391868495,790.0,0.7390817469204927,0.083986562150056,0.048152295632698766,0.03471444568868981,0.02463605823068309,0.006718924972004479,0.17085471326684978,selection_x_align:control|with_trend
3,6.0,14400,887,0.0992108229988726,-1.8175063857459504,-2.2818041762486025,-1612.128164156658,28.952892822238027,-6.910190296149929,6.2167278827019175,1.6316349459081665,772.0,0.874859075535513,0.07891770011273957,0.058624577226606536,0.04284103720405862,0.029312288613303268,0.02142051860202931,0.2358236339907511,selection_x_align:control|with_trend
3,6.0,86400,864,0.020833333333333332,-2.105039876220899,-2.343987832382857,-1818.7544530548566,70.68488183722664,-6.910190296149929,15.577918785550708,1.6287336977865676,692.5,0.9768518518518519,0.018518518518518517,0.017361111111111112,0.016203703703703703,0.013888888888888888,0.01273148148148148,0.19855061413777136,selection_x_align:control|with_trend
5,4.0,900,1758,0.14391353811149032,-1.4399768412691618,-2.1058708703568367,-2531.4792869511866,13.162386611369774,-8.9419845257565,1.8728366042873037,1.4270090791940975,814.5,0.5210466439135382,0.07224118316268487,0.04550625711035267,0.02844141069397042,0.012514220705346985,0.0022753128555176336,0.1604341397407826,selection_x_align:control|with_trend
5,4.0,3600,1748,0.14473684210526316,-1.5071632536982253,-2.149022734199842,-2634.521367464498,16.65904294466388,-8.9419845257565,3.438452540508318,1.42702710434405,810.0,0.7477116704805492,0.09553775743707094,0.062356979405034325,0.04748283752860412,0.031464530892448515,0.012013729977116704,0.23566954874144425,selection_x_align:control|with_trend
5,4.0,14400,1732,0.08775981524249422,-1.518118813586357,-2.1921956745287208,-2629.3817851315703,52.40286643678597,-8.9419845257565,7.035176349026033,1.4286356946657814,795.0,0.8926096997690531,0.07621247113163972,0.06062355658198614,0.046189376443418015,0.036374133949191687,0.026558891454965358,0.31943832815771267,selection_x_align:control|with_trend
5,4.0,86400,1695,0.02359882005899705,-1.7712777832083229,-2.226520116078114,-3002.315842538107,71.88040700901627,-8.9419845257565,16.84184149765675,1.4293543052621867,738.0,0.9752212389380531,0.02064896755162242,0.01887905604719764,0.01887905604719764,0.01710914454277286,0.01592920353982301,0.26887308913484087,selection_x_align:control|with_trend
5,6.0,900,605,0.12727272727272726,-1.7177732206186693,-2.124885766322857,-1039.2527984742949,13.066711619175795,-7.198340120939835,2.023229517222173,1.674425111810971,786.0,0.5322314049586777,0.0628099173553719,0.047933884297520664,0.03140495867768595,0.009917355371900827,0.001652892561983471,0.1315158685778223,selection_x_align:control|with_trend
5,6.0,3600,602,0.1378737541528239,-1.7619837283961577,-2.2551428274484877,-1060.714204494487,14.868652794017393,-7.198340120939835,3.370581505593336,1.6747813974366808,773.5,0.7408637873754153,0.08471760797342193,0.05647840531561462,0.04152823920265781,0.029900332225913623,0.013289036544850499,0.1988365698734265,selection_x_align:control|with_trend
5,6.0,14400,596,0.10570469798657718,-1.7059612266843909,-2.3155721601540407,-1016.7528911038969,24.73301358101446,-7.198340120939835,6.383784127991185,1.6779872317003883,749.0,0.8590604026845637,0.08892617449664429,0.0738255033557047,0.050335570469798654,0.03859060402684564,0.030201342281879196,0.28950598654556964,selection_x_align:control|with_trend
5,6.0,86400,579,0.027633851468048358,-1.9394829258036168,-2.4163323156426992,-1122.960614040294,70.68488183722664,-7.198340120939835,15.326035982952646,1.679768507560396,692.0,0.9689119170984456,0.024179620034542316,0.022452504317789293,0.022452504317789293,0.018998272884283247,0.015544041450777202,0.27378895970928085,selection_x_align:control|with_trend
10,4.0,900,1064,0.17481203007518797,-1.328633464843337,-2.0980168665405596,-1413.6660065933106,11.255108880785231,-8.540952142767033,2.152136783708176,1.4263057559235326,868.0,0.5150375939849624,0.09868421052631579,0.06578947368421052,0.040413533834586464,0.015977443609022556,0.0009398496240601503,0.2093852632918181,selection_x_align:control|with_trend
10,4.0,3600,1058,0.17013232514177692,-1.3754094923299816,-2.1353643528760697,-1455.1832428851205,16.879871444038,-8.540952142767033,3.6674849459493624,1.425739370654686,854.5,0.722117202268431,0.11909262759924386,0.08695652173913043,0.062381852551984876,0.035916824196597356,0.008506616257088847,0.2841486804367284,selection_x_align:control|with_trend
10,4.0,14400,1050,0.10857142857142857,-1.4212602841569826,-2.2060311006270625,-1492.3232983648318,47.46728793623998,-8.540952142767033,6.882201532174537,1.427738933806072,834.5,0.8666666666666667,0.09333333333333334,0.07523809523809524,0.06,0.04476190476190476,0.02857142857142857,0.35187455580309396,selection_x_align:control|with_trend
10,4.0,86400,1018,0.029469548133595286,-1.6562931818417643,-2.2561318627698967,-1686.106459114916,70.94564138542381,-8.540952142767033,16.58631304978471,1.4314675168192814,771.5,0.9685658153241651,0.02848722986247544,0.02848722986247544,0.026522593320235755,0.023575638506876228,0.0206286836935167,0.31551168570633054,selection_x_align:control|with_trend
10,6.0,900,346,0.2023121387283237,-1.3966197905508282,-1.714435827706707,-483.23044753058656,7.671183349947626,-8.540952142767033,2.4511014082917697,1.5889043112781844,900.0,0.4682080924855491,0.11849710982658959,0.07803468208092486,0.04335260115606936,0.011560693641618497,0.0,0.21010658756104325,selection_x_align:control|with_trend
10,6.0,3600,346,0.18208092485549132,-1.5047682473669006,-2.119857243732184,-520.6498135889476,14.820432061552463,-8.540952142767033,3.6459653335547983,1.5889043112781844,1113.5,0.6907514450867052,0.1416184971098266,0.09248554913294797,0.07514450867052024,0.028901734104046242,0.005780346820809248,0.26356986201731436,selection_x_align:control|with_trend
10,6.0,14400,344,0.13953488372093023,-1.2979287552890177,-2.2212365323665635,-446.4874918194221,24.70639100716193,-8.540952142767033,6.454959637723555,1.5917431946360143,1110.0,0.8255813953488372,0.125,0.10465116279069768,0.0872093023255814,0.061046511627906974,0.0377906976744186,0.43195267852030494,selection_x_align:control|with_trend
10,6.0,86400,330,0.048484848484848485,-1.284229921250546,-2.31792672774452,-423.79587401268014,70.68488183722664,-8.540952142767033,14.742068310224282,1.605344391595005,984.0,0.9454545454545454,0.048484848484848485,0.045454545454545456,0.04242424242424243,0.03939393939393939,0.030303030303030304,0.4974690517395201,selection_x_align:control|with_trend
3,4.0,900,1420,0.14366197183098592,-2.012012358053921,-2.3623843189094673,-2857.057548436568,27.306886878742823,-42.719532096595856,3.555413335525884,1.984342867339607,164.0,0.7330985915492958,0.09647887323943662,0.06690140845070422,0.04788732394366197,0.02535211267605634,0.007746478873239437,0.18471101264891263,selection_x_align:extreme|counter_trend
3,4.0,3600,1417,0.11009174311926606,-1.9681602807417085,-2.464522234614344,-2788.883117811001,45.90237002960609,-42.719532096595856,6.879176092772711,1.9861960603899127,163.0,0.858151023288638,0.09386026817219478,0.07904022582921666,0.06704304869442484,0.048694424841213835,0.020465772759350742,0.2699528677787719,selection_x_align:extreme|counter_trend
3,4.0,14400,1413,0.06652512384996462,-1.6523062619898405,-2.500468882202699,-2334.7087481916446,76.17156754252959,-42.719532096595856,14.826390181393451,1.984399607080329,159.0,0.9313517338995047,0.06369426751592357,0.06086341118188252,0.059447983014861996,0.052370842179759375,0.03680113234253362,0.42494569505659674,selection_x_align:extreme|counter_trend
3,4.0,86400,1400,0.03642857142857143,-0.5065711869347999,-2.5325425869794858,-709.1996617087199,137.78742413828076,-42.719532096595856,47.94910846030045,1.9843396243837002,155.5,0.9628571428571429,0.03642857142857143,0.03571428571428571,0.03571428571428571,0.03571428571428571,0.03571428571428571,0.8304082507267261,selection_x_align:extreme|counter_trend
3,6.0,900,380,0.1394736842105263,-2.42427936152872,-2.431525308376555,-921.2261573809137,11.32959990813194,-26.311642120294266,3.3269706205853766,2.463200912182282,230.5,0.6763157894736842,0.08947368421052632,0.06315789473684211,0.05263157894736842,0.02631578947368421,0.002631578947368421,0.13032965916259223,selection_x_align:extreme|counter_trend
3,6.0,3600,379,0.12401055408970976,-2.4952410390003377,-2.569242725465172,-945.696353781128,15.700125072110144,-26.311642120294266,6.353175283785989,2.4667977483621826,230.0,0.8232189973614775,0.10817941952506596,0.0870712401055409,0.07387862796833773,0.05013192612137203,0.0079155672823219,0.18609545653678217,selection_x_align:extreme|counter_trend
3,6.0,14400,378,0.07142857142857142,-2.3723967929027183,-2.6853043811058215,-896.7659877172275,63.10353530995112,-26.311642120294266,13.069052284988217,2.469936605223278,229.0,0.9259259259259259,0.06878306878306878,0.06613756613756613,0.06349206349206349,0.047619047619047616,0.026455026455026454,0.2869624267295285,selection_x_align:extreme|counter_trend
3,6.0,86400,376,0.0425531914893617,-0.5322465501298147,-2.7017562358061062,-200.12470284881033,136.68257248755333,-26.311642120294266,43.23167457398418,2.4725414253098292,225.5,0.9547872340425532,0.0425531914893617,0.0425531914893617,0.0425531914893617,0.0425531914893617,0.0425531914893617,0.8455444098390503,selection_x_align:extreme|counter_trend
5,4.0,900,1036,0.15733590733590733,-1.9703197098330907,-2.3608016376791223,-2041.2512193870818,27.090653999145417,-16.46265343044546,3.5687480054891525,1.9849968614603988,197.0,0.7181467181467182,0.10521235521235521,0.07335907335907337,0.05308880308880309,0.03185328185328185,0.008687258687258687,0.19761536758452178,selection_x_align:extreme|counter_trend
5,4.0,3600,1033,0.12487899322362052,-1.8386515408996116,-2.479862490576438,-1899.3270417492988,65.50236963136754,-16.46265343044546,6.901519743192772,1.9875408464890973,197.0,0.8431752178121975,0.10261374636979671,0.08809293320425944,0.07841239109390126,0.0590513068731849,0.022265246853823813,0.3158921053790528,selection_x_align:extreme|counter_trend
5,4.0,14400,1028,0.07976653696498054,-1.5064374676665349,-2.5343785260062583,-1548.617716761198,77.97647102086364,-16.46265343044546,14.332887740493081,1.9881679779682164,195.0,0.9182879377431906,0.07392996108949416,0.07198443579766536,0.07003891050583658,0.0632295719844358,0.04085603112840467,0.475571268869632,selection_x_align:extreme|counter_trend
5,4.0,86400,1017,0.04424778761061947,-0.21340206830564526,-2.566553634576886,-217.02990346684123,136.68257248755333,-16.46265343044546,42.26805209888388,1.989514760353136,188.0,0.9547689282202556,0.04424778761061947,0.04424778761061947,0.04424778761061947,0.04424778761061947,0.043264503441494594,0.9283434879608419,selection_x_align:extreme|counter_trend
5,6.0,900,260,0.17692307692307693,-2.2265230767850426,-2.37910031466794,-578.8959999641111,13.54842736017985,-16.84974778746899,3.4027178654833556,2.4577145294243645,331.5,0.6538461538461539,0.11153846153846154,0.07307692307692308,0.06153846153846154,0.03461538461538462,0.011538461538461539,0.18893528660961342,selection_x_align:extreme|counter_trend
5,6.0,3600,260,0.15384615384615385,-2.1263355246226436,-2.539787047549165,-552.8472364018874,65.50236963136754,-16.84974778746899,6.076515473399574,2.4577145294243645,331.5,0.8038461538461539,0.12692307692307692,0.09615384615384616,0.08846153846153847,0.06538461538461539,0.007692307692307693,0.2988784576734852,selection_x_align:extreme|counter_trend
5,6.0,14400,260,0.08846153846153847,-1.9347957479139246,-2.698811526605761,-503.0468944576204,77.97647102086364,-16.84974778746899,11.17135808436836,2.4577145294243645,331.5,0.9,0.07692307692307693,0.07692307692307693,0.07307692307692308,0.06153846153846154,0.038461538461538464,0.40876850863158365,selection_x_align:extreme|counter_trend
5,6.0,86400,257,0.04669260700389105,-0.6082307157630104,-2.757599244453815,-156.31529395109365,125.31659279709187,-16.84974778746899,36.03076049449121,2.4586857337547148,324.0,0.9494163424124513,0.04669260700389105,0.04669260700389105,0.04669260700389105,0.04669260700389105,0.038910505836575876,0.8229273030915741,selection_x_align:extreme|counter_trend
10,4.0,900,646,0.21362229102167182,-1.5527098999819338,-2.187047336775674,-1003.0505953883292,16.54528020676495,-18.23376562683341,3.568981153538688,1.8161767902532382,309.5,0.6393188854489165,0.15015479876160992,0.10371517027863777,0.07275541795665634,0.03560371517027864,0.006191950464396285,0.2749445942269314,selection_x_align:extreme|counter_trend
10,4.0,3600,645,0.16279069767441862,-1.4396017890425554,-2.3033190684166365,-928.5431539324483,30.48115965030112,-18.23376562683341,6.6187722831075995,1.8174322522312665,309.0,0.8077519379844961,0.14263565891472868,0.11937984496124031,0.10542635658914729,0.07751937984496124,0.02945736434108527,0.4117384438284397,selection_x_align:extreme|counter_trend
10,4.0,14400,642,0.09813084112149532,-1.276220061093748,-2.3656487820758976,-819.3332792221862,63.63771778156592,-18.23376562683341,13.388660114678704,1.8137083397207479,306.5,0.897196261682243,0.09345794392523364,0.08566978193146417,0.08099688473520249,0.06697819314641744,0.04205607476635514,0.5189543522894061,selection_x_align:extreme|counter_trend
10,4.0,86400,631,0.04754358161648178,-0.7551263207310998,-2.405315191373786,-476.48470838132397,130.69503471276238,-18.23376562683341,37.40210490833639,1.8140093641767574,291.0,0.9508716323296355,0.04754358161648178,0.044374009508716325,0.044374009508716325,0.042789223454833596,0.03803486529318542,0.7298322465864121,selection_x_align:extreme|counter_trend
10,6.0,900,119,0.19327731092436976,-1.8886313415380718,-2.089570970431069,-224.74712964303055,6.571427043749155,-12.991347837223108,3.132566969311633,1.9458855971801108,535.0,0.6386554621848739,0.12605042016806722,0.09243697478991597,0.04201680672268908,0.008403361344537815,0.0,0.1684341716904385,selection_x_align:extreme|counter_trend
10,6.0,3600,119,0.14285714285714285,-2.027252065432717,-2.2114216324450884,-241.24299578649328,8.881043621402625,-12.991347837223108,5.492138382033028,1.9458855971801108,535.0,0.7983193277310925,0.13445378151260504,0.10084033613445378,0.08403361344537816,0.05042016806722689,0.0,0.22035278894774318,selection_x_align:extreme|counter_trend
10,6.0,14400,119,0.10084033613445378,-1.9318230479972873,-2.3002398319653006,-229.8869427116772,39.59846638333635,-12.991347837223108,9.656201848740745,1.9458855971801108,535.0,0.8907563025210085,0.09243697478991597,0.07563025210084033,0.06722689075630252,0.04201680672268908,0.01680672268907563,0.30602609339592207,selection_x_align:extreme|counter_trend
10,6.0,86400,116,0.05172413793103448,-1.4754214795308347,-2.3574868192334435,-171.14889162557682,93.62917167786276,-12.991347837223108,21.224745837847163,1.937344666257544,456.0,0.9396551724137931,0.04310344827586207,0.04310344827586207,0.04310344827586207,0.04310344827586207,0.02586206896551724,0.49419949589833817,selection_x_align:extreme|counter_trend
3,4.0,900,423,0.14420803782505912,-1.498127732239917,-2.1057635726088906,-633.7080307374848,8.114807781448182,-7.716441845020008,1.9813890849310212,1.4662800934972524,758.0,0.524822695035461,0.08983451536643026,0.04491725768321513,0.028368794326241134,0.009456264775413711,0.0,0.1486667029197278,selection_x_align:extreme|unknown
3,4.0,3600,423,0.1702127659574468,-1.3253414042786549,-2.132905415375454,-560.619414009871,14.980912816384045,-7.716441845020008,3.9425984084165133,1.4662800934972524,758.0,0.7304964539007093,0.12293144208037825,0.09456264775413711,0.07092198581560284,0.054373522458628844,0.016548463356973995,0.3312760435220893,selection_x_align:extreme|unknown
3,4.0,14400,423,0.12529550827423167,-1.3395804299680578,-2.1775505069296197,-566.6425218764884,22.880210540758657,-7.716441845020008,7.930188912646013,1.4662800934972524,758.0,0.8463356973995272,0.09929078014184398,0.08747044917257683,0.07328605200945626,0.061465721040189124,0.03309692671394799,0.38242823041011476,selection_x_align:extreme|unknown
3,4.0,86400,423,0.08983451536643026,-0.02595233322995423,-2.2109905556989675,-10.97783695627064,218.646025941726,-7.716441845020008,47.09110855929473,1.4662800934972524,758.0,0.9101654846335697,0.08983451536643026,0.08983451536643026,0.08983451536643026,0.08983451536643026,0.08983451536643026,0.9888157660309335,selection_x_align:extreme|unknown
3,6.0,900,133,0.12030075187969924,-1.7912094559507434,-1.7127015213596999,-238.23085764144886,6.960517501507949,-7.716441845020008,1.722474930128703,1.7636164004029766,900.0,0.44360902255639095,0.03759398496240601,0.015037593984962405,0.015037593984962405,0.007518796992481203,0.0,0.07027393400068495,selection_x_align:extreme|unknown
3,6.0,3600,133,0.19548872180451127,-1.7432963923659324,-2.1109472853691686,-231.858420184669,11.49887989469715,-7.716441845020008,3.1653448192228764,1.7636164004029766,1244.0,0.6766917293233082,0.11278195488721804,0.06766917293233082,0.045112781954887216,0.022556390977443608,0.007518796992481203,0.1985339459436884,selection_x_align:extreme|unknown
3,6.0,14400,133,0.13533834586466165,-1.712890117030921,-2.2107212427718856,-227.8143855651125,19.923272109576686,-7.716441845020008,6.679616252076266,1.7636164004029766,1244.0,0.8345864661654135,0.08270676691729323,0.06015037593984962,0.05263157894736842,0.045112781954887216,0.03007518796992481,0.29651566018017866,selection_x_align:extreme|unknown
3,6.0,86400,133,0.10526315789473684,-0.09951013809229574,-2.2474633941444435,-13.234848366275333,73.98258658347699,-7.716441845020008,36.93496376534725,1.7636164004029766,1244.0,0.8947368421052632,0.10526315789473684,0.10526315789473684,0.10526315789473684,0.10526315789473684,0.10526315789473684,0.9612913416545041,selection_x_align:extreme|unknown
5,4.0,900,304,0.1513157894736842,-1.4783971533046179,-2.105471724427845,-449.4327346046038,6.960517501507949,-6.965872321579972,2.2024504475633986,1.5226519163068422,847.5,0.5098684210526315,0.10526315789473684,0.05263157894736842,0.023026315789473683,0.009868421052631578,0.0,0.15540769827363954,selection_x_align:extreme|unknown
5,4.0,3600,304,0.19407894736842105,-1.229739050638178,-2.146188994093169,-373.8406713940061,14.093485094412042,-7.003516265872068,4.279498070769155,1.5226519163068422,847.5,0.7105263157894737,0.14802631578947367,0.11842105263157894,0.0756578947368421,0.05592105263157895,0.01644736842105263,0.3792510319431595,selection_x_align:extreme|unknown
5,4.0,14400,304,0.13486842105263158,-1.3065309206661004,-2.212531346400126,-397.18539988249455,24.03770099091036,-7.003516265872068,7.947760995184051,1.5226519163068422,847.5,0.8453947368421053,0.10526315789473684,0.08881578947368421,0.08223684210526316,0.07236842105263158,0.029605263157894735,0.4122080646610701,selection_x_align:extreme|unknown
5,4.0,86400,304,0.08552631578947369,-0.5415713268051399,-2.262441433748289,-164.63768334876252,78.52298872814725,-7.003516265872068,44.561743093859064,1.5226519163068422,847.5,0.9144736842105263,0.08552631578947369,0.08552631578947369,0.08552631578947369,0.08552631578947369,0.08552631578947369,0.7735022855557181,selection_x_align:extreme|unknown
5,6.0,900,81,0.07407407407407407,-2.1561946819032314,-2.105465706657334,-174.65176923416175,2.608271332473413,-7.716441845020008,2.0123551675680327,2.0329416047078714,900.0,0.49382716049382713,0.037037037037037035,0.024691358024691357,0.0,0.0,0.0,0.037516701433792154,selection_x_align:extreme|unknown
5,6.0,3600,81,0.14814814814814814,-2.1700077168799936,-2.4241119695345215,-175.7706250672795,5.062340871006985,-7.716441845020008,3.586054401733052,2.0329416047078714,991.0,0.691358024691358,0.07407407407407407,0.037037037037037035,0.024691358024691357,0.012345679012345678,0.0,0.09929658254816473,selection_x_align:extreme|unknown
5,6.0,14400,81,0.04938271604938271,-2.344350089843693,-2.4869194689186647,-189.89235727733913,19.923272109576686,-7.716441845020008,6.7702790925586935,2.0329416047078714,991.0,0.9012345679012346,0.04938271604938271,0.04938271604938271,0.04938271604938271,0.037037037037037035,0.024691358024691357,0.17497818599380358,selection_x_align:extreme|unknown
5,6.0,86400,81,0.04938271604938271,-2.062181195120531,-2.576957232014143,-167.03667680476303,26.278284148006144,-7.716441845020008,35.70331407020193,2.0329416047078714,991.0,0.9506172839506173,0.04938271604938271,0.04938271604938271,0.04938271604938271,0.04938271604938271,0.04938271604938271,0.3000138762751529,selection_x_align:extreme|unknown
10,4.0,900,186,0.16666666666666666,-1.2981804628999905,-1.645667872594073,-241.46156609939823,9.460072084571555,-6.965872321579972,2.4328222270930455,1.4983735638111941,900.0,0.46236559139784944,0.10752688172043011,0.05913978494623656,0.03225806451612903,0.010752688172043012,0.0,0.19497246309055152,selection_x_align:extreme|unknown
10,4.0,3600,186,0.1989247311827957,-1.2813814616925099,-2.1163966210439904,-238.33695187480686,14.093485094412042,-7.003516265872068,4.428010514927513,1.4983735638111941,1086.0,0.6774193548387096,0.13440860215053763,0.0967741935483871,0.06451612903225806,0.053763440860215055,0.010752688172043012,0.3331366465117988,selection_x_align:extreme|unknown
10,4.0,14400,186,0.0967741935483871,-1.8486764136918556,-2.209193934757871,-343.85381294668514,10.281354422689319,-7.003516265872068,7.0458894253853455,1.4983735638111941,1086.0,0.8709677419354839,0.06989247311827956,0.05913978494623656,0.053763440860215055,0.04838709677419355,0.005376344086021506,0.18438637734452482,selection_x_align:extreme|unknown
10,4.0,86400,186,0.06451612903225806,-1.3368643366453346,-2.2380183118093346,-248.65676661603223,26.278284148006144,-7.003516265872068,45.76825272281418,1.4983735638111941,1086.0,0.9354838709677419,0.06451612903225806,0.06451612903225806,0.06451612903225806,0.06451612903225806,0.05913978494623656,0.4450145946424102,selection_x_align:extreme|unknown
10,6.0,900,42,0.14285714285714285,-1.5483703164610254,-1.0859669944317205,-65.03155329136307,2.4516296433565117,-7.850476910782262,1.9224050558460148,1.7119387818908849,900.0,0.3333333333333333,0.047619047619047616,0.023809523809523808,0.0,0.0,0.0,0.07779138359160637,selection_x_align:extreme|unknown
10,6.0,3600,42,0.23809523809523808,-1.501554985343285,-2.1058145813616216,-63.06530938441797,5.066109345553359,-7.850476910782262,3.0813301222303515,1.7119387818908849,2884.0,0.5714285714285714,0.14285714285714285,0.07142857142857142,0.047619047619047616,0.023809523809523808,0.0,0.21160492250005278,selection_x_align:extreme|unknown
10,6.0,14400,42,0.09523809523809523,-1.9129681703894033,-2.214175105587387,-80.34466315635494,10.281354422689319,-7.850476910782262,4.475038362787227,1.7119387818908849,2884.0,0.8333333333333334,0.07142857142857142,0.07142857142857142,0.047619047619047616,0.047619047619047616,0.023809523809523808,0.2114773755657733,selection_x_align:extreme|unknown
10,6.0,86400,42,0.09523809523809523,-0.939187282602105,-2.214175105587387,-39.44586586928841,26.278284148006144,-7.850476910782262,34.46980023391027,1.7119387818908849,2884.0,0.9047619047619048,0.09523809523809523,0.09523809523809523,0.09523809523809523,0.09523809523809523,0.07142857142857142,0.6294719693010408,selection_x_align:extreme|unknown
3,4.0,900,1729,0.13938692886061307,-1.8984812991923874,-2.403829314244457,-3282.474166303638,25.26605200857959,-34.319962568006986,4.997120917549793,1.9646685923895695,143.0,0.7368421052631579,0.09543088490456912,0.0746096009253904,0.061885482938114515,0.045112781954887216,0.01850780798149219,0.23708485797792248,selection_x_align:extreme|with_trend
3,4.0,3600,1727,0.11464968152866242,-1.6325632175824683,-2.467888876641858,-2819.4366767649226,134.89683976886445,-34.319962568006986,10.00882659410999,1.9655986858840249,143.0,0.8604516502605675,0.09322524609148813,0.08338158656629995,0.07411696583671105,0.056745801968731906,0.03705848291835553,0.3966226892365083,selection_x_align:extreme|with_trend
3,4.0,14400,1722,0.07491289198606271,-1.2738214069773774,-2.511763019118164,-2193.520462815044,138.8810216115046,-34.319962568006986,21.673990323106917,1.966784888074446,141.5,0.921602787456446,0.07375145180023229,0.070267131242741,0.06736353077816493,0.056910569105691054,0.04587688734030197,0.5522502060298722,selection_x_align:extreme|with_trend
3,4.0,86400,1701,0.04526748971193416,-0.00035218995861997614,-2.544098888609097,-0.5990751196125794,200.01668992419587,-34.319962568006986,54.7647282676512,1.9672186879227287,133.0,0.9547325102880658,0.04526748971193416,0.04526748971193416,0.04526748971193416,0.04526748971193416,0.04467960023515579,0.9998803240132742,selection_x_align:extreme|with_trend
3,6.0,900,557,0.1436265709156194,-2.378753161046413,-2.642008791744402,-1324.965510702852,20.849059890525766,-29.101322941840728,4.786887794071426,2.432956731885866,114.0,0.7396768402154399,0.09156193895870736,0.07360861759425494,0.06104129263913824,0.04308797127468582,0.012567324955116697,0.19041833134949343,selection_x_align:extreme|with_trend
3,6.0,3600,556,0.1366906474820144,-2.1009300164828604,-2.6997845204574418,-1168.1170891644704,114.88276214375634,-29.101322941840728,9.515892419774575,2.4353541360799054,110.5,0.8363309352517986,0.10251798561151079,0.08633093525179857,0.0737410071942446,0.052158273381294966,0.023381294964028777,0.32016079279285625,selection_x_align:extreme|with_trend
3,6.0,14400,553,0.08860759493670886,-1.8649716916550125,-2.793459820368887,-1031.329345485222,109.91479247451863,-29.101322941840728,18.319874157737132,2.4378077505471256,105.0,0.9023508137432188,0.08499095840867993,0.07775768535262206,0.07414104882459313,0.06148282097649186,0.04159132007233273,0.4289926993589093,selection_x_align:extreme|with_trend
3,6.0,86400,547,0.062157221206581355,0.060413548420861635,-2.842716682064461,33.046210986211314,176.27496788550232,-29.101322941840728,49.222023509920014,2.4386867251832913,104.0,0.9360146252285192,0.062157221206581355,0.062157221206581355,0.062157221206581355,0.062157221206581355,0.0603290676416819,1.0179131832317896,selection_x_align:extreme|with_trend
5,4.0,900,1208,0.16473509933774835,-1.7174106634224373,-2.4104227709956825,-2074.632081414304,25.26605200857959,-22.172341616376272,4.929760911253833,2.037103467667418,196.5,0.7152317880794702,0.12334437086092716,0.09933774834437085,0.076158940397351,0.054635761589403975,0.024834437086092714,0.30561057996147856,selection_x_align:extreme|with_trend
5,4.0,3600,1207,0.14333057166528584,-1.4431549059254518,-2.5179946407059877,-1741.8879714520203,114.88276214375634,-22.172341616376272,9.784204916102405,2.0378798582785755,196.0,0.8309859154929577,0.115990057995029,0.09942004971002485,0.0927920463960232,0.07207953603976802,0.04308202154101077,0.4620129702675757,selection_x_align:extreme|with_trend
5,4.0,14400,1203,0.09393183707398171,-1.0219209695390743,-2.5940958003437733,-1229.3709263555063,109.91479247451863,-22.172341616376272,21.24135065564436,2.039770124696064,194.0,0.9010806317539485,0.0914380714879468,0.0831255195344971,0.0798004987531172,0.06816292601828762,0.05403158769742311,0.6424326215601931,selection_x_align:extreme|with_trend
5,4.0,86400,1182,0.0532994923857868,0.23281296776096874,-2.656882273995347,275.18492789346504,200.01668992419587,-22.172341616376272,52.51438697080108,2.040901131489041,178.5,0.9458544839255499,0.0532994923857868,0.0532994923857868,0.05245346869712352,0.05245346869712352,0.051607445008460234,1.077466131547944,selection_x_align:extreme|with_trend
5,6.0,900,381,0.13910761154855644,-2.429306354428295,-2.5299491350912096,-925.5657210371804,22.65705472102922,-26.178555844215566,4.829021495109535,2.5144566940332638,168.0,0.7165354330708661,0.10761154855643044,0.08923884514435695,0.06561679790026247,0.03937007874015748,0.013123359580052493,0.1916510407844483,selection_x_align:extreme|with_trend
5,6.0,3600,381,0.13385826771653545,-2.2812031157709347,-2.6686005788265508,-869.1383871087261,105.54301488102463,-26.178555844215566,9.838008291144316,2.5144566940332638,168.0,0.8346456692913385,0.09973753280839895,0.08136482939632546,0.07086614173228346,0.049868766404199474,0.023622047244094488,0.2919289998650061,selection_x_align:extreme|with_trend
5,6.0,14400,379,0.09762532981530343,-2.0991002628571818,-2.691849369605791,-795.5589996228719,93.375970656792,-26.178555844215566,18.794721076393294,2.5229501957663043,162.0,0.8891820580474934,0.09234828496042216,0.0870712401055409,0.08443271767810026,0.06068601583113457,0.036939313984168866,0.3729329935829873,selection_x_align:extreme|with_trend
5,6.0,86400,373,0.06702412868632708,-0.40483590747447595,-2.7868562728911983,-151.00379348797952,70.54618390987658,-26.178555844215566,46.00146230171825,2.5226014815035156,146.0,0.9302949061662198,0.06702412868632708,0.06702412868632708,0.064343163538874,0.064343163538874,0.06166219839142091,0.8836045338496602,selection_x_align:extreme|with_trend
10,4.0,900,848,0.20872641509433962,-1.3312767163617312,-2.169182433492068,-1128.9226554747481,30.169747116673683,-24.59506011038262,5.2584363460574455,1.8934623993070174,287.5,0.6709905660377359,0.15330188679245282,0.11910377358490566,0.10377358490566038,0.06839622641509434,0.027122641509433963,0.4189428052335468,selection_x_align:extreme|with_trend
10,4.0,3600,847,0.1652892561983471,-1.2455870404189218,-2.332954838546364,-1055.0122232348267,43.2138408768955,-24.59506011038262,10.180299394637462,1.894053936601353,287.0,0.807556080283353,0.1357733175914994,0.11688311688311688,0.10979929161747344,0.08618654073199528,0.04604486422668241,0.5083628764279144,selection_x_align:extreme|with_trend
10,4.0,14400,843,0.1162514827995255,-0.6503413584470158,-2.3798690055446814,-548.2377651708343,69.72568570215843,-24.59506011038262,19.65933377338757,1.8961867990057424,285.0,0.8790035587188612,0.1103202846975089,0.10201660735468565,0.10083036773428232,0.08659549228944247,0.06998813760379596,0.7582758434381959,selection_x_align:extreme|with_trend
10,4.0,86400,824,0.0691747572815534,0.9513104078157666,-2.4197470041279523,783.8797760401917,186.8737147257229,-24.59506011038262,48.549996869114516,1.8968353915799514,264.0,0.9308252427184466,0.0691747572815534,0.0691747572815534,0.06796116504854369,0.06674757281553398,0.06310679611650485,1.3358566591033136,selection_x_align:extreme|with_trend
10,6.0,900,257,0.2529182879377432,-1.3247598489853127,-1.964967872212206,-340.46328118922537,28.569171522718502,-20.372392340002722,4.499153701225582,1.9926953496905735,467.0,0.5992217898832685,0.1867704280155642,0.13229571984435798,0.10116731517509728,0.058365758754863814,0.01556420233463035,0.41347466547852,selection_x_align:extreme|with_trend
10,6.0,3600,257,0.21011673151750973,-1.2662667350756687,-2.1392816556864434,-325.4305509144468,39.38260890773274,-20.372392340002722,7.876770141890401,1.9926953496905735,467.0,0.7509727626459144,0.16731517509727625,0.1517509727626459,0.12840466926070038,0.10116731517509728,0.0311284046692607,0.49924644645539235,selection_x_align:extreme|with_trend
10,6.0,14400,255,0.1607843137254902,-1.022038975898454,-2.254871413320651,-260.6199388541058,34.84256478651643,-20.372392340002722,14.428230116938215,2.0021400809180196,409.0,0.8274509803921568,0.1450980392156863,0.13333333333333333,0.12156862745098039,0.0784313725490196,0.06666666666666667,0.6242257048692917,selection_x_align:extreme|with_trend
10,6.0,86400,252,0.10714285714285714,0.8187508791642543,-2.330479586561836,206.32522154939207,61.93905357988993,-20.372392340002722,37.77723565881259,2.0128824677331787,358.5,0.8888888888888888,0.10714285714285714,0.10714285714285714,0.10714285714285714,0.10317460317460317,0.0873015873015873,1.2848976020750809,selection_x_align:extreme|with_trend
3,4.0,900,2280,0.14912280701754385,-1.4031104981259341,-2.1060003608400626,-3199.09193572713,22.803813770718616,-9.362404173360323,1.7185847607682356,1.3870928142296977,785.0,0.5232456140350877,0.07324561403508772,0.04342105263157895,0.029385964912280703,0.010964912280701754,0.0017543859649122807,0.15802715390999628,selection_x_side:control|long
3,4.0,3600,2265,0.16070640176600443,-1.4343338849932052,-2.134350751315257,-3248.7662495096097,31.315546490064047,-9.362404173360323,3.39643213728668,1.3886110383853845,778.0,0.7456953642384105,0.10860927152317881,0.0781456953642384,0.0565121412803532,0.029580573951434878,0.009271523178807948,0.25583554290519434,selection_x_side:control|long
3,4.0,14400,2248,0.09341637010676157,-1.3983100429916806,-2.172067343941471,-3143.4009766452978,52.40286643678597,-9.362404173360323,6.788909989135023,1.3894591957711027,756.5,0.8838967971530249,0.08718861209964412,0.07384341637010676,0.06316725978647687,0.04448398576512456,0.023576512455516015,0.36089103934669997,selection_x_side:control|long
3,4.0,86400,2184,0.027014652014652016,-1.6187642580258557,-2.2054632934827723,-3535.381139528469,78.27553401678033,-9.362404173360323,16.37731472761164,1.3872709932516056,715.5,0.9720695970695971,0.024725274725274724,0.02197802197802198,0.02152014652014652,0.018772893772893772,0.016483516483516484,0.3226057892685843,selection_x_side:control|long
3,6.0,900,851,0.13278495887191538,-1.6319215873989321,-2.1057154070695043,-1388.7652708764913,10.618449492082707,-9.362404173360323,1.704651367043488,1.6322268776058722,900.0,0.4900117508813161,0.06933019976498238,0.036427732079905996,0.023501762632197415,0.007050528789659225,0.0011750881316098707,0.11867423616471937,selection_x_side:control|long
3,6.0,3600,843,0.15658362989323843,-1.6770819637923422,-2.1655106247702087,-1413.7800954769446,17.40550173338798,-9.362404173360323,3.1342404394639702,1.6354312321609086,910.0,0.7105575326215896,0.10320284697508897,0.06524317912218268,0.042704626334519574,0.027283511269276393,0.0035587188612099642,0.1984978585287723,selection_x_side:control|long
3,6.0,14400,834,0.09712230215827339,-1.8067784330192243,-2.269527624585801,-1506.853213138033,49.70391981255131,-9.362404173360323,6.027761208895886,1.638782346369684,899.5,0.8669064748201439,0.08273381294964029,0.06594724220623502,0.050359712230215826,0.03117505995203837,0.017985611510791366,0.24051427084748708,selection_x_side:control|long
3,6.0,86400,813,0.033210332103321034,-1.9189286811144055,-2.3499732649884058,-1560.0890177460117,70.68488183722664,-9.362404173360323,14.699618394062885,1.629518605794737,818.0,0.964329643296433,0.028290282902829027,0.024600246002460024,0.023370233702337023,0.01968019680196802,0.015990159901599015,0.26438595647996377,selection_x_side:control|long
5,4.0,900,1704,0.1619718309859155,-1.3720608209331948,-2.1037274067521166,-2337.991638870164,13.162386611369774,-10.697096455052232,1.7900865113548545,1.4459412835210264,900.0,0.49765258215962443,0.07981220657276995,0.04460093896713615,0.029342723004694836,0.011150234741784037,0.002347417840375587,0.1708611914932683,selection_x_side:control|long
5,4.0,3600,1695,0.16755162241887905,-1.4476866248721096,-2.15250668099526,-2453.8288291582257,16.65904294466388,-10.697096455052232,3.4413455660529175,1.446859824772199,897.0,0.7238938053097345,0.11091445427728613,0.08023598820058997,0.05486725663716814,0.02831858407079646,0.00943952802359882,0.2530291382127656,selection_x_side:control|long
5,4.0,14400,1677,0.10316040548598689,-1.337934483302112,-2.1923655783468594,-2243.716128497642,52.40286643678597,-10.697096455052232,6.9834329741737555,1.4491644926861569,862.0,0.8688133571854502,0.09123434704830054,0.08109719737626714,0.06738223017292785,0.04531902206320811,0.026833631484794274,0.3952801287632545,selection_x_side:control|long
5,4.0,86400,1633,0.032455603184323334,-1.5681768924183777,-2.242072983199949,-2560.8328653192107,71.88040700901627,-10.697096455052232,16.464344852342496,1.4467548144502227,799.0,0.966319657072872,0.02878138395590937,0.025719534598897736,0.025719534598897736,0.023270055113288425,0.018983466013472138,0.3578068856194134,selection_x_side:control|long
5,6.0,900,556,0.1223021582733813,-1.7637320095185653,-2.131516332717207,-980.6349972923223,9.070812271141373,-10.697096455052232,1.8404286698056136,1.7423555397123618,812.0,0.5179856115107914,0.06294964028776978,0.03776978417266187,0.025179856115107913,0.00539568345323741,0.0,0.10785582693932606,selection_x_side:control|long
5,6.0,3600,552,0.161231884057971,-1.8073418005992536,-2.274860488399541,-997.652673930788,14.868652794017393,-10.697096455052232,3.177270618025648,1.7442217635856094,799.0,0.7119565217391305,0.09782608695652174,0.06340579710144928,0.03804347826086957,0.021739130434782608,0.005434782608695652,0.1800931051799565,selection_x_side:control|long
5,6.0,14400,545,0.10825688073394496,-1.7845123596728378,-2.346575665615693,-972.5592360216966,49.70391981255131,-10.697096455052232,6.024099387629964,1.7491651429163597,782.0,0.8495412844036697,0.09174311926605505,0.07706422018348624,0.05321100917431193,0.031192660550458717,0.022018348623853212,0.2722325156209178,selection_x_side:control|long
5,6.0,86400,532,0.03571428571428571,-1.9992115297543265,-2.434109344873254,-1063.5805338293017,70.68488183722664,-10.697096455052232,14.4827479305619,1.7408485628305643,736.5,0.9605263157894737,0.03007518796992481,0.02443609022556391,0.02443609022556391,0.020676691729323307,0.015037593984962405,0.2664814423438646,selection_x_side:control|long
10,4.0,900,994,0.19416498993963782,-1.2662378118431938,-1.833845143871407,-1258.6403849721346,12.149016717301821,-10.860685185466062,2.0899604910151988,1.4722132097771683,900.0,0.4738430583501006,0.1056338028169014,0.05835010060362173,0.03722334004024145,0.015090543259557344,0.002012072434607646,0.21677555318506675,selection_x_side:control|long
10,4.0,3600,990,0.1898989898989899,-1.3533602613219766,-2.151071375004648,-1339.826658708757,16.384678577985255,-10.860685185466062,3.564468537122515,1.4730066557546213,1026.5,0.694949494949495,0.13232323232323231,0.1,0.06464646464646465,0.03333333333333333,0.007070707070707071,0.2904591211584705,selection_x_side:control|long
10,4.0,14400,982,0.12219959266802444,-1.3489522094232214,-2.21531381566565,-1324.6710696536034,49.70391981255131,-10.860685185466062,6.76558033859234,1.4759981734252667,1004.5,0.845213849287169,0.10386965376782077,0.08961303462321792,0.07230142566191446,0.048879837067209775,0.026476578411405296,0.38350817851759633,selection_x_side:control|long
10,4.0,86400,954,0.03878406708595388,-1.456113603719334,-2.280696692943501,-1389.1323779482448,70.94564138542381,-10.860685185466062,16.316268077566594,1.4763885258025726,915.0,0.9591194968553459,0.03563941299790356,0.033542976939203356,0.031446540880503145,0.02830188679245283,0.023060796645702306,0.40615325859613116,selection_x_side:control|long
10,6.0,900,303,0.22112211221122113,-1.2414623306644221,-1.3388310923963984,-376.1630861913199,9.17121831966102,-8.540952142767033,2.1270990243176433,1.572398316973615,900.0,0.40594059405940597,0.1188118811881188,0.0594059405940594,0.0297029702970297,0.009900990099009901,0.0,0.2173488860287177,selection_x_side:control|long
10,6.0,3600,302,0.24172185430463577,-1.2252643647016848,-2.1060437982544116,-370.0298381399088,14.820432061552463,-8.540952142767033,3.3854226990521723,1.5734872367344896,1772.5,0.6158940397350994,0.15562913907284767,0.11258278145695365,0.08609271523178808,0.029801324503311258,0.0033112582781456954,0.3394763057131171,selection_x_side:control|long
10,6.0,14400,300,0.17333333333333334,-1.1457211989634386,-2.193661004168341,-343.71635968903155,20.72770346989693,-8.540952142767033,5.863418054120556,1.5778172560787171,1703.5,0.78,0.15666666666666668,0.12,0.10666666666666667,0.06666666666666667,0.03,0.4687180071994983,selection_x_side:control|long
10,6.0,86400,288,0.06944444444444445,-0.520357217098082,-2.3136852637998677,-149.86287852424763,70.68488183722664,-8.540952142767033,14.732169575354213,1.5758075877749989,1531.0,0.9236111111111112,0.06597222222222222,0.059027777777777776,0.05555555555555555,0.052083333333333336,0.03819444444444445,0.7895138887241112,selection_x_side:control|long
3,4.0,900,2765,0.14358047016274864,-1.3696662615083344,-2.0036637226387524,-3787.1272130705447,13.066711619175795,-8.422586928767304,1.6640265269144583,1.3409704333814763,900.0,0.49005424954792043,0.06835443037974684,0.03508137432188065,0.019168173598553346,0.007956600361663653,0.0014466546112115732,0.13957528971998132,selection_x_side:control|short
3,4.0,3600,2754,0.1550472040668119,-1.4592717043474395,-2.116797416482372,-4018.834273772848,19.408006000962324,-8.555713897405472,3.2016654491380008,1.3411019599408796,949.5,0.7193173565722585,0.09949164851125636,0.06318082788671024,0.042846768336964415,0.024691358024691357,0.0054466230936819175,0.2180806710118814,selection_x_side:control|short
3,4.0,14400,2738,0.10993425858290723,-1.452472199766183,-2.1514021641001237,-3976.868882959809,27.079517688176175,-8.555713897405472,6.632331796260973,1.3385748317859623,935.5,0.8681519357195033,0.09240321402483564,0.07560262965668371,0.0591672753834916,0.03688823959094229,0.023739956172388606,0.31319743797993377,selection_x_side:control|short
3,4.0,86400,2692,0.02451708766716196,-1.9646682395813964,-2.1929548875360383,-5288.886900953119,50.03606216694976,-8.555713897405472,16.081228756802574,1.3370246847219056,882.5,0.974739970282318,0.024145616641901933,0.023402674591381872,0.021173848439821695,0.015973254086181277,0.0137444279346211,0.1658969176372467,selection_x_side:control|short
3,6.0,900,844,0.12796208530805686,-1.634628236352481,-2.071915789035054,-1379.626231481494,13.066711619175795,-9.025596745267816,1.7814489841490644,1.5926215562207047,900.0,0.48933649289099523,0.058056872037914695,0.034360189573459717,0.022511848341232227,0.01066350710900474,0.002369668246445498,0.12122113533686317,selection_x_side:control|short
3,6.0,3600,842,0.14251781472684086,-1.7663496394625475,-2.1612030203564503,-1487.266396427465,12.978252144426584,-9.025596745267816,3.098323750237889,1.5936573920346158,992.5,0.7102137767220903,0.08194774346793349,0.0510688836104513,0.032066508313539195,0.019002375296912115,0.007125890736342043,0.16330533100995162,selection_x_side:control|short
3,6.0,14400,833,0.11044417767106843,-1.8053731216648308,-2.228247136570395,-1503.875810346804,25.56359996884643,-9.025596745267816,6.156435428009751,1.5942220861555365,969.0,0.858343337334934,0.08283313325330131,0.06842737094837935,0.0468187274909964,0.03241296518607443,0.01920768307322929,0.23368219036281948,selection_x_side:control|short
3,6.0,86400,817,0.009791921664626682,-2.4837839940639963,-2.2980138633752483,-2029.2515231502848,37.496576784757075,-9.025596745267816,15.539021206488785,1.592934654048878,877.0,0.9902080783353733,0.009791921664626682,0.009791921664626682,0.0073439412484700125,0.0073439412484700125,0.006119951040391677,0.06457070522338444,selection_x_side:control|short
5,4.0,900,1743,0.1566265060240964,-1.3641400497285767,-1.9746492781792133,-2377.696106676909,13.066711619175795,-8.9419845257565,1.837875271957098,1.403874089960847,900.0,0.48479632816982215,0.07458405048766495,0.040160642570281124,0.025243832472748137,0.011474469305794608,0.002294893861158921,0.16239855221028274,selection_x_side:control|short
5,4.0,3600,1736,0.16129032258064516,-1.4274352266843764,-2.132270641918814,-2478.0275535240776,15.765694676929336,-8.9419845257565,3.3424360311898336,1.404039032135255,983.5,0.7235023041474654,0.1077188940092166,0.07258064516129033,0.051267281105990783,0.03110599078341014,0.009216589861751152,0.2549100787036742,selection_x_side:control|short
5,4.0,14400,1725,0.10434782608695652,-1.5239903685964158,-2.1850529372566894,-2628.883385828817,26.344545374630016,-8.9419845257565,6.852261463345271,1.401625279423333,969.0,0.8771014492753623,0.08637681159420289,0.07246376811594203,0.057391304347826085,0.03826086956521739,0.02666666666666667,0.30574783473795114,selection_x_side:control|short
5,4.0,86400,1692,0.016548463356973995,-2.1717636191089658,-2.2209122772681797,-3674.62404353237,37.496576784757075,-8.9419845257565,16.15015674812282,1.400598367068142,910.5,0.983451536643026,0.016548463356973995,0.015957446808510637,0.014775413711583925,0.01182033096926714,0.010638297872340425,0.10919291586318837,selection_x_side:control|short
5,6.0,900,493,0.12778904665314403,-1.681567610714078,-2.105870967741937,-829.0128320820404,13.066711619175795,-7.198340120939835,1.916250374075727,1.6477284532702128,883.0,0.5030425963488844,0.05476673427991886,0.038539553752535496,0.02434077079107505,0.008113590263691683,0.002028397565922921,0.11551293389828723,selection_x_side:control|short
5,6.0,3600,492,0.12804878048780488,-1.774733732403957,-2.2111778140324017,-873.1689963427468,12.978252144426584,-7.198340120939835,3.1093074380114265,1.648611906717656,880.0,0.7235772357723578,0.07520325203252033,0.052845528455284556,0.032520325203252036,0.024390243902439025,0.012195121951219513,0.17643652409646804,selection_x_side:control|short
5,6.0,14400,488,0.10860655737704918,-1.7676371893443954,-2.2568118388595617,-862.606948400065,24.70639100716193,-7.198340120939835,6.210989688131221,1.6470091229878805,872.5,0.8524590163934426,0.08401639344262295,0.07377049180327869,0.06147540983606557,0.040983606557377046,0.020491803278688523,0.2547287886069743,selection_x_side:control|short
5,6.0,86400,475,0.016842105263157894,-2.421305181145568,-2.330954245827078,-1150.119961044145,37.496576784757075,-7.198340120939835,15.293775570469608,1.6412953662181917,786.0,0.9831578947368421,0.016842105263157894,0.016842105263157894,0.01263157894736842,0.01263157894736842,0.008421052631578947,0.09387290229030718,selection_x_side:control|short
10,4.0,900,1003,0.18344965104685942,-1.2641394318686774,-1.8039376447976543,-1267.9318501642833,12.948296023387101,-8.345248853144199,2.054424255248229,1.4207275334332699,900.0,0.4745762711864407,0.09471585244267199,0.058823529411764705,0.036889332003988036,0.01296111665004985,0.0009970089730807576,0.20706758773681921,selection_x_side:control|short
10,4.0,3600,997,0.1905717151454363,-1.2886845833540947,-2.126920246248483,-1284.8185296040324,16.879871444038,-8.345248853144199,3.515884767643743,1.4201557506536415,1053.0,0.695085255767302,0.1354062186559679,0.09327983951855567,0.0641925777331996,0.03510531594784353,0.007021063189568706,0.31088864524645354,selection_x_side:control|short
10,4.0,14400,991,0.11503531786074672,-1.3803694670852302,-2.184896826645986,-1367.946141881463,25.91340962408667,-8.345248853144199,6.878861646484391,1.420123052753958,1027.0,0.8557013118062563,0.10090817356205853,0.08577194752774975,0.07265388496468214,0.050454086781029264,0.029263370332996974,0.36727530410815457,selection_x_side:control|short
10,4.0,86400,961,0.02081165452653486,-2.1298114923971956,-2.2289933341925194,-2046.7488441937048,37.496576784757075,-8.345248853144199,15.811534495344018,1.4200073414307786,952.0,0.9791883454734651,0.02081165452653486,0.02081165452653486,0.018730489073881373,0.01664932362122789,0.012486992715920915,0.13132391315273043,selection_x_side:control|short
10,6.0,900,255,0.1843137254901961,-1.5599247139113173,-1.8044227005194426,-397.7808020473859,5.567472403182676,-8.345248853144199,2.5183455481510935,1.6856320253981543,900.0,0.4823529411764706,0.0784313725490196,0.06274509803921569,0.0392156862745098,0.00784313725490196,0.0,0.160860684776614,selection_x_side:control|short
10,6.0,3600,255,0.12941176470588237,-1.9215469716707605,-2.215943773382571,-489.99447777604394,14.478949850281792,-8.345248853144199,3.5628998413175665,1.6856320253981543,1069.0,0.7372549019607844,0.10196078431372549,0.058823529411764705,0.03137254901960784,0.01568627450980392,0.00392156862745098,0.14683846989698368,selection_x_side:control|short
10,6.0,14400,253,0.1067193675889328,-1.748868185798133,-2.3220387591832727,-442.46365100692765,24.70639100716193,-8.345248853144199,6.91847665364308,1.6881956942012455,1062.0,0.857707509881423,0.09090909090909091,0.08695652173913043,0.06324110671936758,0.043478260869565216,0.023715415019762844,0.2916478133406158,selection_x_side:control|short
10,6.0,86400,244,0.01639344262295082,-2.38945049690791,-2.4425629089450127,-583.0259212455301,37.496576784757075,-8.345248853144199,15.369320868238633,1.6980782263777443,886.0,0.9836065573770492,0.01639344262295082,0.01639344262295082,0.01639344262295082,0.01639344262295082,0.012295081967213115,0.1319256741764512,selection_x_side:control|short
3,4.0,900,1704,0.13380281690140844,-1.9781019060525806,-2.4245648765335677,-3370.685647913597,27.306886878742823,-42.719532096595856,3.8965229700701887,1.9648406656156676,154.5,0.7406103286384976,0.09096244131455399,0.06690140845070422,0.051643192488262914,0.03814553990610329,0.015258215962441314,0.20890686909962583,selection_x_side:extreme|long
3,4.0,3600,1702,0.09929494712103408,-1.9932748638578497,-2.481577646322936,-3392.55381828606,45.90237002960609,-42.719532096595856,7.253927408171491,1.9658410341711878,154.0,0.8748531139835488,0.08401880141010576,0.07168037602820211,0.06169212690951821,0.04465334900117509,0.02526439482961222,0.2696400935304911,selection_x_side:extreme|long
3,4.0,14400,1699,0.04885226603884638,-2.0425192778772012,-2.5119495393797537,-3470.240253113365,76.17156754252959,-42.719532096595856,13.263931352586745,1.9641666717621664,154.0,0.948204826368452,0.047086521483225424,0.04473219540906415,0.0429664508534432,0.03884638022366098,0.02942907592701589,0.29592336132415525,selection_x_side:extreme|long
3,4.0,86400,1684,0.012470308788598575,-2.4230372623079672,-2.554012082913128,-4080.3947497266167,103.44666069732492,-42.719532096595856,30.757836317667266,1.9672270439047854,150.5,0.9869358669833729,0.012470308788598575,0.012470308788598575,0.012470308788598575,0.012470308788598575,0.012470308788598575,0.20098725521855743,selection_x_side:extreme|long
3,6.0,900,508,0.1279527559055118,-2.420557246748796,-2.5730999787396573,-1229.6430813483885,18.489799853343495,-26.311642120294266,3.7211504920949987,2.376743783498254,171.5,0.718503937007874,0.08070866141732283,0.05511811023622047,0.04921259842519685,0.03543307086614173,0.005905511811023622,0.14619817867904622,selection_x_side:extreme|long
3,6.0,3600,507,0.10453648915187377,-2.620477168196704,-2.6869557856068997,-1328.5819242757289,15.700125072110144,-26.311642120294266,6.486062809692236,2.3792620158128464,170.0,0.8579881656804734,0.08678500986193294,0.06903353057199212,0.055226824457593686,0.03747534516765286,0.009861932938856016,0.14590955826087126,selection_x_side:extreme|long
3,6.0,14400,505,0.04554455445544554,-2.7251745170696933,-2.7921436836162457,-1376.2131311201952,41.47572270712528,-26.311642120294266,11.17143237903818,2.3801138418919376,170.0,0.9504950495049505,0.041584158415841586,0.03762376237623762,0.03564356435643564,0.0297029702970297,0.02178217821782178,0.17586956295284858,selection_x_side:extreme|long
3,6.0,86400,505,0.02178217821782178,-2.380662656185807,-2.8041198960823404,-1202.2346413738326,73.98258658347699,-26.311642120294266,24.545945838424572,2.3801138418919376,170.0,0.9782178217821782,0.02178217821782178,0.02178217821782178,0.02178217821782178,0.02178217821782178,0.02178217821782178,0.3030004959328947,selection_x_side:extreme|long
5,4.0,900,1250,0.1544,-1.872399550487544,-2.405497647773478,-2340.49943810943,18.489799853343495,-22.172341616376272,3.818067742343818,1.9319741621378046,213.5,0.7208,0.108,0.0808,0.06,0.0424,0.0136,0.2262662798507113,selection_x_side:extreme|long
5,4.0,3600,1247,0.12028869286287089,-1.8053350915076933,-2.489997957606472,-2251.2528591100936,42.582281193909324,-22.172341616376272,7.04236902499846,1.9339540085184603,212.0,0.8556535685645549,0.10184442662389735,0.08660785886126704,0.07778668805132317,0.05693664795509222,0.02967121090617482,0.3220671935566859,selection_x_side:extreme|long
5,4.0,14400,1243,0.06516492357200322,-1.761512069909985,-2.53490232256214,-2189.5595028981115,74.30261054589711,-22.172341616376272,12.890309187312104,1.9342973971545707,210.0,0.9332260659694288,0.06033789219629927,0.05711987127916331,0.05551086082059534,0.053901850362027354,0.035398230088495575,0.38160187646620863,selection_x_side:extreme|long
5,4.0,86400,1225,0.017959183673469388,-2.131651943896585,-2.5827831445091385,-2611.273631273317,103.44666069732492,-22.172341616376272,28.683654422706923,1.9404347331587908,200.0,0.9820408163265306,0.017959183673469388,0.017959183673469388,0.017959183673469388,0.017959183673469388,0.017959183673469388,0.28882776420334016,selection_x_side:extreme|long
5,6.0,900,356,0.1348314606741573,-2.330578448828793,-2.4778857437645936,-829.6859277830503,13.54842736017985,-22.172341616376272,3.505632971940315,2.372535399588195,294.5,0.6825842696629213,0.09550561797752809,0.06741573033707865,0.05337078651685393,0.03651685393258427,0.008426966292134831,0.1626301911943156,selection_x_side:extreme|long
5,6.0,3600,356,0.12359550561797752,-2.472381410720796,-2.565648620978634,-880.1677822166034,27.866619060612333,-22.172341616376272,6.1906560879100825,2.372535399588195,294.5,0.8314606741573034,0.0898876404494382,0.0702247191011236,0.06179775280898876,0.042134831460674156,0.008426966292134831,0.18873947376265704,selection_x_side:extreme|long
5,6.0,14400,355,0.059154929577464786,-2.571897258670056,-2.6855814175223314,-913.0235268278699,51.909530466576086,-22.172341616376272,10.75779860350308,2.377036749109285,290.0,0.9267605633802817,0.05070422535211268,0.04788732394366197,0.04507042253521127,0.04507042253521127,0.028169014084507043,0.21368413647880716,selection_x_side:extreme|long
5,6.0,86400,350,0.025714285714285714,-2.692455978777287,-2.766835005842763,-942.3595925720505,55.661836658222214,-22.172341616376272,22.46465381141685,2.3833728295719294,263.5,0.9742857142857143,0.025714285714285714,0.025714285714285714,0.025714285714285714,0.025714285714285714,0.02,0.2147183680616211,selection_x_side:extreme|long
10,4.0,900,834,0.19784172661870503,-1.5114206592815387,-2.1961382897309463,-1260.5248298408032,17.7326582185255,-20.080895035847952,3.9186555981102322,1.8076807306580478,315.5,0.6558752997601919,0.14628297362110312,0.09952038369304557,0.0803357314148681,0.050359712230215826,0.014388489208633094,0.31069734959638357,selection_x_side:extreme|long
10,4.0,3600,834,0.1498800959232614,-1.4516276233456413,-2.32715262002169,-1210.6574378702649,43.2138408768955,-20.080895035847952,6.851898051648603,1.8076807306580478,315.5,0.8129496402877698,0.12589928057553956,0.10551558752997602,0.09592326139088729,0.07434052757793765,0.03477218225419664,0.41471908499307253,selection_x_side:extreme|long
10,4.0,14400,831,0.08303249097472924,-1.4480192144428266,-2.386217998494398,-1203.3039672019888,69.72568570215843,-20.080895035847952,12.000894342475114,1.804174314538678,314.0,0.9133574007220217,0.07821901323706378,0.07220216606498195,0.06859205776173286,0.06016847172081829,0.044524669073405534,0.4613746346022967,selection_x_side:extreme|long
10,4.0,86400,815,0.03067484662576687,-1.8508975872546458,-2.4255481918489594,-1508.4815336125364,61.93905357988993,-20.080895035847952,25.101058069355528,1.807444393673479,291.0,0.9693251533742331,0.03067484662576687,0.029447852760736196,0.029447852760736196,0.02822085889570552,0.026993865030674847,0.34987924093093287,selection_x_side:extreme|long
10,6.0,900,213,0.2112676056338028,-1.529601407778213,-2.0908372341378874,-325.80509985675934,14.463386973087275,-20.080895035847952,3.749162810858005,2.012103228986654,516.0,0.6103286384976526,0.15492957746478872,0.10328638497652583,0.07981220657276995,0.046948356807511735,0.014084507042253521,0.3163947052107356,selection_x_side:extreme|long
10,6.0,3600,213,0.1643192488262911,-1.8574231146057245,-2.227293146709671,-395.6311234110193,16.30590177386925,-20.080895035847952,6.034063893411454,2.012103228986654,516.0,0.7699530516431925,0.12206572769953052,0.09389671361502347,0.08450704225352113,0.06572769953051644,0.009389671361502348,0.2820427510983215,selection_x_side:extreme|long
10,6.0,14400,212,0.10849056603773585,-1.5853216314954992,-2.3315168810444087,-336.0881858770458,39.59846638333635,-20.080895035847952,10.159586270108681,2.0188296287358365,512.5,0.8820754716981132,0.09433962264150944,0.08018867924528301,0.07547169811320754,0.05660377358490566,0.04716981132075472,0.43997734335851696,selection_x_side:extreme|long
10,6.0,86400,208,0.0625,-1.3583162384389724,-2.363009322950174,-282.52977759530626,61.93905357988993,-20.080895035847952,19.920751507329708,2.0179938436054465,440.0,0.9375,0.057692307692307696,0.057692307692307696,0.057692307692307696,0.052884615384615384,0.038461538461538464,0.5432238623417082,selection_x_side:extreme|long
3,4.0,900,1868,0.14882226980728053,-1.8214957695739258,-2.2583272016306477,-3402.5540975640934,25.26605200857959,-34.319962568006986,4.2222491674606895,1.8666096644561287,210.5,0.6825481798715204,0.09903640256959315,0.0690578158458244,0.05299785867237687,0.028372591006423982,0.009100642398286937,0.20695024903420117,selection_x_side:extreme|short
3,4.0,3600,1865,0.13780160857908846,-1.4886784934583026,-2.346315256332447,-2776.3853902997344,134.89683976886445,-34.319962568006986,8.769206825490183,1.867776829750238,209.0,0.8160857908847186,0.10884718498659518,0.0932975871313673,0.07935656836461126,0.061126005361930295,0.030563002680965148,0.4075399156087767,selection_x_side:extreme|short
3,4.0,14400,1859,0.10381925766541152,-0.8739276383915074,-2.3876394765215543,-1624.6314797698124,138.8810216115046,-34.319962568006986,21.02816094927565,1.8686807564788153,206.0,0.8875739644970414,0.09628832705755783,0.09037116729424421,0.0849919311457773,0.07100591715976332,0.05110274341043572,0.6716402286659288,selection_x_side:extreme|short
3,4.0,86400,1840,0.07880434782608696,1.8258794434467465,-2.4161155236289726,3359.6181759420133,218.646025941726,-34.319962568006986,69.78635716811159,1.8650764129931634,200.0,0.9211956521739131,0.07880434782608696,0.0782608695652174,0.0782608695652174,0.0782608695652174,0.07771739130434782,1.6636460759813092,selection_x_side:extreme|short
3,6.0,900,562,0.1494661921708185,-2.232703637681186,-2.3836642539961823,-1254.7794443768264,20.849059890525766,-29.101322941840728,4.037882656304422,2.3458156326088564,226.5,0.6459074733096085,0.08718861209964412,0.0693950177935943,0.05516014234875445,0.030249110320284697,0.008896797153024912,0.1700796395603071,selection_x_side:extreme|short
3,6.0,3600,561,0.1711229946524064,-1.8129945434127246,-2.4976943302324752,-1017.0899388545384,114.88276214375634,-29.101322941840728,8.611847833141233,2.3480363378363234,225.0,0.7700534759358288,0.12299465240641712,0.09803921568627451,0.08377896613190731,0.0570409982174688,0.0213903743315508,0.3697905838997242,selection_x_side:extreme|short
3,6.0,14400,559,0.12701252236135957,-1.3948060601920695,-2.597887812897629,-779.6965876473669,109.91479247451863,-29.101322941840728,18.45761678544909,2.3512472521021945,223.0,0.8586762075134168,0.11270125223613596,0.10196779964221825,0.09660107334525939,0.07692307692307693,0.046511627906976744,0.5460989841131709,selection_x_side:extreme|short
3,6.0,86400,551,0.09618874773139746,1.8546666082485628,-2.6323198797058778,1021.9213011449581,176.27496788550232,-29.101322941840728,64.78439933236129,2.3525239667693714,206.0,0.9001814882032668,0.09618874773139746,0.09618874773139746,0.09618874773139746,0.09618874773139746,0.09437386569872959,1.5814584222221246,selection_x_side:extreme|short
5,4.0,900,1298,0.16563944530046226,-1.714034358471926,-2.2748388286355503,-2224.81659729656,27.090653999145417,-16.66902732996796,4.27529612681887,1.9762682721881653,253.5,0.6640986132511556,0.11941448382126348,0.08551617873651772,0.06086286594761171,0.03775038520801233,0.01694915254237288,0.26788172592265797,selection_x_side:extreme|short
5,4.0,3600,1297,0.16268311488049345,-1.359909657274658,-2.3641110988864256,-1763.8028254852316,114.88276214375634,-16.66902732996796,8.834185403079784,1.9769438838089735,253.0,0.7887432536622976,0.1264456437933693,0.10717039321511179,0.09175019275250579,0.07247494217424827,0.03315343099460293,0.4648046386171909,selection_x_side:extreme|short
5,4.0,14400,1292,0.11996904024767802,-0.7628595511618323,-2.4401258670712673,-985.6145401010874,109.91479247451863,-16.66902732996796,20.650943079469087,1.9785097981848607,248.5,0.8707430340557275,0.11068111455108359,0.10061919504643962,0.09597523219814241,0.07894736842105263,0.05572755417956656,0.7204835890859455,selection_x_side:extreme|short
5,4.0,86400,1278,0.08763693270735524,1.9599303383029563,-2.500079471318767,2504.790972351178,200.01668992419587,-16.66902732996796,65.31135181280825,1.9730323029240586,238.0,0.9107981220657277,0.08763693270735524,0.08763693270735524,0.08685446009389672,0.08685446009389672,0.08528951486697965,1.688853127863097,selection_x_side:extreme|short
5,6.0,900,366,0.1557377049180328,-2.320840334569407,-2.3706655433901958,-849.427562452403,22.65705472102922,-26.178555844215566,4.479670123564656,2.5056269011064165,229.0,0.6557377049180327,0.10655737704918032,0.08469945355191257,0.060109289617486336,0.030054644808743168,0.01366120218579235,0.1905523454253608,selection_x_side:extreme|short
5,6.0,3600,366,0.16120218579234974,-1.9606242250308457,-2.5827250958950794,-717.5884663612895,105.54301488102463,-26.178555844215566,9.329978200148258,2.5056269011064165,229.0,0.7841530054644809,0.12295081967213115,0.09289617486338798,0.08196721311475409,0.060109289617486336,0.02185792349726776,0.36282412557857674,selection_x_side:extreme|short
5,6.0,14400,365,0.1178082191780822,-1.576643080904004,-2.684603371624246,-575.4747245299615,93.375970656792,-26.178555844215566,18.512675320938335,2.5096551394337134,228.0,0.863013698630137,0.11232876712328767,0.1095890410958904,0.10684931506849316,0.07123287671232877,0.043835616438356165,0.5158259718305643,selection_x_side:extreme|short
5,6.0,86400,361,0.0886426592797784,1.2964094967540565,-2.752556621278748,468.00382832821435,125.31659279709187,-26.178555844215566,59.41216202580501,2.5022170797976044,214.0,0.9058171745152355,0.0886426592797784,0.0886426592797784,0.08587257617728532,0.08587257617728532,0.08310249307479224,1.384015848997962,selection_x_side:extreme|short
10,4.0,900,846,0.21394799054373523,-1.3154964386780998,-2.1110554100150027,-1112.9099871216724,30.169747116673683,-24.59506011038262,4.6679220000686525,1.8321490243688099,406.0,0.6158392434988179,0.14775413711583923,0.11347517730496454,0.08747044917257683,0.04846335697399527,0.01773049645390071,0.38086900613810415,selection_x_side:extreme|short
10,4.0,3600,844,0.18601895734597157,-1.1981456056538116,-2.260989194123935,-1011.234891171817,40.44382527756258,-24.59506011038262,9.479797026734497,1.833648389206852,405.0,0.773696682464455,0.1504739336492891,0.12559241706161137,0.11018957345971564,0.08412322274881516,0.03672985781990521,0.4977134143335046,selection_x_side:extreme|short
10,4.0,14400,840,0.13095238095238096,-0.6049058215925202,-2.3141807820440583,-508.1208901377169,67.78048686953915,-24.59506011038262,19.65015523704083,1.8360891108926212,400.5,0.8571428571428571,0.12023809523809524,0.10952380952380952,0.10714285714285714,0.08928571428571429,0.05952380952380952,0.7646309097812078,selection_x_side:extreme|short
10,4.0,86400,826,0.08958837772397095,1.8973605746433073,-2.3498510537814,1567.2198346553719,186.8737147257229,-24.59506011038262,62.54413837436963,1.8320370139012234,362.5,0.9092009685230025,0.08958837772397095,0.08837772397094432,0.08716707021791767,0.08595641646489104,0.07869249394673124,1.704252662251592,selection_x_side:extreme|short
10,6.0,900,205,0.23902439024390243,-1.485057874472486,-1.7331579486199746,-304.43686426685963,28.569171522718502,-20.372392340002722,3.957206361930911,1.887836741464246,585.0,0.5560975609756098,0.15609756097560976,0.11707317073170732,0.06829268292682927,0.02926829268292683,0.004878048780487805,0.31535479614965173,selection_x_side:extreme|short
10,6.0,3600,205,0.22439024390243903,-1.1419889398748233,-2.111924567891896,-234.1077326743388,39.38260890773274,-20.372392340002722,7.424656828120969,1.887836741464246,585.0,0.7219512195121951,0.1902439024390244,0.16585365853658537,0.13170731707317074,0.09268292682926829,0.02926829268292683,0.5205151334197231,selection_x_side:extreme|short
10,6.0,14400,204,0.16666666666666666,-1.1508007786524124,-2.19326482606208,-234.7633588450921,34.84256478651643,-20.372392340002722,14.031402067614787,1.8922335992448434,563.5,0.8088235294117647,0.15196078431372548,0.14215686274509803,0.12254901960784313,0.07352941176470588,0.049019607843137254,0.5541696751461888,selection_x_side:extreme|short
10,6.0,86400,202,0.1188118811881188,1.3775259487615499,-2.2273955229227296,278.26024164983306,93.62917167786276,-20.372392340002722,45.971035641142066,1.9016686758619823,538.5,0.8712871287128713,0.1188118811881188,0.1188118811881188,0.1188118811881188,0.1188118811881188,0.09900990099009901,1.5054598234471641,selection_x_side:extreme|short
3,4.0,900,1636,0.14486552567237163,-1.3675680843340892,-2.1046255854389333,-2237.3413859705697,11.640862136990656,-6.346284799376419,1.7497877925948586,1.3588020883068235,880.5,0.5061124694376528,0.0812958435207824,0.0421760391198044,0.022616136919315404,0.009779951100244499,0.0018337408312958435,0.1599988201416656,selection_x_vol:control|unknown
3,4.0,3600,1636,0.15097799511002444,-1.4079203144508627,-2.132498761800323,-2303.3576344416115,16.65904294466388,-6.346284799376419,3.3751938200348053,1.3588020883068235,880.5,0.7322738386308069,0.09841075794621026,0.07029339853300734,0.055623471882640586,0.03484107579462103,0.009168704156479218,0.2583215181724305,selection_x_vol:control|unknown
3,4.0,14400,1636,0.09902200488997555,-1.4431665539545566,-2.1707734672927836,-2361.0204822696546,25.999474855943753,-6.346284799376419,6.725862063367426,1.3588020883068235,880.5,0.8643031784841075,0.07885085574572127,0.06601466992665037,0.055623471882640586,0.0421760391198044,0.028728606356968216,0.32289482828699984,selection_x_vol:control|unknown
3,4.0,86400,1636,0.04462102689486552,-1.2742689852913387,-2.204912542035638,-2084.70405993663,78.27553401678033,-6.346284799376419,17.49721754753276,1.3588020883068235,880.5,0.9547677261613692,0.04462102689486552,0.04156479217603912,0.03850855745721271,0.029339853300733496,0.02567237163814181,0.4507969364933404,selection_x_vol:control|unknown
3,6.0,900,547,0.10786106032906764,-1.6275244273863025,-2.0857463813360324,-890.2558617803074,11.640862136990656,-6.346284799376419,1.6456672762216171,1.5657032071769725,900.0,0.49177330895795246,0.062157221206581355,0.03473491773308958,0.025594149908592323,0.009140767824497258,0.0018281535648994515,0.11886610946174195,selection_x_vol:control|unknown
3,6.0,3600,547,0.14442413162705667,-1.6521551718707141,-2.1603206551214926,-903.7288790132807,14.820432061552463,-6.346284799376419,2.9809423460147855,1.5657032071769725,952.0,0.7093235831809872,0.08592321755027423,0.056672760511883,0.038391224862888484,0.029250457038391225,0.007312614259597806,0.1958895059112613,selection_x_vol:control|unknown
3,6.0,14400,547,0.09689213893967093,-1.74147467256605,-2.227725433185386,-952.5866458936293,23.05812254156263,-6.346284799376419,5.905650959375043,1.5657032071769725,952.0,0.8464351005484461,0.06764168190127971,0.05850091407678245,0.04204753199268738,0.03473491773308958,0.025594149908592323,0.23828535393158856,selection_x_vol:control|unknown
3,6.0,86400,547,0.03290676416819013,-1.6387634002074538,-2.2883397196488553,-896.4035799134772,70.68488183722664,-6.346284799376419,15.566615812315447,1.5657032071769725,952.0,0.9670932358318098,0.03290676416819013,0.03290676416819013,0.031078610603290677,0.025594149908592323,0.021937842778793418,0.3525225197270967,selection_x_vol:control|unknown
5,4.0,900,1117,0.1521933751119069,-1.3291441628096663,-1.963781245249551,-1484.6540298583973,13.162386611369774,-7.198340120939835,1.876884052235161,1.4323105868749004,900.0,0.4843330349149508,0.08415398388540735,0.047448522829006266,0.02954341987466428,0.01521933751119069,0.004476275738585497,0.18992798225845012,selection_x_vol:control|unknown
5,4.0,3600,1117,0.1647269471799463,-1.4033973121226686,-2.150554121754983,-1567.594797641021,16.65904294466388,-7.198340120939835,3.527289526989897,1.4323105868749004,1013.0,0.7197851387645479,0.10564010743061773,0.07699194270367055,0.05819158460161146,0.03312444046553268,0.009847806624888093,0.2693601846274271,selection_x_vol:control|unknown
5,4.0,14400,1117,0.10564010743061773,-1.3998152824737469,-2.193679392418364,-1563.5936705231752,25.91340962408667,-7.198340120939835,7.057879368628069,1.4323105868749004,1013.0,0.855863921217547,0.08146821844225605,0.07251566696508505,0.06177260519247986,0.047448522829006266,0.03581020590868397,0.3586796824421652,selection_x_vol:control|unknown
5,4.0,86400,1117,0.044762757385854966,-1.160015867375783,-2.2395221738065065,-1295.7377238587496,71.88040700901627,-7.198340120939835,17.6700225158604,1.4323105868749004,1013.0,0.955237242614145,0.044762757385854966,0.04297224709042077,0.04207699194270367,0.03581020590868397,0.02954341987466428,0.5159443904788585,selection_x_vol:control|unknown
5,6.0,900,341,0.11730205278592376,-1.786144493014577,-2.1093167412812064,-609.0752721179707,6.188515405918678,-7.198340120939835,1.7697810165824277,1.6775251202832808,857.0,0.5161290322580645,0.05278592375366569,0.03812316715542522,0.02346041055718475,0.002932551319648094,0.0,0.09294294470966806,selection_x_vol:control|unknown
5,6.0,3600,341,0.12609970674486803,-1.80835587492961,-2.249870933509046,-616.649353350997,14.820432061552463,-7.198340120939835,3.0986975257323754,1.6775251202832808,857.0,0.718475073313783,0.06451612903225806,0.0469208211143695,0.03812316715542522,0.02932551319648094,0.011730205278592375,0.17992984988139396,selection_x_vol:control|unknown
5,6.0,14400,341,0.08797653958944282,-1.8836912143197915,-2.3161889760631187,-642.3387040830489,24.438847650585686,-7.198340120939835,6.285248070157895,1.6775251202832808,857.0,0.844574780058651,0.06158357771260997,0.05278592375366569,0.04398826979472141,0.02932551319648094,0.02346041055718475,0.21730278582558601,selection_x_vol:control|unknown
5,6.0,86400,341,0.03812316715542522,-1.6906875445621885,-2.3614080673207303,-576.5244526957063,70.68488183722664,-7.198340120939835,16.34667839614898,1.6775251202832808,857.0,0.9618768328445748,0.03812316715542522,0.03812316715542522,0.03519061583577713,0.02932551319648094,0.020527859237536656,0.361751005984365,selection_x_vol:control|unknown
10,4.0,900,660,0.18484848484848485,-1.2059903034013428,-1.8024748770290284,-795.9536002448863,12.948296023387101,-6.346284799376419,2.1068873310682856,1.439278097704631,900.0,0.4727272727272727,0.11363636363636363,0.0696969696969697,0.04696969696969697,0.025757575757575757,0.0030303030303030303,0.2538960352370753,selection_x_vol:control|unknown
10,4.0,3600,660,0.19545454545454546,-1.2397499103953127,-2.1280870661036637,-818.2349408609064,16.384678577985255,-6.346284799376419,3.610353826716487,1.439278097704631,1045.0,0.6878787878787879,0.1303030303030303,0.10151515151515152,0.07424242424242425,0.05,0.006060606060606061,0.33844398503120005,selection_x_vol:control|unknown
10,4.0,14400,660,0.10454545454545454,-1.3548914543842252,-2.1946654429012113,-894.2283598935886,25.91340962408667,-6.346284799376419,6.7811997235768295,1.439278097704631,1045.0,0.8454545454545455,0.08484848484848485,0.07575757575757576,0.0696969696969697,0.05303030303030303,0.03636363636363636,0.37879070358716943,selection_x_vol:control|unknown
10,4.0,86400,660,0.04090909090909091,-1.2776966417077078,-2.2451289570446216,-843.2797835270871,70.94564138542381,-6.346284799376419,16.972931109459484,1.439278097704631,1045.0,0.9590909090909091,0.04090909090909091,0.04090909090909091,0.03787878787878788,0.03333333333333333,0.02727272727272727,0.47050490515517146,selection_x_vol:control|unknown
10,6.0,900,185,0.2,-1.40261486764832,-1.6048251896030241,-259.48375051493923,5.21033726037945,-6.346284799376419,2.0861658645880246,1.5636347583604253,900.0,0.44324324324324327,0.11351351351351352,0.04864864864864865,0.032432432432432434,0.005405405405405406,0.0,0.16759257871110583,selection_x_vol:control|unknown
10,6.0,3600,185,0.1891891891891892,-1.4181982112755418,-2.1093167412812064,-262.3666690859752,14.820432061552463,-6.346284799376419,3.2924299398391312,1.5636347583604253,1270.0,0.6432432432432432,0.12432432432432433,0.0918918918918919,0.07027027027027027,0.032432432432432434,0.005405405405405406,0.26972460548278865,selection_x_vol:control|unknown
10,6.0,14400,185,0.13513513513513514,-1.4070297292341707,-2.2054787594679097,-260.30049990832157,20.41897070580836,-6.346284799376419,6.193161455357898,1.5636347583604253,1270.0,0.7945945945945946,0.0972972972972973,0.07567567567567568,0.07027027027027027,0.05945945945945946,0.032432432432432434,0.36199676736251857,selection_x_vol:control|unknown
10,6.0,86400,185,0.07027027027027027,-0.08412452932132168,-2.3220387591832727,-15.563037924444512,70.68488183722664,-6.346284799376419,17.076463750100924,1.5636347583604253,1270.0,0.9297297297297298,0.07027027027027027,0.07027027027027027,0.07027027027027027,0.06486486486486487,0.043243243243243246,0.9658487740081942,selection_x_vol:control|unknown
3,4.0,900,193,0.13989637305699482,-2.25108378164656,-2.5728733117946505,-434.45916985778604,7.311982899552261,-9.362404173360323,2.7660515212057515,2.0184110887436675,90.0,0.7927461139896373,0.09326424870466321,0.06217616580310881,0.046632124352331605,0.02072538860103627,0.0,0.12930042576572465,selection_x_vol:control|vol_extreme
3,4.0,3600,193,0.11917098445595854,-2.4669842860565945,-2.657779591379266,-476.1279672089227,7.021196884028434,-9.362404173360323,4.820986934352149,2.0184110887436675,90.0,0.844559585492228,0.08808290155440414,0.05699481865284974,0.05181347150259067,0.010362694300518135,0.0,0.10457006975767641,selection_x_vol:control|vol_extreme
3,4.0,14400,192,0.0625,-2.367251943908801,-2.67179476313711,-454.51237323048974,18.917583846251823,-9.362404173360323,8.339892547492273,2.007026913731842,89.5,0.9166666666666666,0.052083333333333336,0.052083333333333336,0.052083333333333336,0.046875,0.020833333333333332,0.18449149073592044,selection_x_vol:control|vol_extreme
3,4.0,86400,187,0.016042780748663103,-2.595887770108629,-2.7754252723513937,-485.4310130103136,39.518128613800194,-9.362404173360323,15.92393594090081,2.020348634160947,87.0,0.983957219251337,0.016042780748663103,0.016042780748663103,0.016042780748663103,0.016042780748663103,0.016042780748663103,0.15821113494722605,selection_x_vol:control|vol_extreme
3,6.0,900,62,0.12903225806451613,-3.120881455156164,-3.207241145307857,-193.49465021968217,3.362689992811885,-9.362404173360323,3.25069160314886,2.8660277769068747,75.5,0.7903225806451613,0.0967741935483871,0.06451612903225806,0.016129032258064516,0.0,0.0,0.06993265147226169,selection_x_vol:control|vol_extreme
3,6.0,3600,62,0.14516129032258066,-3.058237400702027,-3.282029566111953,-189.6107188435257,7.021196884028434,-9.362404173360323,5.286364357023759,2.8660277769068747,75.5,0.8548387096774194,0.11290322580645161,0.08064516129032258,0.04838709677419355,0.016129032258064516,0.0,0.11181322670714967,selection_x_vol:control|vol_extreme
3,6.0,14400,62,0.11290322580645161,-2.6924105584518676,-3.3104444793296404,-166.9294546240158,14.648634863550551,-9.362404173360323,9.380173838365488,2.8660277769068747,75.5,0.8870967741935484,0.11290322580645161,0.08064516129032258,0.08064516129032258,0.06451612903225806,0.03225806451612903,0.2389533495347843,selection_x_vol:control|vol_extreme
3,6.0,86400,59,0.01694915254237288,-3.259478539186441,-3.353322619289329,-192.309233812,40.88891352877371,-9.362404173360323,17.57319032330206,2.9109265855510618,68.0,0.9830508474576272,0.01694915254237288,0.01694915254237288,0.01694915254237288,0.01694915254237288,0.01694915254237288,0.1753397871940317,selection_x_vol:control|vol_extreme
5,4.0,900,128,0.1484375,-2.3577151186459013,-2.651469136750721,-301.78753518667537,7.556901040568495,-10.697096455052232,2.8472248734551613,2.182298611352669,108.5,0.78125,0.09375,0.0703125,0.046875,0.0234375,0.0,0.14044350868586253,selection_x_vol:control|vol_extreme
5,4.0,3600,128,0.125,-2.5432435319788613,-2.7621700418795956,-325.53517209329425,8.102914850799776,-10.697096455052232,4.8479239281113635,2.182298611352669,108.5,0.8359375,0.109375,0.0703125,0.0546875,0.0078125,0.0,0.11824972699602529,selection_x_vol:control|vol_extreme
5,4.0,14400,128,0.0625,-2.640067882395203,-2.8536062506413753,-337.92868894658596,15.373651092172102,-10.697096455052232,8.107308901450033,2.182298611352669,108.5,0.9296875,0.0625,0.0546875,0.046875,0.0390625,0.0234375,0.15066994454844032,selection_x_vol:control|vol_extreme
5,4.0,86400,124,0.008064516129032258,-3.126474216003913,-2.9315300120689685,-387.6828027844852,21.268363172447852,-10.697096455052232,15.298925798577345,2.2027947560541037,93.0,0.9919354838709677,0.008064516129032258,0.008064516129032258,0.008064516129032258,0.008064516129032258,0.008064516129032258,0.052007097528822405,selection_x_vol:control|vol_extreme
5,6.0,900,47,0.0851063829787234,-3.2121581559161014,-3.126196482724642,-150.97143332805678,1.0743488495004145,-10.697096455052232,2.6504786358297454,2.7906372794590664,79.0,0.7659574468085106,0.02127659574468085,0.0,0.0,0.0,0.0,0.018683135496865226,selection_x_vol:control|vol_extreme
5,6.0,3600,47,0.0851063829787234,-3.4217834207644677,-3.2117807370889855,-160.82382077593,2.598052437752936,-10.697096455052232,3.9215474144952256,2.7906372794590664,79.0,0.8936170212765957,0.06382978723404255,0.02127659574468085,0.0,0.0,0.0,0.031565319872087966,selection_x_vol:control|vol_extreme
5,6.0,14400,47,0.06382978723404255,-3.445168304814175,-3.3292523870615183,-161.92291032626622,4.504719863339666,-10.697096455052232,6.654220300881094,2.7906372794590664,79.0,0.9361702127659575,0.06382978723404255,0.06382978723404255,0.0425531914893617,0.0,0.0,0.06031059325457872,selection_x_vol:control|vol_extreme
5,6.0,86400,46,0.021739130434782608,-3.2534908794413866,-3.3412875031754234,-149.66058045430378,25.283074401730214,-10.697096455052232,12.35571269590387,2.792168469066049,79.0,0.9782608695652174,0.021739130434782608,0.021739130434782608,0.021739130434782608,0.021739130434782608,0.021739130434782608,0.14452124269689207,selection_x_vol:control|vol_extreme
10,4.0,900,92,0.21739130434782608,-1.9997339529086338,-2.3347097725135715,-183.9755236675943,3.1634239998698077,-8.540952142767033,2.9330105025202444,1.978075833768065,232.0,0.6847826086956522,0.11956521739130435,0.07608695652173914,0.021739130434782608,0.0,0.0,0.13728918335523957,selection_x_vol:control|vol_extreme
10,4.0,3600,92,0.18478260869565216,-2.1562986292515443,-2.4838223233053123,-198.37947389114208,6.73377143332831,-8.540952142767033,4.2530342673805075,1.978075833768065,232.0,0.7717391304347826,0.16304347826086957,0.06521739130434782,0.021739130434782608,0.010869565217391304,0.0,0.15541464383506792,selection_x_vol:control|vol_extreme
10,4.0,14400,92,0.13043478260869565,-2.1492889430468542,-2.4976905630348023,-197.7345827603106,11.85159903854683,-8.540952142767033,7.484139791173682,1.978075833768065,232.0,0.8695652173913043,0.10869565217391304,0.10869565217391304,0.06521739130434782,0.05434782608695652,0.010869565217391304,0.217949885342248,selection_x_vol:control|vol_extreme
10,4.0,86400,86,0.023255813953488372,-2.601944064442315,-2.5876190536572583,-223.7671895420391,21.13149616954066,-8.540952142767033,15.955145513962817,2.0337781455934674,174.0,0.9767441860465116,0.023255813953488372,0.023255813953488372,0.023255813953488372,0.023255813953488372,0.023255813953488372,0.14822727009934802,selection_x_vol:control|vol_extreme
10,6.0,900,29,0.3103448275862069,-1.7054441809368428,-1.4249494824243543,-49.457881247168444,2.8080125865318935,-8.540952142767033,3.021187155930234,2.276328447830618,900.0,0.4482758620689655,0.13793103448275862,0.06896551724137931,0.0,0.0,0.0,0.17837835739408314,selection_x_vol:control|vol_extreme
10,6.0,3600,29,0.27586206896551724,-1.962049430805876,-2.239127347100536,-56.8994334933704,4.553617495875327,-8.540952142767033,3.8886776607643707,2.276328447830618,1199.0,0.6206896551724138,0.2413793103448276,0.06896551724137931,0.034482758620689655,0.0,0.0,0.2121543101973039,selection_x_vol:control|vol_extreme
10,6.0,14400,29,0.2413793103448276,-1.69351418492303,-2.6074816523363795,-49.11191136276787,8.639573274287583,-8.540952142767033,6.835479153764408,2.276328447830618,1199.0,0.7586206896551724,0.20689655172413793,0.20689655172413793,0.13793103448275862,0.10344827586206896,0.0,0.3871450353346073,selection_x_vol:control|vol_extreme
10,6.0,86400,25,0.04,-2.5818598988599644,-3.0940051811208966,-64.54649747149911,21.13149616954066,-8.540952142767033,13.459455294790974,2.4315746830197287,818.0,0.96,0.04,0.04,0.04,0.04,0.04,0.24663855059531495,selection_x_vol:control|vol_extreme
3,4.0,900,623,0.1476725521669342,-1.5912748905060514,-2.1303552258902645,-991.3642567852701,11.454697677901954,-8.345248853144199,2.206189531122508,1.514645976096133,466.0,0.5987158908507223,0.0738362760834671,0.048154093097913325,0.033707865168539325,0.01765650080256822,0.0032102728731942215,0.1569209273410086,selection_x_vol:control|vol_high
3,4.0,3600,620,0.14677419354838708,-1.5520527395049966,-2.206200540102742,-962.2726984930979,17.40550173338798,-8.345248853144199,4.097410276113441,1.5157503001913537,459.0,0.7758064516129032,0.10483870967741936,0.07419354838709677,0.06129032258064516,0.037096774193548385,0.014516129032258065,0.2594453225422877,selection_x_vol:control|vol_high
3,4.0,14400,617,0.09562398703403566,-1.3618137450987717,-2.247122090848477,-840.2390807259421,50.829805689624344,-8.345248853144199,8.56219234586356,1.51469109489547,451.0,0.8881685575364667,0.09076175040518639,0.08103727714748785,0.06969205834683954,0.04538087520259319,0.029173419773095625,0.4108427765294392,selection_x_vol:control|vol_high
3,4.0,86400,599,0.02003338898163606,-1.993472361987947,-2.2911786523743976,-1194.0899448307803,51.0868392010731,-8.345248853144199,15.847148278724116,1.5098777927222027,414.0,0.9782971619365609,0.02003338898163606,0.02003338898163606,0.02003338898163606,0.018363939899833055,0.015025041736227046,0.21842296205806006,selection_x_vol:control|vol_high
3,6.0,900,203,0.11330049261083744,-2.1365146689030974,-2.2786981270477575,-433.7124777873288,10.618449492082707,-9.025596745267816,2.4391129752831695,2.012235130091536,289.0,0.6305418719211823,0.06403940886699508,0.03940886699507389,0.029556650246305417,0.024630541871921183,0.0049261083743842365,0.11776000347635857,selection_x_vol:control|vol_high
3,6.0,3600,203,0.12807881773399016,-2.179350163969383,-2.47755745415963,-442.40808328578476,17.40550173338798,-9.025596745267816,4.178669934597369,2.012235130091536,289.0,0.7881773399014779,0.09852216748768473,0.06403940886699508,0.04433497536945813,0.024630541871921183,0.009852216748768473,0.16314115313174452,selection_x_vol:control|vol_high
3,6.0,14400,201,0.07960199004975124,-2.3197202743244016,-2.580811543660312,-466.26377513920477,28.952892822238027,-9.025596745267816,7.897436584262423,2.0111610199900025,285.0,0.9054726368159204,0.05970149253731343,0.05472636815920398,0.04975124378109453,0.03482587064676617,0.014925373134328358,0.18373389399241352,selection_x_vol:control|vol_high
3,6.0,86400,197,0.02030456852791878,-2.671374306419768,-2.672202642627164,-526.2607383646942,37.613120087670254,-9.025596745267816,15.527160820442337,2.017020319036543,266.0,0.9796954314720813,0.02030456852791878,0.02030456852791878,0.02030456852791878,0.02030456852791878,0.01015228426395939,0.12315897291818821,selection_x_vol:control|vol_high
5,4.0,900,453,0.16556291390728478,-1.5744314555890409,-2.1469623856119378,-713.2174493818355,10.93101299686615,-8.9419845257565,2.366635805159313,1.5939075064571024,491.0,0.5960264900662252,0.09492273730684327,0.059602649006622516,0.039735099337748346,0.013245033112582781,0.002207505518763797,0.1820627854089991,selection_x_vol:control|vol_high
5,4.0,3600,451,0.1419068736141907,-1.6118669365629854,-2.242072983199949,-726.9519883899064,15.408589282895893,-8.9419845257565,4.1446101355116145,1.5960640901511665,482.0,0.7937915742793792,0.10199556541019955,0.08425720620842572,0.06651884700665188,0.04878048780487805,0.015521064301552107,0.268627952041887,selection_x_vol:control|vol_high
5,4.0,14400,446,0.08295964125560538,-1.4420907508614031,-2.2727349956460463,-643.1724748841858,45.50509343168531,-8.9419845257565,8.609428036405461,1.5955010152220803,467.0,0.9103139013452914,0.07174887892376682,0.06502242152466367,0.05829596412556054,0.04484304932735426,0.033632286995515695,0.40658807533108976,selection_x_vol:control|vol_high
5,4.0,86400,429,0.013986013986013986,-2.303429010516711,-2.3140039405552724,-988.171045511669,51.0868392010731,-8.9419845257565,15.446523054303112,1.598354013898348,414.0,0.986013986013986,0.013986013986013986,0.013986013986013986,0.013986013986013986,0.011655011655011656,0.009324009324009324,0.1269931163648313,selection_x_vol:control|vol_high
5,6.0,900,133,0.13533834586466165,-1.8790355491665711,-2.1668218407525885,-249.91172803915396,9.070812271141373,-7.03100636973282,2.5754616025499,1.9450513533111207,440.0,0.5714285714285714,0.08270676691729323,0.06015037593984962,0.045112781954887216,0.022556390977443608,0.0,0.1668498505255578,selection_x_vol:control|vol_high
5,6.0,3600,133,0.12781954887218044,-1.9948389035014251,-2.386357191683824,-265.31357416568954,14.868652794017393,-7.03100636973282,3.9277650675117934,1.9450513533111207,440.0,0.7819548872180451,0.12030075187969924,0.09022556390977443,0.06766917293233082,0.03759398496240601,0.007518796992481203,0.2147721077249253,selection_x_vol:control|vol_high
5,6.0,14400,133,0.10526315789473684,-1.938041534922672,-2.444398150867772,-257.7595241447154,24.73301358101446,-7.03100636973282,7.193300730291969,1.9450513533111207,440.0,0.8872180451127819,0.07518796992481203,0.06766917293233082,0.06766917293233082,0.045112781954887216,0.03759398496240601,0.29288535026295565,selection_x_vol:control|vol_high
5,6.0,86400,129,0.031007751937984496,-2.4120957047658624,-2.57183359238966,-311.16034591479627,49.0815029122135,-7.03100636973282,13.445965200196794,1.9585480988571964,415.0,0.9689922480620154,0.031007751937984496,0.031007751937984496,0.031007751937984496,0.031007751937984496,0.015503875968992248,0.19435045443804622,selection_x_vol:control|vol_high
10,4.0,900,277,0.19494584837545126,-1.389642412463029,-2.1060360349472798,-384.93094825225904,9.872785985253882,-10.860685185466062,2.642527441005935,1.588971751577739,672.0,0.5306859205776173,0.12274368231046931,0.07942238267148015,0.039711191335740074,0.01444043321299639,0.0,0.22722854064443218,selection_x_vol:control|vol_high
10,4.0,3600,275,0.18545454545454546,-1.4095148715871775,-2.189684811749565,-387.6165896864738,16.879871444038,-10.860685185466062,4.473398111502117,1.5924726524368813,643.0,0.7454545454545455,0.14909090909090908,0.11272727272727273,0.08363636363636363,0.04363636363636364,0.01090909090909091,0.3254513132161994,selection_x_vol:control|vol_high
10,4.0,14400,273,0.10989010989010989,-1.4954126212316274,-2.2397855581203636,-408.2476455962343,22.905834436599005,-10.860685185466062,8.130506845737868,1.595245126176954,632.0,0.8754578754578755,0.08791208791208792,0.07692307692307693,0.07692307692307693,0.06227106227106227,0.03296703296703297,0.3687474917120165,selection_x_vol:control|vol_high
10,4.0,86400,262,0.03435114503816794,-1.761461529004175,-2.28127588286459,-461.5029205990939,50.765282121003075,-10.860685185466062,14.61184358345133,1.5936577168225097,554.0,0.9656488549618321,0.03435114503816794,0.03435114503816794,0.03435114503816794,0.030534351145038167,0.019083969465648856,0.31976386516714606,selection_x_vol:control|vol_high
10,6.0,900,75,0.21333333333333335,-1.3407830342896185,-1.29847010116259,-100.55872757172139,9.17121831966102,-8.345248853144199,3.381164009569746,1.7573562259119997,900.0,0.44,0.12,0.10666666666666667,0.06666666666666667,0.02666666666666667,0.0,0.2952609993432815,selection_x_vol:control|vol_high
10,6.0,3600,75,0.22666666666666666,-1.3751991377121509,-2.1055913301066056,-103.13993532841131,9.4116753706837,-8.345248853144199,5.0035593928961895,1.7573562259119997,1272.0,0.6933333333333334,0.18666666666666668,0.16,0.12,0.05333333333333334,0.0,0.3765200470138709,selection_x_vol:control|vol_high
10,6.0,14400,75,0.14666666666666667,-1.101948768301013,-2.1333874410745843,-82.64615762257597,21.546217495758206,-8.345248853144199,7.59596933621205,1.7573562259119997,1272.0,0.84,0.13333333333333333,0.12,0.10666666666666667,0.08,0.05333333333333334,0.5580281372039396,selection_x_vol:control|vol_high
10,6.0,86400,71,0.056338028169014086,-1.3088547026110302,-2.189684811749565,-92.92868388538314,51.0868392010731,-8.345248853144199,12.830930679690116,1.7762992287423156,1260.0,0.9436619718309859,0.056338028169014086,0.04225352112676056,0.04225352112676056,0.04225352112676056,0.028169014084507043,0.5263591336475053,selection_x_vol:control|vol_high
3,4.0,900,2593,0.14693405322020825,-1.2815481435341491,-1.7140541894094936,-3323.0543361840487,22.803813770718616,-8.422586928767304,1.4456034521029053,1.278124514091057,900.0,0.4604704974932511,0.06131893559583494,0.03278056305437717,0.020439645198611647,0.006170458927882761,0.0011569610489780178,0.13968936323991812,selection_x_vol:control|vol_normal
3,4.0,3600,2570,0.16731517509727625,-1.3719230440228893,-2.1120041082626644,-3525.8422231388254,31.315546490064047,-8.555713897405472,2.9251531123669827,1.2787081933478397,1114.0,0.711284046692607,0.10778210116731518,0.06964980544747082,0.041634241245136185,0.020622568093385214,0.004669260700389105,0.22825020701465226,selection_x_vol:control|vol_normal
3,4.0,14400,2541,0.10940574576938213,-1.3634387734667535,-2.1334906846176973,-3464.4979233790204,52.40286643678597,-8.555713897405472,6.113007371724768,1.277295699357112,1063.0,0.8760330578512396,0.09996064541519087,0.08067689885871704,0.06296733569460843,0.03738685556867375,0.01928374655647383,0.33863203285118926,selection_x_vol:control|vol_normal
3,4.0,86400,2454,0.015077424612876936,-2.0619572219657147,-2.16115387470803,-5060.043022703864,54.56983982155469,-8.555713897405472,15.469868553687272,1.2729617325322806,968.0,0.9841075794621027,0.01263243683781581,0.011409942950285249,0.010594947025264874,0.008964955175224124,0.007742461287693562,0.10593063438831905,selection_x_vol:control|vol_normal
3,6.0,900,883,0.14835787089467722,-1.4166800821864858,-1.6153764066743723,-1250.928512570667,13.066711619175795,-8.464896194107427,1.5371896291108513,1.46158613634231,900.0,0.434881087202718,0.0622876557191393,0.03284258210645526,0.020385050962627407,0.0056625141562853904,0.0011325028312570782,0.12870027743776985,selection_x_vol:control|vol_normal
3,6.0,3600,873,0.15807560137457044,-1.563916163530147,-2.1266779817162855,-1365.2988107618185,12.978252144426584,-8.798120872906257,2.799946435326005,1.4638155153518673,1278.0,0.6827033218785796,0.09392898052691867,0.056128293241695305,0.03436426116838488,0.019473081328751432,0.003436426116838488,0.18511151599389347,selection_x_vol:control|vol_normal
3,6.0,14400,857,0.11318553092182031,-1.6627177920980014,-2.1994288315991084,-1424.9491478279872,49.70391981255131,-8.798120872906257,5.549728067161885,1.465991520569262,1212.0,0.8611435239206534,0.09568261376896149,0.07467911318553092,0.050175029171528586,0.026837806301050177,0.014002333722287048,0.2521423715443812,selection_x_vol:control|vol_normal
3,6.0,86400,827,0.014510278113663845,-2.3873845088344923,-2.2714712492290667,-1974.3669888061252,37.496576784757075,-8.798120872906257,14.553279709837907,1.4518608381445453,1116.0,0.9830713422007256,0.009673518742442563,0.006045949214026602,0.0036275695284159614,0.0036275695284159614,0.0036275695284159614,0.04725506582462058,selection_x_vol:control|vol_normal
5,4.0,900,1749,0.16295025728987994,-1.2670261470098143,-1.591503304222,-2216.028731120165,13.066711619175795,-8.464896194107427,1.5555824611113722,1.3205095698708478,900.0,0.4471126357918811,0.06689536878216124,0.032590051457975985,0.02115494568324757,0.007432818753573471,0.0011435105774728416,0.14855512041468627,selection_x_vol:control|vol_normal
5,4.0,3600,1735,0.1729106628242075,-1.332434826834629,-2.121138805700585,-2311.7744245580816,15.765694676929336,-8.555713897405472,3.0004690772585243,1.320339544855965,1221.0,0.6997118155619596,0.11354466858789625,0.07435158501440922,0.04610951008645533,0.02420749279538905,0.008069164265129682,0.2547931088997178,selection_x_vol:control|vol_normal
5,4.0,14400,1711,0.11104617182933957,-1.36055212155027,-2.161393218255887,-2327.904679972512,52.40286643678597,-8.555713897405472,6.29466769350087,1.319248311314133,1162.0,0.8702513150204558,0.09994155464640561,0.08416130917592052,0.06487434248977206,0.037405026300409115,0.01928696668614845,0.3492316082925078,selection_x_vol:control|vol_normal
5,4.0,86400,1655,0.014501510574018127,-2.1533929526868136,-2.195144111856251,-3563.865336696677,54.56983982155469,-8.555713897405472,15.68054382003832,1.3133726295009949,1074.0,0.9842900302114803,0.010876132930513595,0.008459214501510574,0.00785498489425982,0.0072507552870090634,0.006646525679758308,0.08501126116710789,selection_x_vol:control|vol_normal
5,6.0,900,528,0.13068181818181818,-1.514563249790116,-2.0058316383442536,-799.6893958891812,13.066711619175795,-6.857907578012677,1.6995938620331668,1.551499923107451,900.0,0.4696969696969697,0.06060606060606061,0.03598484848484849,0.022727272727272728,0.005681818181818182,0.001893939393939394,0.12235751109458778,selection_x_vol:control|vol_normal
5,6.0,3600,523,0.1682600382409178,-1.5832407686059624,-2.171788247351373,-828.0349219809183,12.978252144426584,-6.857907578012677,2.906828493148557,1.5526570238294246,1070.0,0.6845124282982792,0.09560229445506692,0.06118546845124283,0.028680688336520075,0.017208413001912046,0.0076481835564053535,0.1890968191181789,selection_x_vol:control|vol_normal
5,6.0,14400,512,0.126953125,-1.5100489177104124,-2.245116595014552,-773.1450458677311,49.70391981255131,-6.857907578012677,5.666738654047424,1.5530226694647418,986.0,0.837890625,0.111328125,0.09375,0.064453125,0.041015625,0.017578125,0.3195873986996538,selection_x_vol:control|vol_normal
5,6.0,86400,491,0.018329938900203666,-2.395835266412709,-2.338456940726875,-1176.3551158086402,37.496576784757075,-6.857907578012677,14.44451256030189,1.532827319823393,878.0,0.9775967413441955,0.012219959266802444,0.006109979633401222,0.004073319755600814,0.004073319755600814,0.004073319755600814,0.06250349026230878,selection_x_vol:control|vol_normal
10,4.0,900,968,0.18698347107438015,-1.2001158708385107,-1.5573524763958975,-1161.7121629716783,12.149016717301821,-5.403461075156979,1.8033528411027955,1.359832593154259,900.0,0.4390495867768595,0.08264462809917356,0.04338842975206612,0.030991735537190084,0.007231404958677686,0.0010330578512396695,0.18639421610170664,selection_x_vol:control|vol_normal
10,4.0,3600,960,0.18854166666666666,-1.2712647748690282,-2.118100651139241,-1220.414183874267,14.933350858663657,-7.739924670387584,3.1561081314553454,1.3586826791530158,1259.0,0.678125,0.12916666666666668,0.09166666666666666,0.05625,0.022916666666666665,0.007291666666666667,0.2848056304720155,selection_x_vol:control|vol_normal
10,4.0,14400,948,0.12974683544303797,-1.2578128937604778,-2.1726553841001754,-1192.406623284933,49.70391981255131,-7.739924670387584,6.410327781570237,1.360088302684343,1215.0,0.8449367088607594,0.11814345991561181,0.0970464135021097,0.07383966244725738,0.043248945147679324,0.022151898734177215,0.3952250122459828,selection_x_vol:control|vol_normal
10,4.0,86400,907,0.020948180815876516,-2.1029011339291395,-2.2313260783643214,-1907.3313284737294,54.56983982155469,-7.739924670387584,15.830236307294184,1.3569293516174645,1080.0,0.9768467475192943,0.017640573318632856,0.015435501653803748,0.013230429988974642,0.012127894156560088,0.009922822491730982,0.11763664746441924,selection_x_vol:control|vol_normal
10,6.0,900,269,0.19330855018587362,-1.3548086576389473,-1.4772288878504556,-364.4435289048768,5.567472403182676,-5.388705785185645,2.0800992786553256,1.5583092352876138,900.0,0.43866171003717475,0.08178438661710037,0.055762081784386616,0.02973977695167286,0.007434944237918215,0.0,0.17181231068981975,selection_x_vol:control|vol_normal
10,6.0,3600,268,0.17164179104477612,-1.6329040224186409,-2.1578070124343736,-437.6182780081958,14.478949850281792,-5.388705785185645,3.111190183395953,1.559483730384995,1337.5,0.6902985074626866,0.10820895522388059,0.06716417910447761,0.041044776119402986,0.011194029850746268,0.0037313432835820895,0.18600218767713655,selection_x_vol:control|vol_normal
10,6.0,14400,264,0.13636363636363635,-1.4928842492511127,-2.268036257523307,-394.12144180229376,24.70639100716193,-5.388705785185645,6.044464184437817,1.5657993001112263,1301.5,0.8295454545454546,0.13636363636363635,0.10984848484848485,0.08712121212121213,0.041666666666666664,0.01893939393939394,0.33924525397341226,selection_x_vol:control|vol_normal
10,6.0,86400,251,0.02390438247011952,-2.2304804003523944,-2.3919611406519383,-559.850580488451,37.496576784757075,-5.388705785185645,14.28825049862867,1.5616917525995735,1080.0,0.9681274900398407,0.0199203187250996,0.01593625498007968,0.01195219123505976,0.01195219123505976,0.01195219123505976,0.13339547690904013,selection_x_vol:control|vol_normal
3,4.0,900,1325,0.14641509433962263,-1.584164585067284,-2.1266651584483776,-2099.0180752141514,18.489799853343495,-11.341542749892938,2.6295968118100492,1.5919270427976095,410.0,0.6067924528301887,0.08150943396226415,0.05509433962264151,0.0430188679245283,0.02490566037735849,0.0060377358490566035,0.1913791430819147,selection_x_vol:extreme|unknown
3,4.0,3600,1325,0.1509433962264151,-1.247685381922033,-2.193355247968849,-1653.183131046694,134.89683976886445,-11.341542749892938,5.663552807970102,1.5919270427976095,410.0,0.7916981132075471,0.11547169811320755,0.09207547169811321,0.07471698113207548,0.05584905660377359,0.025660377358490565,0.4325746775744091,selection_x_vol:extreme|unknown
3,4.0,14400,1325,0.09207547169811321,-1.1069924894492271,-2.2440339767207056,-1466.765048520226,138.8810216115046,-11.341542749892938,13.460512225229605,1.5919270427976095,410.0,0.8958490566037736,0.08150943396226415,0.07547169811320754,0.06943396226415094,0.05811320754716981,0.03169811320754717,0.5418304956631204,selection_x_vol:extreme|unknown
3,4.0,86400,1325,0.06867924528301887,1.2668787369101862,-2.2627176275878056,1678.6143264059967,218.646025941726,-11.341542749892938,52.21634600359811,1.5919270427976095,410.0,0.9313207547169812,0.06867924528301887,0.06867924528301887,0.06867924528301887,0.06867924528301887,0.06867924528301887,1.5068668839457033,selection_x_vol:extreme|unknown
3,6.0,900,391,0.14066496163682865,-1.7526735047192434,-2.109199098529564,-685.2953403452242,18.489799853343495,-9.221302824251927,2.5398463491269134,1.8862421096128335,561.0,0.5575447570332481,0.0639386189258312,0.04603580562659847,0.043478260869565216,0.028132992327365727,0.0076726342710997444,0.1762539209870067,selection_x_vol:extreme|unknown
3,6.0,3600,391,0.17135549872122763,-1.3630905997365617,-2.2517766750330614,-532.9684244969956,114.88276214375634,-9.221302824251927,5.376692662875503,1.8862421096128335,561.0,0.7519181585677749,0.11764705882352941,0.0792838874680307,0.0639386189258312,0.04092071611253197,0.015345268542199489,0.4263490384894155,selection_x_vol:extreme|unknown
3,6.0,14400,391,0.08951406649616368,-1.5094684318272173,-2.336742982249356,-590.202156844442,109.91479247451863,-10.897031246969425,10.161608107824115,1.8862421096128335,561.0,0.8900255754475703,0.06905370843989769,0.061381074168797956,0.058823529411764705,0.05115089514066496,0.030690537084398978,0.4419177556734186,selection_x_vol:extreme|unknown
3,6.0,86400,391,0.0741687979539642,0.5859951563655506,-2.3510104347475282,229.12410613893024,176.27496788550232,-10.897031246969425,37.99420614311947,1.8862421096128335,561.0,0.9258312020460358,0.0741687979539642,0.0741687979539642,0.0741687979539642,0.0741687979539642,0.0741687979539642,1.2110067495699663,selection_x_vol:extreme|unknown
5,4.0,900,921,0.15526601520086863,-1.5570427618580067,-2.1368256464762565,-1434.0363836712243,18.489799853343495,-10.330284142945114,2.8239407466890754,1.6611391571947585,464.0,0.5971769815418024,0.0988056460369164,0.06948968512486428,0.04560260586319218,0.02823018458197611,0.006514657980456026,0.2130806744740311,selection_x_vol:extreme|unknown
5,4.0,3600,921,0.1748099891422367,-1.0540866293973088,-2.2353344908271544,-970.8137856749214,114.88276214375634,-10.330284142945114,6.027878108820968,1.6611391571947585,464.0,0.7698154180238871,0.13572204125950055,0.10966340933767643,0.08686210640608034,0.06840390879478828,0.031487513572204126,0.5192921854780709,selection_x_vol:extreme|unknown
5,4.0,14400,921,0.11183496199782844,-0.9006420555128835,-2.282687630946671,-829.4913331273657,109.91479247451863,-10.897031246969425,13.764108476203253,1.6611391571947585,464.0,0.8783930510314875,0.09771986970684039,0.09011943539630836,0.08686210640608034,0.07600434310532031,0.04017372421281216,0.630562520415171,selection_x_vol:extreme|unknown
5,4.0,86400,921,0.08251900108577633,1.864211523585716,-2.3120658972681474,1716.9388132224444,200.01668992419587,-10.897031246969425,46.179472329698385,1.6611391571947585,464.0,0.9174809989142236,0.08251900108577633,0.08251900108577633,0.08251900108577633,0.08251900108577633,0.08143322475570032,1.7365325597372014,selection_x_vol:extreme|unknown
5,6.0,900,262,0.13740458015267176,-1.9313576589668913,-2.1127179301178085,-506.0157066493255,9.109997050801663,-15.406475146865285,2.6165631378897154,2.0194688617819523,582.0,0.5648854961832062,0.07633587786259542,0.05343511450381679,0.03435114503816794,0.022900763358778626,0.0,0.14466573132205182,selection_x_vol:extreme|unknown
5,6.0,3600,262,0.16030534351145037,-1.6589467514672502,-2.288602038010774,-434.6440488844196,105.54301488102463,-15.406475146865285,5.546561677651154,2.0194688617819523,582.0,0.7595419847328244,0.10305343511450382,0.07633587786259542,0.05725190839694656,0.04198473282442748,0.007633587786259542,0.3409156103984691,selection_x_vol:extreme|unknown
5,6.0,14400,262,0.07633587786259542,-1.867401221679757,-2.4200394200702284,-489.25912008009635,93.375970656792,-15.406475146865285,12.108238953994103,2.0194688617819523,582.0,0.8969465648854962,0.06870229007633588,0.06870229007633588,0.06870229007633588,0.04961832061068702,0.030534351145038167,0.34432706529909385,selection_x_vol:extreme|unknown
5,6.0,86400,262,0.0648854961832061,0.20522730218212656,-2.468975319601651,53.76955317171716,119.22175299552042,-15.406475146865285,39.306134802129435,2.0194688617819523,582.0,0.9351145038167938,0.0648854961832061,0.0648854961832061,0.0648854961832061,0.0648854961832061,0.0648854961832061,1.0699045384564183,selection_x_vol:extreme|unknown
10,4.0,900,565,0.18938053097345134,-1.2910476752485394,-2.0902568860663773,-729.4419365154248,11.0888851005796,-9.430495521464106,2.9463367516738934,1.5845691856193347,703.0,0.5398230088495575,0.12743362831858407,0.09026548672566372,0.06371681415929203,0.03008849557522124,0.005309734513274336,0.2792251779600757,selection_x_vol:extreme|unknown
10,4.0,3600,565,0.1929203539823009,-1.0610359172967354,-2.145167200884047,-599.4852932726556,39.38260890773274,-9.430495521464106,5.997803755753351,1.5845691856193347,703.0,0.7469026548672566,0.13982300884955753,0.11327433628318584,0.09380530973451327,0.07610619469026549,0.03716814159292035,0.4941695007769512,selection_x_vol:extreme|unknown
10,4.0,14400,565,0.11327433628318584,-0.8185373629192018,-2.232909643547916,-462.473610049349,67.78048686953915,-9.430495521464106,12.275166929188066,1.5845691856193347,703.0,0.8707964601769912,0.09911504424778761,0.08849557522123894,0.0831858407079646,0.07079646017699115,0.04070796460176991,0.6535663883542736,selection_x_vol:extreme|unknown
10,4.0,86400,565,0.08849557522123894,1.7334340928365666,-2.2611120699086924,979.3902624526601,186.8737147257229,-9.430495521464106,43.73479452249066,1.5845691856193347,703.0,0.911504424778761,0.08849557522123894,0.08672566371681416,0.08672566371681416,0.08495575221238938,0.08141592920353982,1.7072828133325795,selection_x_vol:extreme|unknown
10,6.0,900,137,0.17518248175182483,-1.2792097534989821,-1.5102844638949673,-175.25173622936055,9.109997050801663,-7.850476910782262,2.4466413577815045,1.630289417401689,900.0,0.45255474452554745,0.11678832116788321,0.08759124087591241,0.058394160583941604,0.021897810218978103,0.0,0.25994434933827415,selection_x_vol:extreme|unknown
10,6.0,3600,137,0.23357664233576642,-1.0975456674719108,-2.1110549354889856,-150.3637564436518,39.38260890773274,-7.850476910782262,4.3946925442078895,1.630289417401689,1135.0,0.6788321167883211,0.15328467153284672,0.10948905109489052,0.08029197080291971,0.051094890510948905,0.0072992700729927005,0.4473249492594947,selection_x_vol:extreme|unknown
10,6.0,14400,137,0.11678832116788321,-1.3936830001576443,-2.1898122353314924,-190.93457102159726,34.84256478651643,-7.850476910782262,7.835929739332047,1.630289417401689,1135.0,0.8394160583941606,0.10218978102189781,0.0948905109489051,0.08029197080291971,0.051094890510948905,0.0364963503649635,0.4117310535223636,selection_x_vol:extreme|unknown
10,6.0,86400,137,0.10218978102189781,1.1156564786279297,-2.212392756484613,152.84493757202637,93.62917167786276,-7.850476910782262,31.329507936942466,1.630289417401689,1135.0,0.8978102189781022,0.10218978102189781,0.10218978102189781,0.10218978102189781,0.10218978102189781,0.0948905109489051,1.4509224389285984,selection_x_vol:extreme|unknown
3,4.0,900,216,0.09722222222222222,-3.6398991979374595,-3.3243543193138287,-786.2182267544913,27.306886878742823,-42.719532096595856,12.496449539460396,3.6451000649331062,18.5,0.8935185185185185,0.08333333333333333,0.0787037037037037,0.07407407407407407,0.05092592592592592,0.023148148148148147,0.16534469604891933,selection_x_vol:extreme|vol_extreme
3,4.0,3600,216,0.06018518518518518,-3.777016096251518,-3.456427973152564,-815.8354767903279,30.077325745614964,-42.719532096595856,21.773575968052498,3.6451000649331062,18.5,0.9351851851851852,0.06018518518518518,0.06018518518518518,0.06018518518518518,0.05092592592592592,0.027777777777777776,0.1600149344250297,selection_x_vol:extreme|vol_extreme
3,4.0,14400,216,0.046296296296296294,-3.1621748795838873,-3.4875293474195797,-683.0297739901197,61.83318412375312,-42.719532096595856,31.180449538258934,3.6451000649331062,18.5,0.9444444444444444,0.046296296296296294,0.046296296296296294,0.046296296296296294,0.046296296296296294,0.041666666666666664,0.30124668594825577,selection_x_vol:extreme|vol_extreme
3,4.0,86400,216,0.037037037037037035,-2.596692055392769,-3.5041854300702333,-560.8854839648382,122.978710936273,-42.719532096595856,58.34121158902454,3.6451000649331062,18.5,0.9583333333333334,0.037037037037037035,0.037037037037037035,0.037037037037037035,0.037037037037037035,0.032407407407407406,0.4437478195597553,selection_x_vol:extreme|vol_extreme
3,6.0,900,78,0.1282051282051282,-4.587642897555527,-3.4126213612955403,-357.83614600933106,13.736906973030985,-29.101322941840728,10.83955480553399,4.8050963109206,12.5,0.8461538461538461,0.11538461538461539,0.11538461538461539,0.10256410256410256,0.07692307692307693,0.02564102564102564,0.1608677057891773,selection_x_vol:extreme|vol_extreme
3,6.0,3600,78,0.1282051282051282,-4.593392738685228,-3.4553852628556845,-358.2846336174478,15.700125072110144,-29.101322941840728,21.37441407010443,4.8050963109206,12.5,0.8589743589743589,0.1282051282051282,0.1282051282051282,0.10256410256410256,0.07692307692307693,0.02564102564102564,0.1631283133210512,selection_x_vol:extreme|vol_extreme
3,6.0,14400,78,0.10256410256410256,-3.8382757011850424,-3.4553852628556845,-299.3855046924333,41.47572270712528,-29.101322941840728,27.231370548749712,4.8050963109206,12.5,0.8846153846153846,0.10256410256410256,0.10256410256410256,0.08974358974358974,0.07692307692307693,0.05128205128205128,0.31000502740327485,selection_x_vol:extreme|vol_extreme
3,6.0,86400,78,0.07692307692307693,-3.517859141255292,-3.6254204901646627,-274.3930130179128,48.201696046418796,-29.101322941840728,41.64797701853216,4.8050963109206,12.5,0.9102564102564102,0.07692307692307693,0.07692307692307693,0.07692307692307693,0.07692307692307693,0.0641025641025641,0.38237293039151193,selection_x_vol:extreme|vol_extreme
5,4.0,900,175,0.13714285714285715,-2.5502999456651265,-3.0210643156671817,-446.3024904913971,27.090653999145417,-16.66902732996796,9.191671983679313,3.002972282127198,33.0,0.8114285714285714,0.13142857142857142,0.12,0.09142857142857143,0.06857142857142857,0.04,0.2926022559830355,selection_x_vol:extreme|vol_extreme
5,4.0,3600,175,0.09714285714285714,-2.667813994756687,-3.231225041956244,-466.8674490824202,50.675242002416475,-16.66902732996796,17.536564666625445,3.002972282127198,33.0,0.8914285714285715,0.09142857142857143,0.08,0.08,0.07428571428571429,0.03428571428571429,0.29377052409936427,selection_x_vol:extreme|vol_extreme
5,4.0,14400,175,0.07428571428571429,-2.2146883669111572,-3.2785851913771107,-387.57046420945255,73.49500245265449,-16.66902732996796,25.848579904204747,3.002972282127198,33.0,0.9142857142857143,0.07428571428571429,0.06857142857142857,0.06857142857142857,0.06285714285714286,0.045714285714285714,0.4297732249890618,selection_x_vol:extreme|vol_extreme
5,4.0,86400,175,0.045714285714285714,-3.0765659856931244,-3.3195981016710747,-538.3990474962968,43.33482158777401,-16.66902732996796,47.42614991801967,3.002972282127198,33.0,0.9485714285714286,0.045714285714285714,0.045714285714285714,0.04,0.04,0.03428571428571429,0.23771172497518378,selection_x_vol:extreme|vol_extreme
5,6.0,900,65,0.18461538461538463,-2.879395917742769,-2.8483473749928776,-187.16073465327997,22.65705472102922,-26.178555844215566,9.164713117089399,3.7336389171368114,52.0,0.7384615384615385,0.18461538461538463,0.18461538461538463,0.16923076923076924,0.09230769230769231,0.046153846153846156,0.34046566848578713,selection_x_vol:extreme|vol_extreme
5,6.0,3600,65,0.16923076923076924,-3.1968779608186844,-3.0742290608537646,-207.79706745321448,20.67384493678308,-26.178555844215566,16.8910507028878,3.7336389171368114,52.0,0.8153846153846154,0.16923076923076924,0.16923076923076924,0.15384615384615385,0.12307692307692308,0.046153846153846156,0.2910880242469934,selection_x_vol:extreme|vol_extreme
5,6.0,14400,65,0.12307692307692308,-3.142172656234973,-3.3195981016710747,-204.24122265527325,21.167515408637943,-26.178555844215566,22.583044776615303,3.7336389171368114,52.0,0.8615384615384616,0.12307692307692308,0.12307692307692308,0.12307692307692308,0.1076923076923077,0.06153846153846154,0.3213371398519691,selection_x_vol:extreme|vol_extreme
5,6.0,86400,65,0.1076923076923077,-3.3165269879278783,-3.3195981016710747,-215.5742542153121,29.007064589345568,-26.178555844215566,34.951702520826046,3.7336389171368114,52.0,0.8769230769230769,0.1076923076923077,0.1076923076923077,0.09230769230769231,0.09230769230769231,0.046153846153846156,0.29233733099052933,selection_x_vol:extreme|vol_extreme
10,4.0,900,138,0.2391304347826087,-1.4980688860156524,-2.20690442859234,-206.73350627016004,30.169747116673683,-24.59506011038262,10.03968360870628,2.411515792302192,110.5,0.7028985507246377,0.18115942028985507,0.15217391304347827,0.13043478260869565,0.10144927536231885,0.043478260869565216,0.48630820182465045,selection_x_vol:extreme|vol_extreme
10,4.0,3600,138,0.18115942028985507,-1.4650892697834739,-2.365890003341722,-202.1823192301194,36.41521404907174,-24.59506011038262,19.46462066411168,2.411515792302192,110.5,0.782608695652174,0.15942028985507245,0.14492753623188406,0.12318840579710146,0.09420289855072464,0.036231884057971016,0.5313108152836401,selection_x_vol:extreme|vol_extreme
10,4.0,14400,138,0.16666666666666666,-0.7816381724842535,-2.3724337380973455,-107.86606780282698,49.27978868948968,-24.59506011038262,26.054354924163476,2.411515792302192,110.5,0.8260869565217391,0.15942028985507245,0.13768115942028986,0.13043478260869565,0.11594202898550725,0.08695652173913043,0.7533184436934175,selection_x_vol:extreme|vol_extreme
10,4.0,86400,137,0.11678832116788321,-0.2712047788452188,-2.54136008479778,-37.15505470179498,100.3999811772251,-24.59506011038262,44.53407425430342,2.3897934331811466,110.0,0.8832116788321168,0.11678832116788321,0.10948905109489052,0.10218978102189781,0.10218978102189781,0.06569343065693431,0.9181450581736827,selection_x_vol:extreme|vol_extreme
10,6.0,900,55,0.32727272727272727,-1.313323308753962,-1.7369258293763845,-72.23278198146791,10.355409573335942,-14.981077731710595,5.9782112187682825,2.2049369415167575,320.0,0.6,0.2545454545454545,0.18181818181818182,0.14545454545454545,0.10909090909090909,0.01818181818181818,0.47475137102731557,selection_x_vol:extreme|vol_extreme
10,6.0,3600,55,0.2545454545454545,-1.6417045645266324,-1.9835675831270492,-90.29375104896478,8.881043621402625,-14.981077731710595,9.009839735995827,2.2049369415167575,320.0,0.6727272727272727,0.21818181818181817,0.18181818181818182,0.16363636363636364,0.09090909090909091,0.0,0.39508758071309075,selection_x_vol:extreme|vol_extreme
10,6.0,14400,55,0.23636363636363636,-0.5697857967195245,-2.0051071682412336,-31.338218819573843,34.58670400810865,-14.981077731710595,12.34867840358258,2.2049369415167575,320.0,0.7454545454545455,0.21818181818181817,0.18181818181818182,0.16363636363636364,0.10909090909090909,0.05454545454545454,0.7948077822866549,selection_x_vol:extreme|vol_extreme
10,6.0,86400,54,0.16666666666666666,-0.8545018143954969,-2.0143736842995725,-46.14309797735683,46.972923992136444,-14.981077731710595,20.7791356794402,2.1460009776210405,314.5,0.8148148148148148,0.14814814814814814,0.14814814814814814,0.14814814814814814,0.14814814814814814,0.05555555555555555,0.7088404461830101,selection_x_vol:extreme|vol_extreme
3,4.0,900,545,0.10275229357798166,-2.4854388385823656,-2.80035280936914,-1354.5641670273892,22.645321015554167,-12.156429319765115,5.387154096837962,2.3656020370971733,48.0,0.8568807339449541,0.08073394495412844,0.06605504587155964,0.05321100917431193,0.03302752293577982,0.02018348623853211,0.184068093085313,selection_x_vol:extreme|vol_high
3,4.0,3600,545,0.08073394495412844,-2.1791189047080755,-2.8312308661910333,-1187.6198030659011,70.99323858244017,-12.156429319765115,10.781964597550367,2.3656020370971733,48.0,0.9119266055045872,0.07889908256880734,0.06972477064220184,0.062385321100917435,0.04954128440366973,0.031192660550458717,0.3120252729258582,selection_x_vol:extreme|vol_high
3,4.0,14400,543,0.06261510128913444,-1.6905410566066619,-2.8468405860224477,-917.9637937374174,76.17156754252959,-12.156429319765115,23.659618655210437,2.3605730299031062,48.0,0.9373848987108656,0.06077348066298342,0.058931860036832415,0.0570902394106814,0.0570902394106814,0.0570902394106814,0.47895978582142884,selection_x_vol:extreme|vol_high
3,4.0,86400,532,0.02631578947368421,-1.4971055197290586,-2.8845522442296887,-796.4601364958592,130.69503471276238,-14.246217868531758,55.14389115340529,2.365424927908002,46.5,0.9736842105263158,0.02631578947368421,0.02631578947368421,0.02631578947368421,0.02631578947368421,0.02631578947368421,0.5583739126717318,selection_x_vol:extreme|vol_high
3,6.0,900,158,0.12025316455696203,-2.8687912663121855,-3.0232858465801526,-453.2690200773253,20.849059890525766,-12.156429319765115,5.389525366696401,2.85782387062969,51.0,0.8291139240506329,0.0949367088607595,0.06962025316455696,0.06329113924050633,0.03164556962025317,0.012658227848101266,0.16064344023617583,selection_x_vol:extreme|vol_high
3,6.0,3600,158,0.12025316455696203,-2.7471859350503163,-3.0575918278137704,-434.05537773795,27.5842234356989,-12.156429319765115,9.537577731080408,2.85782387062969,51.0,0.8734177215189873,0.11392405063291139,0.08860759493670886,0.06962025316455696,0.05063291139240506,0.0189873417721519,0.2198952721971541,selection_x_vol:extreme|vol_high
3,6.0,14400,157,0.07643312101910828,-1.8118629916518525,-3.090337533056723,-284.4624896893408,63.10353530995112,-12.156429319765115,20.467428894323213,2.856612290144425,51.0,0.9235668789808917,0.07006369426751592,0.06369426751592357,0.06369426751592357,0.06369426751592357,0.06369426751592357,0.5081053697416142,selection_x_vol:extreme|vol_high
3,6.0,86400,154,0.03896103896103896,-0.9644235630077416,-3.154686615854133,-148.5212287031922,130.4595452503816,-14.246217868531758,47.03055460571738,2.8809709762252345,45.0,0.961038961038961,0.03896103896103896,0.03896103896103896,0.03896103896103896,0.03896103896103896,0.03896103896103896,0.752260349206316,selection_x_vol:extreme|vol_high
5,4.0,900,401,0.12967581047381546,-2.310700587274067,-2.830197053912349,-926.5909354969008,20.849059890525766,-11.99922262576638,5.376367886224261,2.3714287028691756,66.0,0.830423940149626,0.10224438902743142,0.08728179551122195,0.06733167082294264,0.04239401496259352,0.02493765586034913,0.21934423514182572,selection_x_vol:extreme|vol_high
5,4.0,3600,401,0.10723192019950124,-1.9859982872601851,-2.859378266215347,-796.3853131913343,65.50236963136754,-11.99922262576638,10.48136457414251,2.3714287028691756,66.0,0.8877805486284289,0.09725685785536159,0.0798004987531172,0.07231920199501247,0.057356608478802994,0.03740648379052369,0.3591562718082107,selection_x_vol:extreme|vol_high
5,4.0,14400,399,0.09022556390977443,-1.2145268034174186,-2.8747018800147544,-484.59619456355,77.97647102086364,-11.99922262576638,23.474748773221005,2.3701473485353888,64.0,0.9097744360902256,0.08521303258145363,0.08020050125313283,0.07769423558897243,0.07769423558897243,0.07268170426065163,0.6170916288893582,selection_x_vol:extreme|vol_high
5,4.0,86400,387,0.03617571059431524,-1.067146416989752,-2.9333067463392264,-412.98566337503405,125.31659279709187,-11.99922262576638,53.309827822424246,2.377991935515122,62.0,0.9638242894056848,0.03617571059431524,0.03617571059431524,0.03617571059431524,0.03617571059431524,0.03617571059431524,0.6840167150315715,selection_x_vol:extreme|vol_high
5,6.0,900,109,0.1743119266055046,-2.9077766469198485,-2.98434274527656,-316.9476545142635,13.54842736017985,-11.99922262576638,6.052594665327431,3.1069520729732854,91.0,0.7798165137614679,0.12844036697247707,0.11009174311926606,0.08256880733944955,0.045871559633027525,0.01834862385321101,0.18301158676298304,selection_x_vol:extreme|vol_high
5,6.0,3600,109,0.14678899082568808,-2.4379728762777195,-3.012287625846619,-265.73904351427143,65.50236963136754,-11.99922262576638,11.29356328245982,3.1069520729732854,91.0,0.8440366972477065,0.13761467889908258,0.08256880733944955,0.07339449541284404,0.06422018348623854,0.027522935779816515,0.34306709208804653,selection_x_vol:extreme|vol_high
5,6.0,14400,109,0.11009174311926606,-1.1161428301188698,-3.042678612450379,-121.6595684829568,77.97647102086364,-11.99922262576638,22.63785909777091,3.1069520729732854,91.0,0.8807339449541285,0.09174311926605505,0.09174311926605505,0.08256880733944955,0.08256880733944955,0.06422018348623854,0.7061138140580563,selection_x_vol:extreme|vol_high
5,6.0,86400,105,0.06666666666666667,0.027558442003496438,-3.139703544371613,2.893636410367126,125.31659279709187,-11.99922262576638,47.39183350353146,3.1386088260486873,67.0,0.9333333333333333,0.06666666666666667,0.06666666666666667,0.06666666666666667,0.06666666666666667,0.06666666666666667,1.0068015539849098,selection_x_vol:extreme|vol_high
10,4.0,900,292,0.1917808219178082,-1.900603300050599,-2.40072098594875,-554.9761636147749,29.222209584250187,-20.372392340002722,5.102422805799092,2.175690629619588,169.5,0.7568493150684932,0.1404109589041096,0.09931506849315068,0.08561643835616438,0.04452054794520548,0.0136986301369863,0.28550389574690965,selection_x_vol:extreme|vol_high
10,4.0,3600,292,0.13356164383561644,-1.7747712594850062,-2.488606263527828,-518.2332077696218,40.44382527756258,-20.372392340002722,9.788079058763236,2.175690629619588,169.5,0.8527397260273972,0.1267123287671233,0.09931506849315068,0.09246575342465753,0.07534246575342465,0.03424657534246575,0.3793004485847977,selection_x_vol:extreme|vol_high
10,4.0,14400,290,0.09655172413793103,-0.9898944749452357,-2.509273157463806,-287.06939773411835,63.63771778156592,-20.372392340002722,20.65896098792292,2.163968608082445,167.0,0.9,0.09310344827586207,0.08275862068965517,0.08275862068965517,0.07586206896551724,0.06551724137931035,0.6688960061762541,selection_x_vol:extreme|vol_high
10,4.0,86400,280,0.04285714285714286,-0.6380479819531397,-2.559273471506685,-178.65343494687912,130.69503471276238,-20.372392340002722,44.24066716375163,2.181725619415846,143.0,0.9571428571428572,0.04285714285714286,0.04285714285714286,0.04285714285714286,0.039285714285714285,0.039285714285714285,0.7988460629685047,selection_x_vol:extreme|vol_high
10,6.0,900,63,0.15873015873015872,-2.186398429772481,-2.3503862974447816,-137.7431010756663,28.569171522718502,-20.372392340002722,5.053812193930428,2.2845871300417406,157.0,0.7777777777777778,0.09523809523809523,0.06349206349206349,0.031746031746031744,0.015873015873015872,0.015873015873015872,0.23851762268960874,selection_x_vol:extreme|vol_high
10,6.0,3600,63,0.09523809523809523,-2.2439635322101212,-2.3856572847075563,-141.36970252923763,18.560534669124255,-20.372392340002722,9.734037858989975,2.2845871300417406,157.0,0.8888888888888888,0.07936507936507936,0.06349206349206349,0.06349206349206349,0.06349206349206349,0.047619047619047616,0.2894087891536186,selection_x_vol:extreme|vol_high
10,6.0,14400,63,0.07936507936507936,-2.7809974284065615,-2.392443537665211,-175.20283798961339,12.387880493314626,-20.372392340002722,16.521150738051684,2.2845871300417406,157.0,0.9206349206349206,0.06349206349206349,0.06349206349206349,0.06349206349206349,0.031746031746031744,0.015873015873015872,0.14157755686961218,selection_x_vol:extreme|vol_high
10,6.0,86400,63,0.06349206349206349,-2.422809563362098,-2.392443537665211,-152.63700249181215,25.55045327171349,-20.372392340002722,32.293581851786804,2.2845871300417406,157.0,0.9365079365079365,0.06349206349206349,0.06349206349206349,0.06349206349206349,0.047619047619047616,0.031746031746031744,0.25835618797421733,selection_x_vol:extreme|vol_high
3,4.0,900,1486,0.15814266487213996,-1.7048716530832158,-2.358732587043154,-2533.4392764816585,25.26605200857959,-22.172341616376272,3.6388887798571465,1.7826495904864084,194.0,0.7220726783310901,0.11440107671601615,0.07873485868102288,0.05720053835800808,0.03768506056527591,0.01278600269179004,0.2445052136583752,selection_x_vol:extreme|vol_normal
3,4.0,3600,1481,0.11411208642808914,-1.6963543536008587,-2.4273309504737273,-2512.3007976828717,45.90237002960609,-22.172341616376272,7.168997024255498,1.7848529180912982,193.0,0.8528021607022283,0.0925050641458474,0.08305199189736664,0.07224848075624578,0.05266711681296422,0.02903443619176232,0.3246967453212315,selection_x_vol:extreme|vol_normal
3,4.0,14400,1474,0.07462686567164178,-1.37524634778522,-2.461307602683689,-2027.1131166354141,74.30261054589711,-22.172341616376272,16.42431604089274,1.785997693791227,190.0,0.923337856173677,0.07327001356852103,0.06919945725915876,0.06648575305291723,0.054274084124830396,0.042740841248303935,0.48496210998011713,selection_x_vol:extreme|vol_normal
3,4.0,86400,1451,0.03652653342522398,-0.7181566366160596,-2.502757473703492,-1042.0452797299024,137.78742413828076,-22.172341616376272,47.60729379508517,1.7846312436000271,170.0,0.9634734665747761,0.03652653342522398,0.03583735354927636,0.03583735354927636,0.03583735354927636,0.03583735354927636,0.7424258471625259,selection_x_vol:extreme|vol_normal
3,6.0,900,443,0.14672686230248308,-2.2302980119488356,-2.4878734744061117,-988.0220192933342,13.626608276374636,-22.172341616376272,3.3172106039481686,2.1712864082920422,198.0,0.7065462753950339,0.09255079006772009,0.0654627539503386,0.04740406320541761,0.029345372460496615,0.002257336343115124,0.1436383061315705,selection_x_vol:extreme|vol_normal
3,6.0,3600,441,0.12018140589569161,-2.313749268203796,-2.6298164867779397,-1020.363427277874,14.825110925625731,-22.172341616376272,6.4472836025918925,2.176144850053004,196.0,0.8344671201814059,0.08843537414965986,0.07936507936507936,0.07029478458049887,0.047619047619047616,0.013605442176870748,0.187500153204962,selection_x_vol:extreme|vol_normal
3,6.0,14400,438,0.08904109589041095,-2.2416885103683697,-2.6708200416630996,-981.8595675413459,31.317276190366787,-22.172341616376272,15.179815354132128,2.181503190450812,194.0,0.908675799086758,0.0867579908675799,0.0776255707762557,0.0730593607305936,0.0502283105022831,0.02511415525114155,0.25499088729331787,selection_x_vol:extreme|vol_normal
3,6.0,86400,433,0.053117782909930716,0.031124238691224874,-2.6989053940421486,13.476795353300371,136.68257248755333,-22.172341616376272,52.528693907274324,2.176005746873536,183.0,0.9445727482678984,0.053117782909930716,0.053117782909930716,0.053117782909930716,0.053117782909930716,0.053117782909930716,1.0099625243905501,selection_x_vol:extreme|vol_normal
5,4.0,900,1051,0.17982873453853473,-1.6730601577035848,-2.377205073694673,-1758.3862257464677,25.26605200857959,-22.172341616376272,3.7646084712846988,1.8780130323247597,240.0,0.7021883920076119,0.12844909609895339,0.08753568030447194,0.06565176022835395,0.04471931493815414,0.015223596574690771,0.27448201868771915,selection_x_vol:extreme|vol_normal
5,4.0,3600,1047,0.13371537726838587,-1.7010402451257398,-2.4800803164716934,-1780.9891366466495,42.582281193909324,-22.172341616376272,7.083257777318861,1.8809595443396245,239.0,0.8299904489016237,0.10601719197707736,0.09551098376313276,0.08882521489971347,0.06303724928366762,0.02865329512893983,0.3386721965515399,selection_x_vol:extreme|vol_normal
5,4.0,14400,1040,0.08076923076923077,-1.4168423568257986,-2.5520976348425606,-1473.5160510988305,74.30261054589711,-22.172341616376272,15.516348680931534,1.884084825676653,230.0,0.9163461538461538,0.07788461538461539,0.07115384615384615,0.0673076923076923,0.05480769230769231,0.04038461538461539,0.48770623630732074,selection_x_vol:extreme|vol_normal
5,4.0,86400,1020,0.03529411764705882,-0.8549380012482866,-2.5950403705118643,-872.0367612732523,136.68257248755333,-22.172341616376272,46.21922614313833,1.8851525873171384,216.5,0.9637254901960784,0.03529411764705882,0.03529411764705882,0.03529411764705882,0.03529411764705882,0.03529411764705882,0.705748277447923,selection_x_vol:extreme|vol_normal
5,6.0,900,286,0.13286713286713286,-2.3391237567083367,-2.5426899679385526,-668.9893944185843,13.626608276374636,-22.172341616376272,3.3097408740447896,2.277052100361866,239.5,0.7062937062937062,0.0944055944055944,0.05944055944055944,0.04195804195804196,0.024475524475524476,0.01048951048951049,0.138890116113427,selection_x_vol:extreme|vol_normal
5,6.0,3600,286,0.11888111888111888,-2.4111052053356206,-2.6779263162637834,-689.5760887259875,27.866619060612333,-22.172341616376272,6.421432641712662,2.277052100361866,239.5,0.8356643356643356,0.08391608391608392,0.06643356643356643,0.06643356643356643,0.038461538461538464,0.01048951048951049,0.1925695525355232,selection_x_vol:extreme|vol_normal
5,6.0,14400,284,0.08450704225352113,-2.370909648378539,-2.723909973857289,-673.338340139505,51.909530466576086,-22.172341616376272,12.212541684164108,2.2867148749022865,234.5,0.9049295774647887,0.08098591549295775,0.07394366197183098,0.07042253521126761,0.045774647887323945,0.02464788732394366,0.24225000053067844,selection_x_vol:extreme|vol_normal
5,6.0,86400,279,0.035842293906810034,-1.130626163478883,-2.8308138781407868,-315.4446996106084,66.92661728900151,-22.172341616376272,42.16562303021181,2.2800701004345316,221.0,0.9605734767025089,0.035842293906810034,0.035842293906810034,0.035842293906810034,0.035842293906810034,0.035842293906810034,0.6569335391834679,selection_x_vol:extreme|vol_normal
10,4.0,900,685,0.21897810218978103,-1.2880046869519939,-2.2323791135573456,-882.2832105621158,25.26605200857959,-20.080895035847952,3.908257983783156,1.7434034612018665,341.0,0.6496350364963503,0.1591240875912409,0.11386861313868613,0.0905109489051095,0.05693430656934306,0.020437956204379562,0.38517800085791887,selection_x_vol:extreme|vol_normal
10,4.0,3600,683,0.1595900439238653,-1.3206317844358495,-2.362127946899075,-901.9915087696852,43.2138408768955,-20.080895035847952,7.002102206196092,1.7449963935546833,333.0,0.808199121522694,0.1376281112737921,0.11859443631039532,0.11127379209370425,0.08052708638360176,0.03513909224011713,0.4467404835104841,selection_x_vol:extreme|vol_normal
10,4.0,14400,678,0.0943952802359882,-1.2596102975714032,-2.413334701173663,-854.0157817534114,69.72568570215843,-20.080895035847952,14.685552531987696,1.7492065530603356,314.0,0.9026548672566371,0.08997050147492626,0.08702064896755163,0.0855457227138643,0.06932153392330384,0.048672566371681415,0.5129990465476799,selection_x_vol:extreme|vol_normal
10,4.0,86400,659,0.03186646433990895,-1.0695652075283009,-2.467888876641858,-704.8434717611503,67.2527383793099,-20.080895035847952,43.88483572057181,1.749261442593502,291.0,0.9666160849772383,0.03186646433990895,0.03186646433990895,0.03186646433990895,0.03186646433990895,0.03186646433990895,0.6124885340665591,selection_x_vol:extreme|vol_normal
10,6.0,900,163,0.25766871165644173,-1.5031554897983082,-2.096749317124351,-245.01434483712424,14.463386973087275,-20.080895035847952,3.8491860836972585,2.0063456970199076,535.0,0.6134969325153374,0.17791411042944785,0.12269938650306748,0.07975460122699386,0.03680981595092025,0.012269938650306749,0.3306421381633585,selection_x_vol:extreme|vol_normal
10,6.0,3600,163,0.17791411042944785,-1.519703350082846,-2.3352639871224588,-247.7116460635039,16.30590177386925,-20.080895035847952,6.726698220299499,2.0063456970199076,535.0,0.7730061349693251,0.1656441717791411,0.15337423312883436,0.12883435582822086,0.10429447852760736,0.024539877300613498,0.40883103918684305,selection_x_vol:extreme|vol_normal
10,6.0,14400,161,0.14285714285714285,-1.0768690490146178,-2.3623559116692237,-173.37591689135346,39.59846638333635,-20.080895035847952,13.805628124681167,2.0214743129059793,533.0,0.8571428571428571,0.13043478260869565,0.11801242236024845,0.10559006211180125,0.07453416149068323,0.06832298136645963,0.6106657320957029,selection_x_vol:extreme|vol_normal
10,6.0,86400,156,0.0641025641025641,0.2670873522542912,-2.469094669160678,41.66562695166943,60.816340432587424,-20.080895035847952,38.33944834821679,2.055878845037539,392.0,0.9294871794871795,0.0641025641025641,0.0641025641025641,0.0641025641025641,0.0641025641025641,0.0641025641025641,1.0894516998438502,selection_x_vol:extreme|vol_normal
3,4.0,900,3984,0.142570281124498,-1.6490405581427527,-2.138864824092713,-6569.777583640727,27.306886878742823,-42.719532096595856,2.650112549084131,1.634201835003215,418.0,0.616214859437751,0.08082329317269077,0.053463855421686746,0.03890562248995984,0.022590361445783132,0.007530120481927711,0.1849228843141938,side:long
3,4.0,3600,3967,0.13435845727249812,-1.6741416858572398,-2.219756772059625,-6641.32006779567,45.90237002960609,-42.719532096595856,5.0514502746816765,1.6362655513239872,413.0,0.8011091504915553,0.09805898663977818,0.07537181749432821,0.05873456012099824,0.03604739097554827,0.01613309805898664,0.2629518315583408,side:long
3,4.0,14400,3947,0.07423359513554599,-1.675612168674604,-2.2702434449116944,-6613.641229758662,76.17156754252959,-42.719532096595856,9.57610565584505,1.6368440454566404,408.0,0.9115784139853053,0.06992652647580441,0.061312389156321256,0.05447175069673169,0.04205725867747656,0.026095768938434252,0.3283729908583862,side:long
3,4.0,86400,3868,0.020682523267838676,-1.9689182754020387,-2.3168890721657296,-7615.7758892550855,103.44666069732492,-42.719532096595856,22.63812092142076,1.6397647857283262,382.0,0.9785418821096173,0.01938986556359876,0.017838676318510858,0.017580144777662874,0.016028955532574975,0.014736297828335057,0.2624578236689356,side:long
3,6.0,900,1359,0.1309786607799853,-1.9267169626378806,-2.1614888436611444,-2618.4083522248798,18.489799853343495,-26.311642120294266,2.4584273460914408,1.9105304745104565,530.0,0.5754231052244297,0.07358351729212656,0.04341427520235467,0.033112582781456956,0.017660044150110375,0.0029433406916850625,0.13181759121709646,side:long
3,6.0,3600,1350,0.13703703703703704,-2.0313792738908694,-2.331754954623805,-2742.3620197526734,17.40550173338798,-26.311642120294266,4.393035951838585,1.9147810153546363,518.5,0.7659259259259259,0.09703703703703703,0.06666666666666667,0.047407407407407405,0.03111111111111111,0.005925925925925926,0.17385417992889043,side:long
3,6.0,14400,1339,0.07766990291262135,-2.1531488754729113,-2.4115826824421234,-2883.066344258228,49.70391981255131,-26.311642120294266,7.967682001219902,1.9183733883702352,504.0,0.8984316654219567,0.06721433905899925,0.05526512322628827,0.04480955937266617,0.030619865571321882,0.019417475728155338,0.21097082515816568,side:long
3,6.0,86400,1318,0.028831562974203338,-2.0958449613959367,-2.461403382805951,-2762.3236591198443,73.98258658347699,-26.311642120294266,18.472300760832727,1.9171138973190816,474.0,0.9696509863429439,0.025796661608497723,0.023520485584218515,0.02276176024279211,0.0204855842185129,0.018209408194233688,0.28170546746549846,side:long
5,4.0,900,2954,0.15876777251184834,-1.5837816780567346,-2.1387843306865344,-4678.491076979594,18.489799853343495,-22.172341616376272,2.6482369984016403,1.6516085476615046,508.5,0.5920785375761679,0.09174001354096141,0.05991875423155044,0.042315504400812456,0.024373730534867976,0.0071090047393364926,0.19953613651545585,side:long
5,4.0,3600,2942,0.14751869476546567,-1.5992799756180556,-2.234273744412784,-4705.081688268319,42.582281193909324,-22.172341616376272,4.9676801185019634,1.6533202078896658,501.0,0.7797416723317471,0.1070700203942896,0.08293677770224338,0.06458191706322229,0.04044867437117607,0.018014955812372536,0.28773483080469614,side:long
5,4.0,14400,2920,0.08698630136986302,-1.518245079245121,-2.3018374354299524,-4433.275631395753,74.30261054589711,-22.172341616376272,9.497901170382992,1.6556782598965125,492.0,0.8962328767123288,0.07808219178082192,0.07089041095890411,0.06232876712328767,0.04897260273972603,0.03047945205479452,0.3886010097448189,side:long
5,4.0,86400,2858,0.026242127361791462,-1.8096943654977355,-2.3567816290711647,-5172.106496592528,103.44666069732492,-22.172341616376272,21.701802593313953,1.6583565990611382,456.0,0.9730580825752274,0.024142757172848146,0.02239328201539538,0.02239328201539538,0.02099370188943317,0.0185444366689993,0.32473955799214005,side:long
5,6.0,900,912,0.12719298245614036,-1.9850010143370314,-2.2120756166161786,-1810.3209250753725,13.54842736017985,-22.172341616376272,2.4904426298494227,1.988346800804244,542.0,0.5822368421052632,0.0756578947368421,0.049342105263157895,0.03618421052631579,0.017543859649122806,0.003289473684210526,0.13382301016393697,side:long
5,6.0,3600,908,0.14647577092511013,-2.068084202805497,-2.3864654153896447,-1877.8204561473915,27.866619060612333,-22.172341616376272,4.358730119434083,1.990564995322306,534.5,0.7588105726872246,0.0947136563876652,0.06607929515418502,0.0473568281938326,0.02973568281938326,0.006607929515418502,0.1841686455015671,side:long
5,6.0,14400,900,0.08888888888888889,-2.0950919587217407,-2.456490820771814,-1885.5827628495665,51.909530466576086,-22.172341616376272,7.891280745002138,1.996825609803569,528.5,0.88,0.07555555555555556,0.06555555555555556,0.05,0.03666666666666667,0.024444444444444446,0.24501213591702006,side:long
5,6.0,86400,882,0.031746031746031744,-2.2743085333348665,-2.5381710858941657,-2005.9401264013522,70.68488183722664,-22.172341616376272,17.650170899155132,1.9958185099501538,495.5,0.9659863945578231,0.02834467120181406,0.024943310657596373,0.024943310657596373,0.022675736961451247,0.017006802721088437,0.24304100744819804,side:long
10,4.0,900,1828,0.19584245076586435,-1.3780991328298346,-2.1060477102752087,-2519.165214812938,17.7326582185255,-20.080895035847952,2.92427762412092,1.6252656782753376,618.0,0.5568927789934355,0.12417943107221006,0.07713347921225383,0.05689277899343545,0.031181619256017507,0.007658643326039387,0.26676672983033844,side:long
10,4.0,3600,1824,0.17160087719298245,-1.3982917196156917,-2.2002483646947635,-2550.4840965790218,43.2138408768955,-20.080895035847952,5.067602426988062,1.6260319728979644,611.5,0.7489035087719298,0.12938596491228072,0.1025219298245614,0.07894736842105263,0.052083333333333336,0.019736842105263157,0.35541870221007377,side:long
10,4.0,14400,1813,0.10424710424710425,-1.3943601968315456,-2.27956398295343,-2527.975036855592,69.72568570215843,-20.080895035847952,9.16521957589327,1.6264197803007463,599.0,0.8764478764478765,0.09211252068394926,0.08163265306122448,0.07060121345835632,0.05405405405405406,0.03474903474903475,0.42319917888218983,side:long
10,4.0,86400,1769,0.035048049745618995,-1.6379954276770952,-2.3378876143883813,-2897.613911560781,70.94564138542381,-20.080895035847952,20.363528588198577,1.6289100251325832,567.0,0.9638213680045223,0.03335217637083098,0.03165630299604296,0.030525720746184284,0.02826455624646693,0.0248728094968909,0.3781303824062444,side:long
10,6.0,900,516,0.21705426356589147,-1.360403461333487,-1.732975191906081,-701.9681860480792,14.463386973087275,-20.080895035847952,2.7966718664360486,1.753904414374346,900.0,0.4903100775193798,0.13372093023255813,0.07751937984496124,0.050387596899224806,0.025193798449612403,0.005813953488372093,0.26666337681693414,side:long
10,6.0,3600,515,0.20970873786407768,-1.4867203136911225,-2.1289624045194246,-765.660961550928,16.30590177386925,-20.080895035847952,4.48088012506873,1.7548954044038314,1027.0,0.6796116504854369,0.141747572815534,0.10485436893203884,0.0854368932038835,0.04466019417475728,0.005825242718446602,0.31099612638375407,side:long
10,6.0,14400,512,0.146484375,-1.3277432530587447,-2.2390941919678538,-679.8045455660773,39.59846638333635,-20.080895035847952,7.642300206053139,1.7604239416320557,971.5,0.822265625,0.130859375,0.103515625,0.09375,0.0625,0.037109375,0.4548872250768151,side:long
10,6.0,86400,496,0.06653225806451613,-0.8717593873378102,-2.3207052987832126,-432.39265611955386,70.68488183722664,-20.080895035847952,16.908026514569745,1.7612405337684125,830.0,0.9294354838709677,0.0625,0.05846774193548387,0.056451612903225805,0.05241935483870968,0.038306451612903226,0.675018508657035,side:long
3,4.0,900,4633,0.14569393481545434,-1.5518414225414716,-2.1085624836049703,-7189.681310634638,25.26605200857959,-34.319962568006986,2.6954877599255442,1.552905266890531,595.0,0.5676667386142888,0.08072523203108137,0.04878048780487805,0.032808115691776385,0.01618821497949493,0.0045327001942585795,0.17283258298982973,side:short
3,4.0,3600,4619,0.1480840008659883,-1.4711451968115572,-2.1596878730069617,-6795.219664072582,134.89683976886445,-34.319962568006986,5.449655201659503,1.553755917982545,593.0,0.7583892617449665,0.10326910586707079,0.0753409828967309,0.057588222558995456,0.0394024680666811,0.015587789564840875,0.30843812741838816,side:short
3,4.0,14400,4597,0.1074613878616489,-1.2185121519968722,-2.2092381840655153,-5601.500362729622,138.8810216115046,-34.319962568006986,12.45392117965325,1.552946577273022,580.0,0.8760060909288666,0.09397433108549054,0.0815749401783772,0.06961061561888188,0.05068522949749837,0.03480530780944094,0.47835412961967627,side:short
3,4.0,86400,4532,0.04655781112091792,-0.4256991891021857,-2.241570151612832,-1929.2687250111055,218.646025941726,-34.319962568006986,37.88560569343289,1.5514146185301834,559.0,0.9530008826125331,0.04633715798764342,0.045675198587819946,0.04435127978817299,0.0412621359223301,0.03971756398940865,0.8308129700999859,side:short
3,6.0,900,1406,0.13655761024182078,-1.8736882474099006,-2.1114972423633676,-2634.40567585832,20.849059890525766,-29.101322941840728,2.683380508865502,1.8936849068111323,631.0,0.5519203413940256,0.06970128022759602,0.04836415362731152,0.03556187766714083,0.01849217638691323,0.004978662873399715,0.1451905701903782,side:short
3,6.0,3600,1403,0.15395580898075553,-1.7850009517334307,-2.244948125279469,-2504.3563352820033,114.88276214375634,-29.101322941840728,5.302947421306155,1.8953014323730035,628.0,0.7341411261582323,0.09836065573770492,0.0698503207412687,0.05274411974340699,0.03421240199572345,0.012829650748396294,0.2615658713265159,side:short
3,6.0,14400,1392,0.11709770114942529,-1.6404974123521343,-2.3353252229789225,-2283.572397994171,109.91479247451863,-29.101322941840728,11.096349493245807,1.898228600353943,624.0,0.8584770114942529,0.09482758620689655,0.08189655172413793,0.0668103448275862,0.05028735632183908,0.03017241379310345,0.37950415430100826,side:short
3,6.0,86400,1368,0.0445906432748538,-0.736352501465882,-2.399224006948687,-1007.3302220053266,176.27496788550232,-29.101322941840728,35.373965173854096,1.8988803494501876,588.5,0.9539473684210527,0.0445906432748538,0.0445906432748538,0.04312865497076023,0.04312865497076023,0.041666666666666664,0.7434756418613078,side:short
5,4.0,900,3041,0.1604735284445906,-1.5134865846673689,-2.1111386827199725,-4602.512703973469,27.090653999145417,-16.66902732996796,2.8782476065873444,1.6481909753706,611.0,0.5613285103584347,0.09371917132522196,0.059519894771456756,0.04044722130878001,0.022689904636632688,0.008549819138441302,0.2169364236949439,side:short
5,4.0,3600,3033,0.16188592152983844,-1.3985593072895843,-2.1915610716807428,-4241.83037900931,114.88276214375634,-16.66902732996796,5.6908695739993505,1.649029995742513,604.0,0.7514012528849324,0.11572700296735905,0.08737223870755029,0.06857896472139796,0.04879657105176393,0.01945268710847346,0.35937892522509807,side:short
5,4.0,14400,3017,0.11103745442492542,-1.1980437275206843,-2.2513758144477554,-3614.4979259299043,109.91479247451863,-16.66902732996796,12.761408512742674,1.648670290440865,600.0,0.8743785217103083,0.0967848856479947,0.08452104739807756,0.07391448458733842,0.05568445475638051,0.0391117003646006,0.505728778280731,side:short
5,4.0,86400,2970,0.04713804713804714,-0.3938831889498962,-2.287180308687624,-1169.8330711811918,200.01668992419587,-16.66902732996796,37.30436795777534,1.6469184243152333,574.5,0.9521885521885521,0.04713804713804714,0.0468013468013468,0.04579124579124579,0.04410774410774411,0.04276094276094276,0.8492721284178948,side:short
5,6.0,900,859,0.13969732246798602,-1.9539469086547654,-2.135144440597091,-1678.4403945344434,22.65705472102922,-26.178555844215566,3.0084641439394617,2.0132591074122974,571.0,0.5681024447031432,0.07683352735739232,0.05820721769499418,0.03958090803259604,0.017462165308498253,0.006984866123399301,0.15514992886387505,side:short
5,6.0,3600,858,0.14219114219114218,-1.8540296768112312,-2.297721594920648,-1590.7574627040365,105.54301488102463,-26.178555844215566,5.762880280601264,2.0141917294988754,570.0,0.7494172494172494,0.09557109557109557,0.06993006993006994,0.053613053613053616,0.039627039627039624,0.016317016317016316,0.27244215470585864,side:short
5,6.0,14400,853,0.11254396248534584,-1.6859105192614614,-2.360335531139185,-1438.0816729300266,93.375970656792,-26.178555844215566,11.474899718582096,2.016136668125898,557.0,0.8569753810082064,0.09613130128956623,0.08909730363423213,0.08089097303634232,0.053927315357561546,0.03048065650644783,0.3870096556437659,side:short
5,6.0,86400,836,0.04784688995215311,-0.8159283884161849,-2.42259258713901,-682.1161327159306,125.31659279709187,-26.178555844215566,34.34489699436444,2.013057015263847,527.5,0.9497607655502392,0.04784688995215311,0.04784688995215311,0.04425837320574163,0.04425837320574163,0.04066985645933014,0.7258353292958767,side:short
10,4.0,900,1849,0.19740400216333154,-1.287637553967526,-2.088043097120881,-2380.8418372859555,30.169747116673683,-24.59506011038262,3.2502160844088985,1.6089712226336303,719.0,0.5392103839913467,0.11898323418063818,0.083829096809086,0.060032449972958354,0.029204975662520283,0.008653326122228232,0.2990467254941496,side:short
10,4.0,3600,1841,0.18848451928299836,-1.247177306233487,-2.147924669337608,-2296.0534207758496,40.44382527756258,-24.59506011038262,6.2500194480742675,1.6097200021142117,714.0,0.7311243889190657,0.1423139598044541,0.10809342748506247,0.08527973927213471,0.057577403585008145,0.020640956002172733,0.4078856873821418,side:short
10,4.0,14400,1831,0.1223375204806117,-1.0246133435386018,-2.2231852649944495,-1876.06703201918,67.78048686953915,-24.59506011038262,12.737893113479153,1.6109540133418756,701.0,0.8563626433642818,0.10977607864554888,0.09666848716548335,0.08847624249044238,0.06826870562534135,0.04314582195521573,0.5658074953887786,side:short
10,4.0,86400,1787,0.05260212646894236,-0.2683430383538516,-2.2758655283865044,-479.5290095383328,186.8737147257229,-24.59506011038262,37.41261496768602,1.6104586617780574,653.0,0.9468382764409625,0.05260212646894236,0.05204252937884723,0.05036373810856184,0.04868494683827644,0.04308897593732513,0.895334449730915,side:short
10,6.0,900,460,0.20869565217391303,-1.5265601441614034,-1.7733862058624432,-702.2176663142455,28.569171522718502,-20.372392340002722,3.15957699777036,1.775744996688478,858.0,0.5152173913043478,0.11304347826086956,0.08695652173913043,0.05217391304347826,0.017391304347826087,0.002173913043478261,0.23563816768235354,side:short
10,6.0,3600,460,0.17173913043478262,-1.5741352401095277,-2.1542510424382506,-724.1022104503827,39.38260890773274,-20.372392340002722,5.283900237610387,1.775744996688478,858.0,0.7304347826086957,0.14130434782608695,0.10652173913043478,0.07608695652173914,0.05,0.015217391304347827,0.31854099826595433,side:short
10,6.0,14400,457,0.13347921225382933,-1.4818971769190805,-2.254871413320651,-677.2270098520198,34.84256478651643,-20.372392340002722,10.093611849376622,1.779276071944996,839.0,0.8358862144420132,0.11816192560175055,0.11159737417943107,0.08971553610503283,0.05689277899343545,0.0350109409190372,0.4117277100850681,side:short
10,6.0,86400,446,0.06278026905829596,-0.6833311201697242,-2.3545305191402432,-304.765679595697,93.62917167786276,-20.372392340002722,29.22929033937427,1.7902873537226232,750.0,0.9327354260089686,0.06278026905829596,0.06278026905829596,0.06278026905829596,0.06278026905829596,0.0515695067264574,0.7506295794552145,side:short
3,4.0,900,2961,0.14555893279297535,-1.4644915437976094,-2.1067618535088206,-4336.359461184721,18.489799853343495,-11.341542749892938,2.143488214904932,1.463121765679431,647.0,0.5511651469098278,0.08139142181695373,0.04795677136102668,0.031746031746031744,0.016548463356973995,0.0037149611617696724,0.17548701738354439,vol:unknown
3,4.0,3600,2961,0.15096251266464034,-1.3362177526134096,-2.15568103982715,-3956.5407654883056,134.89683976886445,-11.341542749892938,4.3991977575607315,1.463121765679431,647.0,0.7588652482269503,0.1060452549814252,0.0800405268490375,0.06416751097602161,0.044241810199257006,0.016548463356973995,0.34266715155674976,vol:unknown
3,4.0,14400,2961,0.09591354272205337,-1.2927340529516653,-2.193355247968849,-3827.785530789881,138.8810216115046,-11.341542749892938,9.739509974366205,1.463121765679431,647.0,0.878419452887538,0.0800405268490375,0.07024653833164471,0.06180344478216818,0.04930766632894292,0.03005741303613644,0.42768864515884536,vol:unknown
3,4.0,86400,2961,0.05538669368456602,-0.13714614438724537,-2.2264627956767673,-406.08973353063357,218.646025941726,-11.341542749892938,33.033470571607936,1.463121765679431,647.0,0.9442755825734549,0.05538669368456602,0.05369807497467072,0.05200945626477541,0.0469436001350895,0.04491725768321513,0.9428655580432953,vol:unknown
3,6.0,900,938,0.12153518123667377,-1.6796921131402258,-2.1055084795400356,-1575.5512021255317,18.489799853343495,-9.221302824251927,2.0184007703644435,1.6993180375100447,814.5,0.5191897654584222,0.0628997867803838,0.039445628997867806,0.03304904051172708,0.017057569296375266,0.0042643923240938165,0.14478097234096843,vol:unknown
3,6.0,3600,938,0.15565031982942432,-1.5316602382838767,-2.1879851175820244,-1436.6973035102762,114.88276214375634,-9.221302824251927,3.979597328842654,1.6993180375100447,814.5,0.7270788912579957,0.09914712153518124,0.06609808102345416,0.04904051172707889,0.03411513859275053,0.010660980810234541,0.3001851788079476,vol:unknown
3,6.0,14400,938,0.09381663113006397,-1.6447641820235301,-2.271883901784501,-1542.7888027380714,109.91479247451863,-10.897031246969425,7.67972264918697,1.6993180375100447,814.5,0.8646055437100213,0.06823027718550106,0.05970149253731343,0.04904051172707889,0.04157782515991471,0.02771855010660981,0.3315867312300309,vol:unknown
3,6.0,86400,938,0.050106609808102345,-0.7113853664973848,-2.309723760460464,-667.279473774547,176.27496788550232,-10.897031246969425,24.915430118652733,1.6993180375100447,814.5,0.9498933901918977,0.050106609808102345,0.050106609808102345,0.04904051172707889,0.04584221748400853,0.04371002132196162,0.7298810040713535,vol:unknown
5,4.0,900,2038,0.1535819430814524,-1.432134648444368,-2.1060906283272,-2918.6904135296218,18.489799853343495,-10.330284142945114,2.304871891092892,1.5357213392127753,688.5,0.5353287536800785,0.09077526987242394,0.05740922473012758,0.03680078508341511,0.021099116781157997,0.005397448478900883,0.2014713866057374,vol:unknown
5,4.0,3600,2038,0.1692836113837095,-1.245539049713416,-2.170747662581726,-2538.408583315942,114.88276214375634,-10.330284142945114,4.657339617208943,1.5357213392127753,688.5,0.7423945044160942,0.11923454367026497,0.09175662414131501,0.07114818449460256,0.04906771344455348,0.019627085377821395,0.390546985370276,vol:unknown
5,4.0,14400,2038,0.1084396467124632,-1.1742320920758296,-2.2308307820301714,-2393.085003650541,109.91479247451863,-10.897031246969425,10.088515780834518,1.5357213392127753,688.5,0.866045142296369,0.08881256133464181,0.08047105004906771,0.07311089303238469,0.06035328753680078,0.037782139352306184,0.48902470996835756,vol:unknown
5,4.0,86400,2038,0.06182531894013739,0.20667374355431534,-2.2724137243797786,421.2010893636947,200.01668992419587,-10.897031246969425,30.553831779130658,1.5357213392127753,688.5,0.9381746810598626,0.06182531894013739,0.06084396467124632,0.06035328753680078,0.05691854759568204,0.05299313052011776,1.084106538255063,vol:unknown
5,6.0,900,603,0.12603648424543948,-1.8492387707583686,-2.1113996128002936,-1115.0909787672963,9.109997050801663,-15.406475146865285,2.1377029333030073,1.8260976912163684,703.0,0.5373134328358209,0.06301824212271974,0.04477611940298507,0.028192371475953566,0.011608623548922056,0.0,0.11716870727774167,vol:unknown
5,6.0,3600,603,0.14096185737976782,-1.7434384780023493,-2.261468866809481,-1051.2934022354166,105.54301488102463,-15.406475146865285,4.1622802915743655,1.8260976912163684,703.0,0.736318407960199,0.0812603648424544,0.05970149253731343,0.04643449419568822,0.03482587064676617,0.009950248756218905,0.25514856266317754,vol:unknown
5,6.0,14400,603,0.08291873963515754,-1.8766133070698927,-2.340784448644774,-1131.5978241631453,93.375970656792,-15.406475146865285,8.815303810730178,1.8260976912163684,703.0,0.867330016583748,0.06467661691542288,0.05970149253731343,0.05472636815920398,0.03814262023217247,0.026533996683250415,0.27779594067767577,vol:unknown
5,6.0,86400,603,0.04975124378109453,-0.8669235481326519,-2.386712832284891,-522.7548995239891,119.22175299552042,-15.406475146865285,26.322428940704338,1.8260976912163684,703.0,0.9502487562189055,0.04975124378109453,0.04975124378109453,0.04809286898839138,0.04477611940298507,0.03980099502487562,0.687436578795189,vol:unknown
10,4.0,900,1225,0.18693877551020407,-1.245220846334948,-1.9796109886423325,-1525.3955367603112,12.948296023387101,-9.430495521464106,2.4940619617965862,1.506289905599984,886.0,0.5036734693877551,0.12,0.07918367346938776,0.054693877551020405,0.027755102040816326,0.004081632653061225,0.26622682717294066,vol:unknown
10,4.0,3600,1225,0.19428571428571428,-1.1573226401090302,-2.1380217828244588,-1417.720234133562,39.38260890773274,-9.430495521464106,4.711504202149816,1.506289905599984,886.0,0.7151020408163266,0.1346938775510204,0.10693877551020409,0.08326530612244898,0.062040816326530614,0.02040816326530612,0.41464520773341074,vol:unknown
10,4.0,14400,1225,0.10857142857142857,-1.1075118121983165,-2.2117370764478115,-1356.7019699429377,67.78048686953915,-9.430495521464106,9.315151944940379,1.506289905599984,886.0,0.8571428571428571,0.09142857142857143,0.08163265306122448,0.07591836734693877,0.061224489795918366,0.03836734693877551,0.5110018314578207,vol:unknown
10,4.0,86400,1225,0.06285714285714286,0.111110595041284,-2.250662572662159,136.1104789255729,186.8737147257229,-9.430495521464106,29.316157908122843,1.506289905599984,886.0,0.9371428571428572,0.06285714285714286,0.062040816326530614,0.060408163265306125,0.05714285714285714,0.052244897959183675,1.0457155650620094,vol:unknown
10,6.0,900,322,0.18944099378881987,-1.350110207280434,-1.5921448225851018,-434.73548674429975,9.109997050801663,-7.850476910782262,2.239535872561648,1.5919940387599694,900.0,0.4472049689440994,0.11490683229813664,0.06521739130434782,0.043478260869565216,0.012422360248447204,0.0,0.2074618467804422,vol:unknown
10,6.0,3600,322,0.2080745341614907,-1.2817715078559846,-2.1110203451122924,-412.73042552962704,39.38260890773274,-7.850476910782262,3.761405023064348,1.5919940387599694,1208.5,0.6583850931677019,0.13664596273291926,0.09937888198757763,0.07453416149068323,0.040372670807453416,0.006211180124223602,0.34625895207909235,vol:unknown
10,6.0,14400,322,0.12732919254658384,-1.4013511519562696,-2.201699947908412,-451.23507092991883,34.84256478651643,-7.850476910782262,6.89210324077547,1.5919940387599694,1208.5,0.8136645962732919,0.09937888198757763,0.08385093167701864,0.07453416149068323,0.055900621118012424,0.034161490683229816,0.38403210774478247,vol:unknown
10,6.0,86400,322,0.08385093167701864,0.4263413032533597,-2.279216788199829,137.28189964758184,93.62917167786276,-7.850476910782262,23.140647146365804,1.5919940387599694,1208.5,0.9161490683229814,0.08385093167701864,0.08385093167701864,0.08385093167701864,0.08074534161490683,0.06521739130434782,1.1727533246136264,vol:unknown
3,4.0,900,409,0.11735941320293398,-2.984541312010458,-2.9297271498660025,-1220.6773966122773,27.306886878742823,-42.719532096595856,7.904843628645858,2.8774937754354,40.0,0.8459657701711492,0.08801955990220049,0.07090464547677261,0.061124694376528114,0.03667481662591687,0.012224938875305624,0.1528631161279827,vol:vol_extreme
3,4.0,3600,409,0.08801955990220049,-3.1588348264040356,-3.009943346938229,-1291.9634439992506,30.077325745614964,-42.719532096595856,13.7739434900472,2.8774937754354,40.0,0.8924205378973105,0.07334963325183375,0.05867970660146699,0.05623471882640587,0.03178484107579462,0.014669926650366748,0.14039941143526904,vol:vol_extreme
3,4.0,14400,408,0.05392156862745098,-2.788093498089729,-3.0459833186073233,-1137.5421472206094,61.83318412375312,-42.719532096595856,20.431952130839328,2.8742421114266286,40.0,0.9313725490196079,0.049019607843137254,0.049019607843137254,0.049019607843137254,0.04656862745098039,0.031862745098039214,0.25884998612449917,vol:vol_extreme
3,4.0,86400,403,0.02729528535980149,-2.596318851054967,-3.070090588735141,-1046.3164969751517,122.978710936273,-42.719532096595856,38.65875365800931,2.8911831479246852,40.0,0.9702233250620348,0.02729528535980149,0.02729528535980149,0.02729528535980149,0.02729528535980149,0.02481389578163772,0.3398615330799879,vol:vol_extreme
3,6.0,900,140,0.12857142857142856,-3.938077115921523,-3.2378472945965946,-551.3307962290132,13.736906973030985,-29.101322941840728,7.4787725301920025,3.946365960143093,28.5,0.8214285714285714,0.10714285714285714,0.09285714285714286,0.06428571428571428,0.04285714285714286,0.014285714285714285,0.13105041201570472,vol:vol_extreme
3,6.0,3600,140,0.1357142857142857,-3.9135382318640968,-3.3104444793296404,-547.8953524609735,15.700125072110144,-29.101322941840728,14.249706340025847,3.946365960143093,28.5,0.8571428571428571,0.12142857142857143,0.10714285714285714,0.07857142857142857,0.05,0.014285714285714285,0.146054272998348,vol:vol_extreme
3,6.0,14400,140,0.10714285714285714,-3.330821137974636,-3.3236908843479407,-466.31495931644906,41.47572270712528,-29.101322941840728,19.32584057700813,3.946365960143093,28.5,0.8857142857142857,0.10714285714285714,0.09285714285714286,0.08571428571428572,0.07142857142857142,0.04285714285714286,0.28614751480728573,vol:vol_extreme
3,6.0,86400,137,0.051094890510948905,-3.406585743284035,-3.5333567432675705,-466.7022468299128,48.201696046418796,-29.101322941840728,31.28000318627978,3.989358983936638,27.0,0.9416058394160584,0.051094890510948905,0.051094890510948905,0.051094890510948905,0.051094890510948905,0.043795620437956206,0.3111079348598598,vol:vol_extreme
5,4.0,900,303,0.1419141914191419,-2.468943979135553,-2.8709511772453866,-748.0900256780725,27.090653999145417,-16.66902732996796,6.511509508073071,2.656285054869311,63.0,0.7986798679867987,0.11551155115511551,0.09900990099009901,0.07260726072607261,0.04950495049504951,0.0231023102310231,0.238200810456839,vol:vol_extreme
5,4.0,3600,303,0.10891089108910891,-2.6151901688967474,-2.931654745199614,-792.4026211757144,50.675242002416475,-16.66902732996796,12.176346796890122,2.656285054869311,63.0,0.8679867986798679,0.09900990099009901,0.07590759075907591,0.06930693069306931,0.0462046204620462,0.019801980198019802,0.23087307858068407,vol:vol_extreme
5,4.0,14400,303,0.06930693069306931,-2.3943866440793347,-3.0139781309152736,-725.4991531560385,73.49500245265449,-16.66902732996796,18.35391756640738,2.656285054869311,63.0,0.9207920792079208,0.06930693069306931,0.0627062706270627,0.0594059405940594,0.052805280528052806,0.036303630363036306,0.32671699420252814,vol:vol_extreme
5,4.0,86400,299,0.030100334448160536,-3.097263713313652,-3.096385040703124,-926.081850280782,43.33482158777401,-16.66902732996796,34.102485065809475,2.671126084023306,59.0,0.9665551839464883,0.030100334448160536,0.030100334448160536,0.026755852842809364,0.026755852842809364,0.023411371237458192,0.1696153290332839,vol:vol_extreme
5,6.0,900,112,0.14285714285714285,-3.019037214119078,-2.9952333816470826,-338.13216798133675,22.65705472102922,-26.178555844215566,6.43106114727508,3.337915015611329,73.0,0.75,0.11607142857142858,0.10714285714285714,0.09821428571428571,0.05357142857142857,0.026785714285714284,0.22734342875032956,vol:vol_extreme
5,6.0,3600,112,0.13392857142857142,-3.2912579306173613,-3.1987493753079876,-368.62088822914444,20.67384493678308,-26.178555844215566,11.448491287223058,3.337915015611329,73.0,0.8482142857142857,0.125,0.10714285714285714,0.08928571428571429,0.07142857142857142,0.026785714285714284,0.1972311782176961,vol:vol_extreme
5,6.0,14400,112,0.09821428571428571,-3.2693226159066024,-3.3244252443662967,-366.16413298153947,21.167515408637943,-26.178555844215566,15.898627362691126,3.337915015611329,73.0,0.8928571428571429,0.09821428571428571,0.09821428571428571,0.08928571428571429,0.0625,0.03571428571428571,0.22629698494074346,vol:vol_extreme
5,6.0,86400,111,0.07207207207207207,-3.290403915942486,-3.3292523870615183,-365.2348346696159,29.007064589345568,-26.178555844215566,25.587598629416853,3.3434799927110896,72.0,0.918918918918919,0.07207207207207207,0.07207207207207207,0.06306306306306306,0.06306306306306306,0.036036036036036036,0.23841534310409215,vol:vol_extreme
10,4.0,900,230,0.23043478260869565,-1.698734912772845,-2.3041186308352986,-390.70902993775434,30.169747116673683,-24.59506011038262,7.197014366231866,2.2381398088885414,146.0,0.6956521739130435,0.1565217391304348,0.12173913043478261,0.08695652173913043,0.06086956521739131,0.02608695652173913,0.3654224374368201,vol:vol_extreme
10,4.0,3600,230,0.1826086956521739,-1.7415730135707022,-2.455857652034235,-400.5617931212615,36.41521404907174,-24.59506011038262,13.37998610541921,2.2381398088885414,146.0,0.7782608695652173,0.1608695652173913,0.11304347826086956,0.08260869565217391,0.06086956521739131,0.021739130434782608,0.3987924801974502,vol:vol_extreme
10,4.0,14400,230,0.15217391304347827,-1.3286984807092936,-2.4936077289253182,-305.60065056313755,49.27978868948968,-24.59506011038262,18.626268870967557,2.2381398088885414,146.0,0.8434782608695652,0.1391304347826087,0.12608695652173912,0.10434782608695652,0.09130434782608696,0.05652173913043478,0.5571709700090524,vol:vol_extreme
10,4.0,86400,223,0.08071748878923767,-1.1700549069230228,-2.5763890232418194,-260.9222442438341,100.3999811772251,-24.59506011038262,33.51260397775951,2.2524960576989024,132.0,0.9192825112107623,0.08071748878923767,0.07623318385650224,0.07174887892376682,0.07174887892376682,0.04932735426008968,0.6358992593906276,vol:vol_extreme
10,6.0,900,84,0.32142857142857145,-1.4486983717694804,-1.718084222044848,-121.69066322863635,10.355409573335942,-14.981077731710595,4.957333863740861,2.229584009172733,477.0,0.5476190476190477,0.21428571428571427,0.14285714285714285,0.09523809523809523,0.07142857142857142,0.011904761904761904,0.38451965337296307,vol:vol_extreme
10,6.0,3600,84,0.2619047619047619,-1.7522998159801808,-2.0143736842995725,-147.1931845423352,8.881043621402625,-14.981077731710595,7.241819495737348,2.229584009172733,477.0,0.6547619047619048,0.2261904761904762,0.14285714285714285,0.11904761904761904,0.05952380952380952,0.0,0.3354380172496038,vol:vol_extreme
10,6.0,14400,84,0.23809523809523808,-0.9577396450278775,-2.18187395154807,-80.45013018234171,34.58670400810865,-14.981077731710595,10.44531199590726,2.229584009172733,477.0,0.75,0.21428571428571427,0.19047619047619047,0.15476190476190477,0.10714285714285714,0.03571428571428571,0.6545164841193363,vol:vol_extreme
10,6.0,86400,79,0.12658227848101267,-1.4011341196057714,-2.3136159034707093,-110.68959544885594,46.972923992136444,-14.981077731710595,18.462781127336015,2.2363724033801193,418.0,0.8607594936708861,0.11392405063291139,0.11392405063291139,0.11392405063291139,0.11392405063291139,0.05063291139240506,0.5466485104968021,vol:vol_extreme
3,4.0,900,1168,0.1267123287671233,-2.008500362853304,-2.3494826581926262,-2345.9284238126593,22.645321015554167,-12.156429319765115,3.6904580998852845,1.9117102340118581,163.5,0.7191780821917808,0.07705479452054795,0.05650684931506849,0.04280821917808219,0.02482876712328767,0.01113013698630137,0.17281223032717138,vol:vol_high
3,4.0,3600,1165,0.11587982832618025,-1.8454012888918445,-2.4191228878577067,-2149.892501558999,70.99323858244017,-12.156429319765115,7.224519379274922,1.913320426039999,163.0,0.8394849785407725,0.0927038626609442,0.07210300429184549,0.061802575107296136,0.04291845493562232,0.022317596566523604,0.2894443032510493,vol:vol_high
3,4.0,14400,1160,0.08017241379310344,-1.5156921331580686,-2.472091979439637,-1758.2028744633596,76.17156754252959,-12.156429319765115,15.629349661359557,1.910651345506803,161.0,0.9112068965517242,0.07672413793103448,0.0706896551724138,0.06379310344827586,0.05086206896551724,0.04224137931034483,0.4484868625072931,vol:vol_high
3,4.0,86400,1131,0.022988505747126436,-1.7599912301738634,-2.5250653016971545,-1990.5500813266394,130.69503471276238,-14.246217868531758,34.33155783604541,1.912310220590324,143.0,0.9761273209549072,0.022988505747126436,0.022988505747126436,0.022988505747126436,0.022104332449160036,0.020335985853227233,0.4024646081211441,vol:vol_high
3,6.0,900,361,0.11634349030470914,-2.4570124594588756,-2.710150869662864,-886.9814978646541,20.849059890525766,-12.156429319765115,3.730429201995886,2.3823266010195923,128.0,0.7174515235457064,0.07756232686980609,0.05263157894736842,0.0443213296398892,0.027700831024930747,0.008310249307479225,0.14020801935069144,vol:vol_high
3,6.0,3600,361,0.12465373961218837,-2.4278766233344453,-2.793459820368887,-876.4634610237348,27.5842234356989,-12.156429319765115,6.524119884304627,2.3823266010195923,128.0,0.8254847645429363,0.10526315789473684,0.07479224376731301,0.055401662049861494,0.036011080332409975,0.013850415512465374,0.19224403372025264,vol:vol_high
3,6.0,14400,358,0.0782122905027933,-2.0970007397445407,-2.839058789132074,-750.7262648285456,63.10353530995112,-12.156429319765115,13.409975111300255,2.3819315490800705,126.5,0.9134078212290503,0.06424581005586592,0.05865921787709497,0.055865921787709494,0.04748603351955307,0.036312849162011177,0.3469191511077523,vol:vol_high
3,6.0,86400,351,0.02849002849002849,-1.922455746632155,-2.9186557502561494,-674.7819670678864,130.4595452503816,-14.246217868531758,29.349162652158448,2.3960755931307265,120.0,0.9715099715099715,0.02849002849002849,0.02849002849002849,0.02849002849002849,0.02849002849002849,0.022792022792022793,0.4375332641062527,vol:vol_high
5,4.0,900,854,0.148711943793911,-1.9201503335816583,-2.33236221672966,-1639.8083848787362,20.849059890525766,-11.99922262576638,3.779870658212058,1.9589964991517645,188.5,0.7060889929742389,0.09836065573770492,0.07259953161592506,0.05269320843091335,0.026932084309133488,0.01288056206088993,0.2035551343200644,vol:vol_high
5,4.0,3600,852,0.1255868544600939,-1.7879545793207052,-2.444813449796859,-1523.3373015812408,65.50236963136754,-11.99922262576638,7.127049724585546,1.960995087451544,187.5,0.8380281690140845,0.09976525821596244,0.08215962441314555,0.06924882629107981,0.0528169014084507,0.025821596244131457,0.31892628664880196,vol:vol_high
5,4.0,14400,845,0.0863905325443787,-1.3346374786363735,-2.506933823395497,-1127.7686694477356,77.97647102086364,-11.99922262576638,15.628674159469842,1.961280763141619,182.0,0.9100591715976332,0.07810650887573964,0.07218934911242604,0.06745562130177515,0.06035502958579882,0.05207100591715976,0.5199803697136975,vol:vol_high
5,4.0,86400,816,0.024509803921568627,-1.7171038099101754,-2.589120570864419,-1401.1567088867032,125.31659279709187,-11.99922262576638,33.403752153889975,1.9681087634886563,162.5,0.9754901960784313,0.024509803921568627,0.024509803921568627,0.024509803921568627,0.023284313725490197,0.022058823529411766,0.4254970294241842,vol:vol_high
5,6.0,900,242,0.15289256198347106,-2.3423941427827164,-2.442709540668707,-566.8593825534174,13.54842736017985,-11.99922262576638,4.141608312643912,2.468386801423418,209.0,0.6652892561983471,0.10330578512396695,0.08264462809917356,0.06198347107438017,0.03305785123966942,0.008264462809917356,0.17596429804248498,vol:vol_high
5,6.0,3600,242,0.13636363636363635,-2.1944323044626484,-2.6610925198716195,-531.0526176799609,65.50236963136754,-11.99922262576638,7.245417982509045,2.468386801423418,209.0,0.8099173553719008,0.128099173553719,0.08677685950413223,0.07024793388429752,0.049586776859504134,0.01652892561983471,0.2846771602066274,vol:vol_high
5,6.0,14400,242,0.10743801652892562,-1.5678474901969928,-2.677987725877875,-379.4190926276722,77.97647102086364,-11.99922262576638,14.149734044569675,2.468386801423418,209.0,0.8842975206611571,0.08264462809917356,0.07851239669421488,0.0743801652892562,0.06198347107438017,0.049586776859504134,0.5126225473431871,vol:vol_high
5,6.0,86400,234,0.04700854700854701,-1.3173791004462785,-2.800029883949695,-308.2667095044292,125.31659279709187,-11.99922262576638,28.67808559271876,2.488062527725173,190.5,0.9529914529914529,0.04700854700854701,0.04700854700854701,0.04700854700854701,0.04700854700854701,0.038461538461538464,0.620202397871162,vol:vol_high
10,4.0,900,569,0.19332161687170474,-1.6518578415940843,-2.2017066915368466,-939.907111867034,29.222209584250187,-20.372392340002722,3.9048990517609474,1.8900647434726774,306.0,0.6467486818980668,0.13181019332161686,0.08963093145869948,0.0632688927943761,0.029876977152899824,0.007029876977152899,0.26273427523167214,vol:vol_high
10,4.0,3600,567,0.15873015873015872,-1.5976186903987575,-2.2955961729499497,-905.8497974560955,40.44382527756258,-20.372392340002722,7.210411932666574,1.8928247676703034,301.0,0.800705467372134,0.13756613756613756,0.10582010582010581,0.08818342151675485,0.059964726631393295,0.02292768959435626,0.3573477648698993,vol:vol_high
10,4.0,14400,563,0.10301953818827708,-1.2350213913505375,-2.330954245827078,-695.3170433303526,63.63771778156592,-20.372392340002722,14.583884645442424,1.888193278490617,298.0,0.8880994671403197,0.0905861456483126,0.07992895204262877,0.07992895204262877,0.06927175843694494,0.0497335701598579,0.540660746443414,vol:vol_high
10,4.0,86400,542,0.03874538745387454,-1.1811002869851899,-2.3857823661376383,-640.1563555459729,130.69503471276238,-20.372392340002722,29.91824690906772,1.897456633291392,262.0,0.9612546125461254,0.03874538745387454,0.03874538745387454,0.03874538745387454,0.03505535055350553,0.02952029520295203,0.5913690524099608,vol:vol_high
10,6.0,900,138,0.18840579710144928,-1.7268248452709252,-2.081459746171337,-238.30182864738768,28.569171522718502,-20.372392340002722,4.1447642676474485,1.9980485951886207,414.5,0.5942028985507246,0.10869565217391304,0.08695652173913043,0.050724637681159424,0.021739130434782608,0.007246376811594203,0.2635399921524498,vol:vol_high
10,6.0,3600,138,0.16666666666666666,-1.7718089699829633,-2.1700832256919576,-244.50963785764893,18.560534669124255,-20.372392340002722,7.163125649156396,1.9980485951886207,414.5,0.782608695652174,0.13768115942028986,0.11594202898550725,0.09420289855072464,0.057971014492753624,0.021739130434782608,0.32895753082518514,vol:vol_high
10,6.0,14400,138,0.11594202898550725,-1.8684709826970243,-2.203830082998923,-257.84899561218936,21.546217495758206,-20.372392340002722,11.670508671834492,1.9980485951886207,414.5,0.8768115942028986,0.10144927536231885,0.09420289855072464,0.08695652173913043,0.057971014492753624,0.036231884057971016,0.3406961041071097,vol:vol_high
10,6.0,86400,134,0.05970149253731343,-1.832579749083547,-2.2909779052680004,-245.56568637719528,51.0868392010731,-20.372392340002722,21.981281603884828,2.015270406218911,347.0,0.9402985074626866,0.05970149253731343,0.05223880597014925,0.05223880597014925,0.04477611940298507,0.029850746268656716,0.38915493288768366,vol:vol_high
3,4.0,900,4079,0.15101740622701643,-1.435767004821208,-2.1061431180475174,-5856.493612665707,25.26605200857959,-22.172341616376272,2.2446282123487507,1.4619255102968653,648.0,0.5557734738906595,0.08065702378033832,0.04952194165236578,0.03383182152488355,0.017651385143417506,0.005393478793822015,0.1883985766097766,vol:vol_normal
3,4.0,3600,4051,0.1478647247593187,-1.4905314788500856,-2.1464770601209437,-6038.143020821697,45.90237002960609,-22.172341616376272,4.47665467580981,1.4637490073061368,639.0,0.7630214761787213,0.10219698839792644,0.0745494939521106,0.05282646260182671,0.03233769439644532,0.013576894593927425,0.27153776479737807,vol:vol_normal
3,4.0,14400,4015,0.09663760896637609,-1.3677736089699712,-2.191561071680719,-5491.611040014434,74.30261054589711,-22.172341616376272,9.898528910542598,1.4640520479986776,627.0,0.8933997509339975,0.09016189290161893,0.07646326276463263,0.06425902864259028,0.043586550435865505,0.027895392278953924,0.40140932551389935,vol:vol_normal
3,4.0,86400,3905,0.023047375160051217,-1.5626346485105675,-2.233445638869044,-6102.088302433766,137.78742413828076,-22.172341616376272,27.411329251579293,1.4630852819712818,589.0,0.9764404609475033,0.021510883482714467,0.020486555697823303,0.01997439180537772,0.018950064020486556,0.01818181818181818,0.37125430145209304,vol:vol_normal
3,6.0,900,1326,0.1478129713423831,-1.6884996469562603,-2.1064355034327664,-2238.9505318640013,13.626608276374636,-22.172341616376272,2.13187235298184,1.6986881125668436,760.0,0.5256410256410257,0.07239819004524888,0.043740573152337855,0.029411764705882353,0.013574660633484163,0.0015082956259426848,0.1353560046187432,vol:vol_normal
3,6.0,3600,1314,0.14535768645357686,-1.815572479482262,-2.2189046622520183,-2385.6622380396925,14.825110925625731,-22.172341616376272,4.024052744887844,1.7028849496008789,739.0,0.7336377473363774,0.09208523592085235,0.0639269406392694,0.04642313546423135,0.0289193302891933,0.00684931506849315,0.18613486854317193,vol:vol_normal
3,6.0,14400,1295,0.10501930501930502,-1.8585395485477476,-2.331349946606722,-2406.808715369333,49.70391981255131,-22.172341616376272,8.80685411480124,1.7079946954017864,717.0,0.8772200772200772,0.09266409266409266,0.07567567567567568,0.05791505791505792,0.03474903474903475,0.01776061776061776,0.25330705227574063,vol:vol_normal
3,6.0,86400,1260,0.027777777777777776,-1.5562620582958926,-2.3936216574687963,-1960.8901934528246,136.68257248755333,-22.172341616376272,27.60356093800455,1.7007138107474442,657.0,0.9698412698412698,0.024603174603174603,0.022222222222222223,0.020634920634920634,0.020634920634920634,0.020634920634920634,0.42748440196229714,vol:vol_normal
5,4.0,900,2800,0.1692857142857143,-1.4194339131666545,-2.1078651123882395,-3974.4149568666326,25.26605200857959,-22.172341616376272,2.384756152787146,1.5297724766705125,711.0,0.5428571428571428,0.09,0.053214285714285714,0.03785714285714286,0.02142857142857143,0.0064285714285714285,0.20927577368253245,vol:vol_normal
5,4.0,3600,2782,0.15815959741193386,-1.4711587207781205,-2.1745381190524515,-4092.763561204731,42.582281193909324,-22.172341616376272,4.537018239358874,1.5313277330153434,694.5,0.7487419122933142,0.11071171818835371,0.08231488138030194,0.06218547807332854,0.038820992092020126,0.015815959741193385,0.2937717433779322,vol:vol_normal
5,4.0,14400,2751,0.09960014540167211,-1.3818323268161914,-2.2337417826764785,-3801.4207310713427,74.30261054589711,-22.172341616376272,9.780872065339434,1.5327815628361323,665.0,0.8876772082878953,0.0916030534351145,0.07924391130498001,0.06579425663395129,0.04398400581606689,0.027262813522355506,0.4109496951550442,vol:vol_normal
5,4.0,86400,2675,0.022429906542056073,-1.6582811581195995,-2.2798681308948536,-4435.902097969929,136.68257248755333,-22.172341616376272,27.325200257257762,1.5313971367804216,631.0,0.9764485981308412,0.020186915887850466,0.018691588785046728,0.018317757009345795,0.01794392523364486,0.017570093457943924,0.35323097016630095,vol:vol_normal
5,6.0,900,814,0.13144963144963145,-1.804273698166788,-2.1419012241251196,-1468.6787903077654,13.626608276374636,-22.172341616376272,2.265321190577791,1.806423661061705,681.5,0.5528255528255528,0.07248157248157248,0.044226044226044224,0.029484029484029485,0.012285012285012284,0.004914004914004914,0.1299662247156776,vol:vol_normal
5,6.0,3600,809,0.1508034610630408,-1.875909778376892,-2.2914610991763706,-1517.6110107069057,27.866619060612333,-22.172341616376272,4.14932143071263,1.8087472486604237,665.0,0.7379480840543882,0.09147095179233622,0.0630407911001236,0.042027194066749075,0.024721878862793572,0.00865265760197775,0.19067846460226387,vol:vol_normal
5,6.0,14400,796,0.11180904522613065,-1.8171901834261759,-2.384707149889276,-1446.483386007236,51.909530466576086,-22.172341616376272,8.002175916048854,1.8147922502992426,633.5,0.8618090452261307,0.10050251256281408,0.08668341708542714,0.06658291457286432,0.04271356783919598,0.020100502512562814,0.285648686886363,vol:vol_normal
5,6.0,86400,770,0.024675324675324677,-1.9374023576873356,-2.4505744269789878,-1491.7998154192485,66.92661728900151,-22.172341616376272,24.488914925373145,1.8035815221487277,576.5,0.9714285714285714,0.02077922077922078,0.016883116883116882,0.015584415584415584,0.015584415584415584,0.015584415584415584,0.3138844756549159,vol:vol_normal
10,4.0,900,1653,0.20024198427102238,-1.2365368260942493,-2.101725420929036,-2043.995373533794,25.26605200857959,-20.080895035847952,2.6756214573980444,1.5187836183282526,782.0,0.5263157894736842,0.11433756805807622,0.07259528130671507,0.05565638233514821,0.027828191167574106,0.009074410163339383,0.2860348891736299,vol:vol_normal
10,4.0,3600,1643,0.17650639074863056,-1.2917867879756253,-2.160717313675209,-2122.4056926439525,43.2138408768955,-20.080895035847952,4.754899338423044,1.5192744423522482,773.0,0.7321972002434571,0.13268411442483263,0.10286062081558126,0.07912355447352404,0.04686548995739501,0.018867924528301886,0.3639267814342876,vol:vol_normal
10,4.0,14400,1626,0.11500615006150061,-1.258562364722229,-2.237200123484235,-2046.4224050383443,69.72568570215843,-20.080895035847952,9.860882751301501,1.5223405620662145,751.5,0.8690036900369004,0.10639606396063961,0.0928659286592866,0.07872078720787208,0.05412054120541206,0.033210332103321034,0.45066552171247354,vol:vol_normal
10,4.0,86400,1566,0.02554278416347382,-1.6680554279916218,-2.305756399149056,-2612.1748002348795,67.2527383793099,-20.080895035847952,27.636099023354177,1.5220295099528467,686.0,0.9725415070242657,0.02362707535121328,0.02234993614303959,0.0210727969348659,0.020434227330779056,0.019157088122605363,0.343759381240867,vol:vol_normal
10,6.0,900,432,0.2175925925925926,-1.410782115143521,-1.8204083741540917,-609.4578737420011,14.463386973087275,-20.080895035847952,2.7476019388910546,1.7273600298764191,876.0,0.5046296296296297,0.11805555555555555,0.08101851851851852,0.04861111111111111,0.018518518518518517,0.004629629629629629,0.24393632455322012,vol:vol_normal
10,6.0,3600,431,0.1740139211136891,-1.5900926312568437,-2.21531381566568,-685.3299240716997,16.30590177386925,-20.080895035847952,4.4785400906239765,1.7284825715949506,871.0,0.7215777262180975,0.12993039443155452,0.09976798143851508,0.07424593967517401,0.04640371229698376,0.01160092807424594,0.2836043557943806,vol:vol_normal
10,6.0,14400,425,0.1388235294117647,-1.3352879028085818,-2.3209221623568883,-567.4973586936472,39.59846638333635,-20.080895035847952,8.984575700624122,1.7384197167228854,839.0,0.84,0.13411764705882354,0.11294117647058824,0.09411764705882353,0.05411764705882353,0.03764705882352941,0.4552646204676939,vol:vol_normal
10,6.0,86400,407,0.03931203931203931,-1.2731817040215763,-2.409036531754217,-518.1849535367816,60.816340432587424,-20.080895035847952,23.506891443433947,1.7511099010524547,746.0,0.9533169533169533,0.036855036855036855,0.0343980343980344,0.03194103194103194,0.03194103194103194,0.03194103194103194,0.5339295793005935,vol:vol_normal
